input_text,label,Score,soru,cevap,raw_response,prediction,model,prompt_version
"Soru: Bir öğrencinin karakter gelişimi için hangi üç önemli alanın uyumlu bir şekilde geliştirilmesi gerekir?
Bağlam: Aksiyolojik olgunluk öğrenci profilinin hangi yönünü destekler? Aksiyolojik olgunluk, öğrenci profilinin birleştirici ve tamamlayıcı boyutu olarak Erdem-Değer-Eylem Çerçevesi’nin temelini oluşturur. Bu çerçeve, öğrencinin değer yargıları, ahlaki davranışları ve estetik duyarlılığı arasında bir denge kurmayı amaçlar ve öğrencinin karakter gelişimine odaklanır. 1 eğitim https://tymm.meb.gov.tr Zamansal Bütünlük: Geçmişten Geleceğe Eğitim
Hayatın her aşamasında devam eden eğitimin geçmişten geleceğe uzanan bir süreç olarak ele alınması
gerektiğini vurgulayan zamansal bütünlük, öğrencinin bireysel geçmişi ile sınırlı olmayan bir kavramdır.
Toplumun bir ferdi olarak öğrenci, içinde büyüdüğü toplumla ortak bir geçmişe sahiptir. Eğitim sürecinin bir
parçasını da içinde yaşanan toplumun sahip olduğu tarihsel tecrübe oluşturur. Bu tecrübeyi sürece dâhil
etmek; milletçe sahip olunan ortak bilinç, kültür ve değerlerin öğrenciye kazandırılmasıyla mümkündür.
Edinilen bilgi ve tecrübeler, hem toplumun hem de öğrencinin başarısına zemin hazırlar. Bu nedenle
Model’de öğrenci profili oluşturulurken akademik gelişimin yanı sıra birey ve toplum çerçevesinde başarı,
deneyim ve öğrenme süreçleri dikkate alınmıştır.
Aksiyolojik Olgunluk: Ahlaki Bilinç ve Estetik Bakış Açısı
Aksiyolojik olgunluk, etiğin ve estetik değer yargılarının olgunlaşmasını ifade etmektedir. Bu bağlamda
öğrencinin değerleri ve ahlaki ilkeleri anlayıp değerlendirmesini; bunlara uygun davranma becerisiyle
çevresini algılamada, düşüncelerini hayata geçirmede ve üretmede estetik duyarlılığa sahip olmasını
kapsamaktadır. Bu sayede öğrencinin ahlaki bir bilinç geliştirmesi, güzellik anlayışını ve edindiği değerleri
eylemlerine yansıtması amaçlanmaktadır.
Aksiyolojik olgunluk, öğrenci profilinin birleştirici ve tamamlayıcı boyutu olarak Erdem-Değer-Eylem
Çerçevesi’nin temelini oluşturmaktadır. Bir öğrenci profili oluştururken ontolojik, epistemolojik, zamansal
bütünlük ve aksiyolojik olgunluğu göz önünde bulundurmak; onların nasıl geliştiklerini ve topluma hangi
yönlerden katkıda bulunduklarını da anlamamıza yardımcı olur.
Her öğrencinin Türk Millî Eğitimi’nin amaçlarına ulaşabilecek potansiyeli bulunmaktadır. Bu potansiyelin
ortaya çıkmasını ve uygulamaya dönük hâle gelmesini sağlamada bütüncül eğitim anlayışı önemli katkılar
sunmaktadır. Bu nedenle öğrenci profilleri oluşturulurken insanın bütüncül gelişim alanları göz önünde
bulundurulmuş ve çok yönlü gelişimi amaçlanmıştır.
Cevap: Bir öğrencinin karakter gelişimini desteklemek için **değer yargıları, ahlaki davranışlar ve estetik duyarlılık** üç önemli alanın uyumlu bir şekilde geliştirilmesi gerekir. 'Erdem-Değer-Eylem Çerçevesi' bu üç alanı bir araya getirerek, öğrencinin değer yargılarını anlamasını, etik davranışlar sergilemesini ve çevresini estetik bir bakış açısıyla algılamasını hedefler. Bu çerçeve, öğrencinin karakter gelişimini dengeli ve bütüncül bir şekilde ele almayı amaçlar.",1,9,Bir öğrencinin karakter gelişimi için hangi üç önemli alanın uyumlu bir şekilde geliştirilmesi gerekir?,"Bir öğrencinin karakter gelişimini desteklemek için **değer yargıları, ahlaki davranışlar ve estetik duyarlılık** üç önemli alanın uyumlu bir şekilde geliştirilmesi gerekir. 'Erdem-Değer-Eylem Çerçevesi' bu üç alanı bir araya getirerek, öğrencinin değer yargılarını anlamasını, etik davranışlar sergilemesini ve çevresini estetik bir bakış açısıyla algılamasını hedefler. Bu çerçeve, öğrencinin karakter gelişimini dengeli ve bütüncül bir şekilde ele almayı amaçlar.",1,1,Qwen2.5-1.5B-Instruct,v3
"Soru: Bu profil özellikleri, bir öğrencinin sadece okul hayatını mı etkiler, yoksa tüm yaşamında da rol oynar mı?
Bağlam: Öğrenci profilini oluşturan iki bütünlük alanı, on profil özelliğine ayrılmıştır. Bu profil özellikleri ve bunları
oluşturan bileşenler aşağıda verilmiştir.
Ahlaklı
a) Adil: Herkesin eşit haklara sahip olduğuna inanır ve adaleti benimser.
b) Başkalarının haklarına saygı duyan: Dürüstlük, adalet ve empati gibi ahlaki değerleri hayatının bir
parçası hâline getirerek başkalarının hak ve mahremiyetlerine saygı gösterir.
c) Tabiata ve toplumsal sorunlara duyarlı: Tabiata ve toplumsal sorunlara karşı duyarlıdır, toplumun
daha adil ve eşit bir düzene sahip olması için çalışır.
ç) Güvenilir: Verdiği sözleri tutar, başkaları tarafından güvenilir biri olarak kabul edilir.
d) Saygılı: İnsanlara, diğer canlılara, çevreye, farklı inançlara, başkalarının haklarına, üzerinde emeği
olanlara saygı gösterir ve onları gözetir.
e) Doğru: Akla, mantığa, gerçeğe veya kurala uygun davranır; yasa, yöntem ve ahlaka bağlı, dürüst ve
namusludur.
f) Dürüst: Sözünde ve davranışlarında doğruluktan ayrılmaz, kendisine güven duyulur, yalan söylemekten
kaçınır.
Bilge
a) Bağımsız ve özgür düşünen: Kendi düşünce süreçlerini geliştirir, farklı görüşleri eleştirip analiz eder,
düşünce ve inançlarını özgürce ifade etme becerisi kazanırken kendi değer ve inançlarıyla uyumlu
bir şekilde düşünerek karar vermeyi öğrenir, başkalarının haklarına saygı duyar ve bağımsız düşünme
becerilerini kullanır.
b) Belagat sahibi: Dilin inceliklerini, söz sanatlarını ve iletişim becerilerini başarılı bir şekilde kullanır.
c) Bilgilerini paylaşan: Bilgi ve deneyimlerini aktarır, iletişim yoluyla bilgi alıverişine katkı sağlar.
ç) İlme ulaşan: Dünyayı anlama ve anlamlandırma için bilgiye ulaşmaya istekli bir şekilde ilerler.
d) Estetik duyarlılık sahibi: Çevresindeki sanat eserleri ve kültürel değerler konusunda bilinçli ve
duyarlıdır.
Cesaretli
a) Yiğit ve mert: Korkularına rağmen cesur davranır, yolundan dönmez ve zorluklarla yüzleşmekten
çekinmez.
b) Risk alan: Yeni deneyim ve fırsatlara cesaretle yaklaşır, risk almaktan çekinmez.
c) İnisiyatif alan: Kendi başına hareket etme yeteneğine sahiptir, fikir üretebilir. İşlerin başlatılması ve
yönlendirilmesi konusunda liderlik yapar.
ç) Öfkesini kontrol eden: Duygusal zekâsı sayesinde olumsuz duygularını başkalarına zarar vermeden
yönetir ve çatışmaları yapıcı bir şekilde çözer.
d) Destekleyici: İnsanlara destek sağlamada duyarlıdır, yardım etmek için çaba gösterir.
e) Girişimci: Gerekli durumlarda ilk adımı cesurca atan bir kişilik
Cevap: Bu profil özellikleri, sadece okul hayatını değil, aynı zamanda bir öğrencinin tüm yaşamında rol oynar. Etik değerlere sahip olmak, sorumluluk bilinciyle hareket etmek, bilgiye ulaşmak, iletişim kurmak, yaratıcı olmak ve sorunları çözmek gibi beceriler, bir bireyin toplumda başarılı olmasını, sağlıklı ilişkiler kurmasını ve mutlu bir yaşam sürmesini sağlar.",1,9,"Bu profil özellikleri, bir öğrencinin sadece okul hayatını mı etkiler, yoksa tüm yaşamında da rol oynar mı?","Bu profil özellikleri, sadece okul hayatını değil, aynı zamanda bir öğrencinin tüm yaşamında rol oynar. Etik değerlere sahip olmak, sorumluluk bilinciyle hareket etmek, bilgiye ulaşmak, iletişim kurmak, yaratıcı olmak ve sorunları çözmek gibi beceriler, bir bireyin toplumda başarılı olmasını, sağlıklı ilişkiler kurmasını ve mutlu bir yaşam sürmesini sağlar.",1,1,Qwen2.5-1.5B-Instruct,v3
"Soru: TYT sınavında hangi bölümlerde en fazla soru bulunur?
Bağlam: TYT (Temel Yeterlilik Testi), Türkiye'deki üniversiteye giriş sınav sisteminin ilk aşaması olup, öğrencilerin temel bilgi ve becerilerini ölçmek amacıyla düzenlenir. TYT, öğrencilerin ortaöğretim boyunca edindikleri bilgileri ne kadar iyi özümsediklerini ve uygulayabildiklerini değerlendirir. Sınav, dört ana bölümden oluşur: Türkçe, Temel Matematik, Fen Bilimleri (Fizik, Kimya, Biyoloji) ve Sosyal Bilimler (Tarih, Coğrafya, Felsefe, Din Kültürü ve Ahlak Bilgisi). Bu bölümler, öğrencilerin temel eğitim boyunca kazandığı bilgi ve becerilerin ölçüldüğü alanları kapsar.

Türkçe Bölümü, öğrencilerin dil bilgisi, anlama ve yorumlama yeteneklerini değerlendirir. Türkçe soruları, öğrencilerin okuduğunu anlama, dil bilgisi kurallarını uygulama ve cümle yapılarını doğru bir şekilde yorumlama becerilerini ölçer. Bu bölümdeki sorular, dilin temel kurallarına hakim olmayı ve bu kuralları günlük yaşamda nasıl kullanabileceğini anlamayı gerektirir.

Temel Matematik Bölümü ise öğrencilerin sayısal düşünme, problem çözme ve analitik düşünme becerilerini ölçer. Bu bölümde yer alan sorular, matematiksel kavramları anlamayı, mantıksal akıl yürütme yapmayı ve problemlere matematiksel yaklaşımlar geliştirmeyi gerektirir. Temel Matematik soruları, öğrencilerin sayılarla olan ilişkisini, denklemleri çözme yeteneğini ve geometrik kavramları nasıl uyguladığını test eder.

Fen Bilimleri Bölümü; Fizik, Kimya ve Biyoloji olmak üzere üç ana bilim dalını kapsar. Fizik soruları, temel fizik prensiplerine dayalı olarak öğrencilerin mekanik, enerji, elektrik ve manyetizma gibi konularda bilgi ve kavrayışlarını ölçer. Kimya soruları ise öğrencilerin madde, atom yapısı, periyodik tablo, kimyasal tepkimeler ve çözünürlük gibi temel kimya kavramlarına hakimiyetini test eder. Biyoloji soruları, canlıların yapısı, hücreler, genetik, ekosistemler ve insan vücudu gibi konularda öğrencilerin bilgi düzeyini ve bu bilgileri yorumlama becerisini ölçer.

Sosyal Bilimler Bölümü, Tarih, Coğrafya, Felsefe ve Din Kültürü ve Ahlak Bilgisi derslerini içerir. Tarih soruları, Türkiye ve dünya tarihindeki önemli olayları, kişileri ve süreçleri anlamayı ve yorumlamayı gerektirir. Coğrafya soruları, dünya üzerindeki fiziksel ve beşeri coğrafya konularını, doğal kaynakları, iklimleri ve bölgesel farklılıkları ele alır. Felsefe soruları, temel felsefi akımları, filozofların düşüncelerini ve felsefenin temel sorunlarını anlamayı amaçlar. Din Kültürü ve Ahlak Bilgisi soruları ise İslam dininin temel öğretiler
Cevap: TYT sınavında Türkçe ve Temel Matematik bölümlerinde en fazla soru bulunur.",1,9,TYT sınavında hangi bölümlerde en fazla soru bulunur?,TYT sınavında Türkçe ve Temel Matematik bölümlerinde en fazla soru bulunur.,1,1,Qwen2.5-1.5B-Instruct,v3
"Soru: Sistemler dünya görüşü eğitim sisteminin sürekliliğini nasıl vurgular?
Bağlam: Türkiye'de eğitim sistemi
Tarihçe
Tarih boyunca Türkiye'de kurumsal eğitimin dışında toplumsal eğitimi gerçekleştiren kurumlar ve yapılar da bulunmuştur ve günümüzde de halen bulunmaktadır. Alevi ocakları, cemaat medreseleri, köy birlikleri, dini bayramlar ve kültürel şenlikler Anadolu'da farklı eğitsel ihtiyaçları karşılamaktadırlar. Toplumsal eğitim, kurumsal eğitim kadar Türkiye Cumhuriyeti'nin kültürünün ve kimliğinin parçasıdır.
Eğitim ve öğretim hizmetlerinin devlet eliyle yürütülmesi düşüncesi ilk kez II. Mahmut döneminde gündeme gelmiştir. Bu döneme kadar vakıflar tarafından yürütülmüş olan eğitim ve öğretim hizmetleri, 17 Mart 1857 tarihinde Maarif-i Umumiye Nezareti uhdesine verilmiştir. Böylelikle eğitim ve öğretim hizmetlerinden sorumlu bir nazır (bakan) meclis-i vükela içinde yer almıştır. Nezaretin kuruluşuyla okullar sıbyan, rüştiye ve mekâtib-i fünun-i mütenevvia olarak üç dereceye ayrılmıştır.
Eğitim sistemimize ilişkin ilk yasal düzenleme 1869 yılında çıkarılan Maarif-i Umumiye Nizamnamesidir (Genel Eğitim Tüzüğü). Bu tüzük ile eğitim hakkı, eğitim yönetimi, eğitim sisteminin belirlenmesi, eğitim ödenekleri, öğretmen yetiştirme ve istihdamı, taşra teşkilatı ve sınav sistemleri gibi hususlar düzenlenmiştir.
1923 yılında İstanbul'da bulunan Maarif Nezareti kaldırılmıştır.[4]
Eğitim alanındaki reformlar
İstanbul Üniversitesi Türkiye'deki en eski üniversitedir.
2 Mart 1926'da kabul edilen, ""Maarif Teşkilatı Hakkında Kanun"" bugünkü eğitim hizmetlerinin temelini oluşturur.
Cumhuriyetle beraber eğitim anlayışı bilimin diğer alanlarında olduğu gibi sistemler dünya görüşüne bağlı olarak algılanmaktadır. Sistemler dünya görüşü ile eğitime bakmamızda bize olguları anlamamızda donuk bir izlenimden daha çok dinamik ve sorgusal yaklaşım sağlaması yatmaktadır. Eğitim süreklilik içeren bir olgudur. Bir örnekle açıklayacak olursak sistemler eğitim modelini oluştururken ezberci eğitimi eğitim sisteminden çıkaracağız yaklaşımını bütün eğitsel olgulara uygulamak yerine; hangi eğitim metotlarının, hangi koşullarda yararlı olmadığını tanımlanması ve tanımlanan koşullarda ne yaparak eğitimin genel amaçlarına doğru uygulamamızın verimli hizmet etmesini sağlayabiliriz sorularını sorar. Üniversite seçme sınavlarında eğitim katsayılarının belirlenmesi bu yaklaşımın bir ürünüdür. Genelde bireylerde eşitsizlik yaratıyor izlenimi verse de bu katsayılar doğru belirlendiğinde hem sistemin, hem de istemin içinde yer alan bireylerin başarılarına katkıda bulunmakt
Cevap: Sistemler dünya görüşü, eğitimin statik bir olgu olmadığını, sürekli bir değişim ve gelişim içinde olduğunu vurgular. Bu yaklaşım, eğitim sisteminin güncel ihtiyaçlara ve değişen koşullara göre sürekli olarak değerlendirilmesini ve geliştirilmesini savunur.",0,8,Sistemler dünya görüşü eğitim sisteminin sürekliliğini nasıl vurgular?,"Sistemler dünya görüşü, eğitimin statik bir olgu olmadığını, sürekli bir değişim ve gelişim içinde olduğunu vurgular. Bu yaklaşım, eğitim sisteminin güncel ihtiyaçlara ve değişen koşullara göre sürekli olarak değerlendirilmesini ve geliştirilmesini savunur.",1,1,Qwen2.5-1.5B-Instruct,v3
"Soru: Kıbrıs meselesinin Türkiye ile ABD ilişkilerini nasıl etkilediğini açıklayınız.
Bağlam: II. Dünya Savaşı ve sonrasındaki dönem, dünya tarihinin en çalkantılı ve önemli dönemlerinden biridir. Bu süreçte, küresel güç dengeleri değişmiş, milyonlarca insan hayatını kaybetmiş, birçok ülke yıkıma uğramış ve yeni bir dünya düzeni kurulmuştur. Türkiye, II. Dünya Savaşı sırasında tarafsız kalmayı başarmış, ancak savaşın etkilerini yakından hissetmiş ve savaş sonrası dönemde Soğuk Savaş'ın ortasında stratejik bir konuma sahip olmuştur.

II. Dünya Savaşı’nın Sebepleri ve Gelişimi
II. Dünya Savaşı, 1939-1945 yılları arasında dünya genelinde büyük yıkımlara yol açan ve birçok ülkenin katıldığı küresel bir çatışmadır. Savaşın ana sebepleri arasında I. Dünya Savaşı’nın ardından imzalanan Versailles Antlaşması’nın Almanya üzerinde yarattığı hoşnutsuzluk, İtalya ve Japonya’nın yayılmacı politikaları ve dünya ekonomisindeki büyük buhran nedeniyle artan milliyetçilik ve militarizm sayılabilir.

Nazi Almanyası’nın lideri Adolf Hitler, Versailles Antlaşması’nın Almanya’ya yüklediği ağır şartları reddederek, ülkesinin askeri gücünü yeniden inşa etmeye ve Avrupa’da yeni bir düzen kurmaya yöneldi. 1938’de Avusturya’nın Almanya tarafından ilhak edilmesi ve Çekoslovakya’nın Südet bölgesinin işgali, Avrupa’daki gerilimi artırdı. 1 Eylül 1939’da Almanya’nın Polonya’yı işgali, II. Dünya Savaşı’nın başlamasına neden oldu. Almanya’nın bu saldırısı, Britanya ve Fransa’nın Almanya’ya savaş ilan etmesiyle sonuçlandı.

Savaş, Avrupa, Asya, Afrika ve Pasifik gibi birçok cephede şiddetli çatışmalarla devam etti. Almanya, İtalya ve Japonya’nın oluşturduğu Mihver Devletleri, Müttefik Devletler (Britanya, Fransa, Sovyetler Birliği, Amerika Birleşik Devletleri ve Çin) ile karşı karşıya geldi. Savaşın önemli dönüm noktaları arasında 1941’de Almanya’nın Sovyetler Birliği’ni işgale başlaması (Barbarossa Harekatı), 1941’de Japonya’nın Pearl Harbor’a saldırması ve ABD’nin savaşa girmesi, 1944’te Normandiya Çıkarması ve 1945’te Almanya’nın teslim olması yer alır. Savaş, Japonya’ya atılan atom bombalarıyla (Hiroşima ve Nagazaki) son buldu ve Japonya’nın teslim olmasıyla sona erdi.

Savaşın Türkiye’ye Etkileri
Türkiye, II. Dünya Savaşı boyunca tarafsız kalmaya özen göstermiştir. Ancak, savaşın Türkiye üzerindeki ekonomik, sosyal ve siyasi etkileri derin olmuştur. Türkiye, savaşa doğrudan katılmasa da, sınırlarında artan tehditler ve baskılar nedeniyle askeri harcamalarını artırmak zorunda kalmıştır.

Savaşın ilk yıllarında Türkiye, hem Mihver Devletler hem de Müttefik Devletler 
Cevap: Kıbrıs meselesi, Türkiye ile ABD ilişkilerinde gerginliğe yol açmıştır. 1974 yılında Kıbrıs'ta yaşanan çatışmalar, Türkiye'nin Kıbrıs'a müdahalesine yol açmış, bu durum ABD ile Türkiye arasındaki ilişkileri bozmuştur. Kıbrıs meselesi, Türkiye'nin Batı Bloku içindeki pozisyonunu etkilemiş, Türkiye'nin Batı ile olan ilişkilerinde bazı zorluklar yaratmıştır.",0,8,Kıbrıs meselesinin Türkiye ile ABD ilişkilerini nasıl etkilediğini açıklayınız.,"Kıbrıs meselesi, Türkiye ile ABD ilişkilerinde gerginliğe yol açmıştır. 1974 yılında Kıbrıs'ta yaşanan çatışmalar, Türkiye'nin Kıbrıs'a müdahalesine yol açmış, bu durum ABD ile Türkiye arasındaki ilişkileri bozmuştur. Kıbrıs meselesi, Türkiye'nin Batı Bloku içindeki pozisyonunu etkilemiş, Türkiye'nin Batı ile olan ilişkilerinde bazı zorluklar yaratmıştır.",0,0,Qwen2.5-1.5B-Instruct,v3
"Soru: Çocukların sınav döneminde kendilerini daha iyi hissetmeleri için ebeveynler neler yapabilir?
Bağlam: Ebeveynlerin Sınav Döneminde Rolü ve Genel Stratejiler
Sınav dönemleri, öğrenciler için büyük bir baskı ve stres kaynağı olabilir. Bu süreçte ebeveynlerin oynadığı rol, çocuklarının başarılı olmasında kritik bir öneme sahiptir. Ebeveynlerin sınav döneminde çocuklarına sunabilecekleri en büyük destek, onlara anlayış ve sabırla yaklaşmaktır. Çocukların sınav hazırlığı sırasında karşılaştıkları zorlukları anlamak ve onlara destek olmak, sınav stresini azaltır ve onların daha odaklanmış bir şekilde çalışmasını sağlar. Ebeveynlerin, çocuklarının sınav sürecine ne kadar hazır olduklarını anlamaları ve bu hazırlığı destekleyici adımlar atmaları önemlidir. Bu, çocukların moralini yüksek tutmak için kritik bir adımdır. Çocukların kendilerini baskı altında hissetmemeleri için onlara güven vermek, sınavlardaki başarılarını olumlu yönde etkileyebilir.
Ebeveynler, çocuklarının çalışma programlarına saygı göstermeli ve onların çalışmaları için gerekli olan zamanı ve alanı sağlamalıdır. Bu dönemde, aile içindeki diğer aktivitelerin çocukların çalışma düzenini bozmayacak şekilde planlanması gerekir. Ayrıca, çocukların sınav döneminde düzenli bir uyku ve beslenme düzenine sahip olmaları sağlanmalıdır. Dengeli bir yaşam tarzı, çocukların zihinsel ve fiziksel olarak en iyi durumda olmalarını sağlar ve sınavlarda daha iyi performans göstermelerine yardımcı olur. Çocukların sınav döneminde sağlıklı alışkanlıklar edinmesi, onların stresle daha iyi başa çıkmalarına yardımcı olabilir. Ebeveynlerin bu süreçte çocuklarına duygusal destek sağlaması, onların kendilerini daha güvende hissetmelerini sağlar. Ebeveynlerin çocuklarıyla açık bir iletişim kurması, onların sınav stresini daha iyi yönetmelerine yardımcı olur. Sonuç olarak, sınav döneminde ebeveynlerin çocuklarına göstereceği anlayış, sabır ve destek, onların bu süreci daha rahat ve başarılı bir şekilde geçirmelerini sağlayabilir.
Cevap: Ebeveynler, çocuklarına yaptıkları çalışmaları takdir ederek, çabalarını görerek ve onların yeteneklerine güvendiklerini göstererek güven verebilirler. Ayrıca, çocukların başarısızlık korkusunu en aza indirmeye çalışabilir ve sınavların sadece bir ölçüt olduğunu hatırlatabilirler.",0,8,Çocukların sınav döneminde kendilerini daha iyi hissetmeleri için ebeveynler neler yapabilir?,"Ebeveynler, çocuklarına yaptıkları çalışmaları takdir ederek, çabalarını görerek ve onların yeteneklerine güvendiklerini göstererek güven verebilirler. Ayrıca, çocukların başarısızlık korkusunu en aza indirmeye çalışabilir ve sınavların sadece bir ölçüt olduğunu hatırlatabilirler.",0,0,Qwen2.5-1.5B-Instruct,v3
"Soru: Yaşantı temelli öğrenme yaklaşımı, öğrenmeyi nasıl tanımlar?
Bağlam: Programın uygulanmasında temel alınan anlayışın öğrenme süreçlerine yansıtılmasında bazı temel
öğrenme yaklaşımları dayanak olarak kabul edilmiştir. Seçilen yaklaşımların her biri, öğrenci özerkliğini
vurgulamakta, öğretmen rolünü rehber olarak tanımlamakta ve öğrenci merkezli bir bakış açısıyla bilgi,
beceri, eğilim ve değerler ekseninde anlamlı öğrenmelere ulaşılmasını desteklemektedir. Bu açıdan
benzer anlayışı paylaşan, birbirini destekleyen ve güçlendiren yaklaşımlar seçilmiştir. Bununla birlikte
dersin niteliğine, öğrenme çevresinin özelliğine göre bu yaklaşımlardan başka farklı yaklaşımlar da
kullanılabilir. Bütüncül program anlayışı ve programın öğrenmeye yönelik temel aldığı varsayımlar ile
uyumlu olarak seçilen öğrenme yaklaşımları; farklı disiplinler ve ağırlıklarda ele alınabilir, bu yaklaşımları
besleyen öğretim yöntem ve teknikleri ile birlikte kullanılabilir. Temel alınan yaklaşımlar; yaşantı temelli,
proje temelli, bağlam temelli, sorgulamaya dayalı ve iş birlikli öğrenme olarak belirlenmiştir.
Yaşantı temelli öğrenme,  öğrenmeyi deneyimlerle şekillenen bir süreç olarak görür. Yaşantı temelli
öğrenme sürecinde bilgi; değiştirilir, dönüştürülür ve deneyimlerle bağlantılı olarak yeniden yapılandırılır.
Bu süreç; bilgi, beceri ve deneyimlerden bütüncül olarak yararlanılmasını gerektirdiği için programın
uygulanmasına temel olan yaklaşımlardan biri olarak görülür. Öğrenme, döngüsel bir süreç içinde
deneyimlerin kavramsallaştırılması ve dönüştürülmesi yoluyla gerçekleşir. Öğrenci, bu döngünün
kendisine uygun aşamasından başlayarak öğrenme sürecini istediği adımlar üzerinde yapılandırabilir.
Yaşantı temelli öğrenmenin öğrenci deneyimlerini merkeze alan ve öğrencilere uygun öğrenme yolları
sunan yapısı, programın uygulanmasına güçlü bir katkı sağlar.
Bağlam temelli öğrenme,  bilginin anlamlı ve gerçek yaşam durumlarını içeren bir yapı etrafında
öğrenilmesini sağlamak üzere geliştirilmiş bir yaklaşımdır. Öğrenme sürecinde öğrencilerin ilgi ve
deneyimleriyle ilişkili olarak ortaya konan bir senaryo ya da örnek olay, öğrencinin bilgiyi yapılandırması
için bir arayüz olarak kullanılır. Yaklaşımda, öğrenilenler öğrencilerin kendi deneyimlerinin gerçekliğiyle
bağlantılıdır ve bu durum, öğrenmenin öğrencinin doğrudan içinde yer aldığı bir süreçte gerçekleşmesini
sağlar. Öğrenciler sunulan bağlamlar içinde düşünür, tartışır, sonuç çıkarır ve ulaştıkları sonuçları
değerlendirir. Gerçek yaşam deneyimlerinin çok katmanlı ve sorun teme
Cevap: Yaşantı temelli öğrenme yaklaşımı, öğrenmeyi deneyimlerle şekillenen bir süreç olarak tanımlar. Bu yaklaşımda, öğrenciler bilgiyi teorik olarak öğrenmekle kalmaz, aynı zamanda kendi deneyimleriyle bağlantı kurarak öğrenirler. Bu, bilgiyi daha anlamlı hale getirir ve öğrencilerin bilgilerini daha iyi hatırlamalarını ve uygulamamalarını sağlar.",0,8,"Yaşantı temelli öğrenme yaklaşımı, öğrenmeyi nasıl tanımlar?","Yaşantı temelli öğrenme yaklaşımı, öğrenmeyi deneyimlerle şekillenen bir süreç olarak tanımlar. Bu yaklaşımda, öğrenciler bilgiyi teorik olarak öğrenmekle kalmaz, aynı zamanda kendi deneyimleriyle bağlantı kurarak öğrenirler. Bu, bilgiyi daha anlamlı hale getirir ve öğrencilerin bilgilerini daha iyi hatırlamalarını ve uygulamamalarını sağlar.",1,1,Qwen2.5-1.5B-Instruct,v3
"Soru: Atmosferin farklı katmanlarını sıralayın ve her bir katmanın temel özelliğini açıklayın.
Bağlam: Atmosfer ve Atmosferin Etkileri
Diğer gezegenlerden farklı olarak Dünya’mızın etrafı canlıların yaşamasını sağlayan çeşitli gazlardan
oluşan hava kütlesi ile sarılmıştır. Bu hava kütlesi atmosfer, içinde meydana gelen olaylar ise atmosfer
olayları (hava olayları) olarak adlandırılmaktadır.

Atmosferin tamamına yakınını gazlar oluşturur. Yeryüzünden atmosfere geçen tozlar ve mikroorganizmaların miktarı, atmosferin geneline oranla yok denecek kadar azdır. Atmosfer, birbirinden farklı yapıda gazların bir araya gelmesiyle oluşmuştur. Atmosferde her zaman bulunan ve oranı değişmeyen gazlar; azot, oksijen ve asal gazlardır (argon, kripton, hidrojen, ksenon, neon, helyum vb.). Bu gazlar, yaşamın devamı ve çeşitli hava olaylarının gerçekleşebilmesi için belirli oranda atmosferde bulunmaktadır.

Atmosferde her zaman bulunan ve oranı değişen gazlar; su buharı ve karbondioksittir. Atmosferde çok az bulunan su buharının oranı yere ve zamana göre değişir. Örneğin Ekvator’a yakın nemli yerlerde su buharının oranı fazla (%2-3), kutuplara yakın soğuk yerlerde ise su buharının oranı azdır (%0,25).Güneş ışınlarını emme ve saklama özelliği olan bu gazların atmosferdeki miktarında meydana gelen değişmeler hava sıcaklığını etkilemektedir. Özellikle son yüzyılda sanayileşmenin hızlanmasına bağlı olarak artış gösteren karbondioksit, iklimler üzerinde olumsuz etkiler yaşanmasına neden olmuştur.

Ozon gazı yeryüzüne yakın yerlerde çok azdır. Güneş ışınlarının etkisiyle öğleye doğru miktarı artmaya başlar. Ozon gazı, atmosferin üst kısımlarında morötesi (ultraviyole) ışınlarını emerek yeryüzüne ulaşmasını engeller. Atmosferde irili ufaklı toz tanecikleri bulunur. Tozlar, rüzgârların etkisiyle atmosfere karışır ve yağışın oluşmasında önemli bir rol oynar. Su buharı toz taneciklerine tutunarak yağmura, kara ve buz kristallerine dönüşür.

Yer çekiminin etkisiyle uzaya dağılamayan gazlar Dünya’nın çevresini sarmıştır. Bununla birlikte, sıcaklığın Ekvator’dan kutuplara doğru azalması ve günlük hareketin etkisiyle atmosferin şekli Dünya’nın şekline benzemiştir. Atmosfer yaklaşık 10.000 km’lik bir kalınlığa sahiptir. Ancak gazların büyük bir kısmı (%97), yer çekiminin etkisiyle yeryüzüne yakındır.

Atmosferde yüksekliğe bağlı olarak sıcaklık değişimi düzenli değildir. Atmosferin en alt katmanı olan troposferde yerden yükseldikçe sıcaklık düşer. Troposferin üst kısmında – 40 °C’a düşen sıcaklık, stratosfer katmanının üst sınırında 0 °C’a yükselir. Mezosferde – 80 °C’a düşen sı
Cevap: Atmosferin ana katmanları şunlardır:

* **Troposfer:** Dünya'nın yüzeyinden yaklaşık 10-15 km yüksekliğe kadar uzanır ve hava olaylarının meydana geldiği tabakadır. Sıcaklık, yüksekliğe göre düşer. 
* **Stratosfer:** Troposferin üstünde yer alır ve ozon tabakası bu katmanda bulunur. Sıcaklık, yüksekliğe göre artar. 
* **Mezosfer:** Stratosferin üstünde yer alır ve meteorların yandığı tabakadır. Sıcaklık, yüksekliğe göre düşer. 
* **Termosfer:** Mezosferin üstünde yer alır ve sıcaklık, yüksekliğe göre artar.  
* **Ekzosfer:** Termosferin üstünde yer alır ve atmosferin en dış tabakasıdır. Atmosferin uzayla karıştığı bölgedir.",1,9,Atmosferin farklı katmanlarını sıralayın ve her bir katmanın temel özelliğini açıklayın.,"Atmosferin ana katmanları şunlardır:

* **Troposfer:** Dünya'nın yüzeyinden yaklaşık 10-15 km yüksekliğe kadar uzanır ve hava olaylarının meydana geldiği tabakadır. Sıcaklık, yüksekliğe göre düşer. 
* **Stratosfer:** Troposferin üstünde yer alır ve ozon tabakası bu katmanda bulunur. Sıcaklık, yüksekliğe göre artar. 
* **Mezosfer:** Stratosferin üstünde yer alır ve meteorların yandığı tabakadır. Sıcaklık, yüksekliğe göre düşer. 
* **Termosfer:** Mezosferin üstünde yer alır ve sıcaklık, yüksekliğe göre artar.  
* **Ekzosfer:** Termosferin üstünde yer alır ve atmosferin en dış tabakasıdır. Atmosferin uzayla karıştığı bölgedir.",1,1,Qwen2.5-1.5B-Instruct,v3
"Soru: Bir ülkenin teknolojik yarışta başarılı olması için hangi alanda iyi yetişmiş insan gücüne ihtiyaç duyulur?
Bağlam: ÖĞRETİM PROGRAMLARI VE TARİHSEL SÜREÇ
Modernleşme Dönemi (1960-1984)Türkiye’de 1960’lara kadar takip edilen öğretim programlarını geliştirme süreci ana hatlarıyla şu aşamaları içermektedir: 1.Talim ve Terbiye Kurulu Başkanlığı tarafından okul programlarının amaçları genel ifadelerşeklinde belirlenir.2.Belirlenen amaçlar doğrultusunda bireylere anlatılacak konuların listesi Tebliğler Dergisinde yayınlanır. 3.Belirlenen amaç ve konular Tebliğler Dergisinde yayınlandıktan sonra resmiyet kazanarak yürürlüğe girer. 4.Belirlenen amaçlara ve konulara uygun ders kitapları hazırlanır. 5.Hazırlanan  bu  kitaplardan  biri  ders  kitabı  olarak  seçildikten  sonra  program geliştirme süreci tamamlanmış olur (Ünal, Coştu, & Karataş, 2004).Bu dönemde program geliştirme çalışmaları özellikle 1953 yılından itibaren gelişmiş ülkelerdeki teknolojik yarış Fen ve Matematik alanında iyi yetişmiş insan gücü ihtiyacını ortaya çıkarmıştır. Bunun sonucu olarak Türkiye’de ortaöğretim fen bilimler öğretiminde iyileştirme çalışmaları başlatılmıştır. Bu alandaki çalışmalar Millî Eğitim Bakanlığı ve Ford Vakfı arasında yapılan anlaşma ile Fen Lisesi projesi başlatılmış ve 1963-1964 eğitim öğretim yılında Ankara Fen Lisesinin kuruluşu ile hız kazanmıştır (Gezer, Köse, Durkan, & Uşak, 2003). Bir deneme ve uygulama lisesi olarak kurulan Ankara Fen Lisesinde özellikle ABD’de uygulanan modern programlar  tercüme  edilerek  okutulmuştur.  Bu  pilot  çalışmadan  sonra  diğer  liselere  de yaygınlaştırılmaya çalışılmıştır. Fakat bütün liselere yaygınlaştırılamadığı için klasik-modern karmaşıklığı  meydana  gelmiş  ve  bütünlük  sağlanamadığından  istenilen  verim  elde edilememiştir. 1984 yılında ise uygulamadan tamamen kaldırılmıştır(Gezer, Köse, Durkan, & Uşak, 2003).1967 yılının başlarında fen programlarının modernleştirilmesi çalışmalarını yürütmek amacıyla  “Fen  Öğretimini  Geliştirme  Bilimsel  Komisyonu”  kurulmuştur.  Bu  komisyonun önerileri doğrultusunda, TÜBİTAK iş birliği ve Ford vakfının malî desteği ile yürütülen fen öğretimini geliştirme çabaları BAYG-E-7 projesi ile genişletilmek istenmiştir. Batı dünyasında uygulanan  modern  fen  programlarına  benzer  şekilde  fen  lisesinin  iki  sınıfında  uygulanıp 
geliştirilen programlar 1966-1967 eğitim öğretim yılında 9 okulda uygulanmaya başlanmıştır. Bu  okullarda  yürütülen  eğitim  öğretim  faaliyetleri  Fen  Öğretimini  Geliştirme  Bilimsel Komisyonu  ve  TÜBİTAK  işbirliğiyle  değerlendirilip  Türkiye  genelinde  yaygınlaştır
Cevap: Bir ülkenin teknolojik yarışta başarılı olması için Fen bilimleri alanında iyi yetişmiş insan gücüne ihtiyaç duyulur. Bu alan, teknolojik gelişmelerin temelini oluşturur ve bu alanda uzmanlaşmış kişiler, ülkenin rekabet gücünü artırır.",0,8,Bir ülkenin teknolojik yarışta başarılı olması için hangi alanda iyi yetişmiş insan gücüne ihtiyaç duyulur?,"Bir ülkenin teknolojik yarışta başarılı olması için Fen bilimleri alanında iyi yetişmiş insan gücüne ihtiyaç duyulur. Bu alan, teknolojik gelişmelerin temelini oluşturur ve bu alanda uzmanlaşmış kişiler, ülkenin rekabet gücünü artırır.",1,1,Qwen2.5-1.5B-Instruct,v3
"Soru: Dünya'nın günlük hareketi ile ilgili başka hangi sonuçlar vardır?
Bağlam: Dünya’nın Günlük (Eksen) Hareketi
Dünya, kuzey ve güney kutup noktalarından geçtiği varsayılan yer ekseni etrafında batıdan doğuya doğru döner. Dünya’nın bir tam dönüşü 24 saat sürer. Bu süreye bir gün adı verilir.
Dünya’nın ekseni etrafındaki dönüşüne bağlı olarak iki türlü hız ortaya çıkar. Dünya’nın günlük hareketi esnasında birim zamanda aldığı yola çizgisel (dönüş) hız denir. Çizgisel hız Ekvator’dan kutuplara doğru azalır. Dünya’nın günlük hareketi esnasında birim zamanda oluşturduğu açıya da açısal hız denir. Dünya 24 saatte 360° döndüğünden üzerindeki tüm noktaların açısal hızları eşittir.
Dünya günlük hareketini batıdan doğuya doğru yapar. Bu yönlü hareketin sonuçları şunlardır:
• Doğuda yerel saat ileride, batıda ise geridedir.
• Güneş doğuda erken doğar, erken batar; batıda ise geç doğar, geç batar.
• Sürekli rüzgârlar Kuzey Yarım Küre’de sağa, Güney Yarım Küre’de ise sola sapar.
Dünya’nın Günlük (Eksen) Hareketinin Sonuçları
• Gece ve gündüz birbirini takip eder.
• Güneş ışınlarının günlük geliş açıları değişir.
• Günlük sıcaklık farkları meydana gelir. Bunun sonucunda;
– Fiziksel çözülme oluşur.
– Günlük basınç farkları oluşur.
– Meltem rüzgârları oluşur.
• Merkez kaç kuvveti meydana gelir. Bunun sonucunda;
– Sürekli rüzgârların (Alize, Batı, Kutup) yönlerinde sapmalar meydana gelir.
– Okyanus akıntıları (Gulf – stream, Labrador, vs.) halkalar oluşturur ve yönlerinde sapmalar olur.
• Yerel saat farkları meydana gelir.
• Cisimlerin gün içindeki gölge uzunlukları değişir.
• Güneş doğuda erken doğar, batar ve batıda geç doğar, batar.
• Dinamik basınç kuşakları meydana gelir.
Cevap: Dünya'nın günlük hareketi, Dünya'nın manyetik alanının oluşumu, gelgitlerin oluşumu ve gökyüzündeki yıldızların hareketleri gibi birçok başka sonuca da neden olur.",0,8,Dünya'nın günlük hareketi ile ilgili başka hangi sonuçlar vardır?,"Dünya'nın günlük hareketi, Dünya'nın manyetik alanının oluşumu, gelgitlerin oluşumu ve gökyüzündeki yıldızların hareketleri gibi birçok başka sonuca da neden olur.",0,0,Qwen2.5-1.5B-Instruct,v3
"Soru: Ebeveynler çocuklarına sınavlarda daha güvenli bir şekilde yaklaşmalarına nasıl yardımcı olabilir?
Bağlam: Sınav Stresi ile Başa Çıkma ve Ebeveynlerin Rolü
Sınav stresi, öğrencilerin performansını olumsuz etkileyebilir ve bu stresle başa çıkmak için ebeveynlerin desteği hayati önem taşır. Ebeveynler, çocuklarının sınav stresini hafifletmek için çeşitli stratejiler geliştirebilir. İlk olarak, çocukların sınav kaygılarını anlamak ve bu kaygıları ciddiye almak önemlidir. Ebeveynler, çocuklarının yaşadığı bu duygusal zorlukları anlayarak, onlara destek olabilir ve sınav sürecinde kendilerini daha rahat hissetmelerini sağlayabilir. Çocuklar, sınav döneminde kendilerini baskı altında hissetmemek için ailelerinden gelecek desteğe ihtiyaç duyarlar. Bu nedenle, ebeveynlerin çocuklarına sınavlardan önce ve sınavlar sırasında moral vermesi, onların sınavlara daha güvenle yaklaşmalarını sağlayabilir.
Sınav stresiyle başa çıkmanın bir diğer yolu, çocukların sınavlara hazırlanırken düzenli molalar vermelerini teşvik etmektir. Bu molalar, çocukların zihinsel yorgunluklarını azaltır ve ders çalışırken daha verimli olmalarını sağlar. Ebeveynler, çocuklarının ders çalışma programlarını düzenlemelerine yardımcı olabilir ve onlara uygun molalar vermeleri konusunda rehberlik edebilir. Ayrıca, sınav öncesinde çocukların rahatlatıcı aktiviteler yapmaları teşvik edilmelidir. Örneğin, hafif egzersizler, yürüyüşler veya meditasyon, çocukların sınav stresini azaltmalarına yardımcı olabilir.
Ebeveynlerin, çocuklarının sınav stresiyle başa çıkabilmeleri için onlara nasıl destek olabileceklerini anlamaları önemlidir. Bu, çocukların sınav sürecini daha sağlıklı bir şekilde geçirmelerine ve sınavlarda daha iyi performans göstermelerine katkıda bulunabilir. Sonuç olarak, sınav stresini yönetmek, hem çocuklar hem de ebeveynler için önemli bir konudur. Ebeveynlerin bu süreçte çocuklarına sunacakları destek, onların sınav başarısını artırabilir ve sınav dönemini daha az stresli hale getirebilir.
Cevap: Ebeveynler, çocuklarına sınavlardan önce ve sınavlar sırasında moral vererek, onlara olumlu destek sağlayabilir ve sınavlara daha güvenle yaklaşmalarını sağlayabilirler. Çocuklarına başarılarını hatırlatarak, onların yeteneklerine ve çabalarına güvenmelerini sağlayabilirler. Ayrıca, sınavın sadece bir ölçüt olduğunu ve hayatlarının tek amacı olmadığını vurgulamak, çocukların sınav stresi altında daha rahat olmalarına yardımcı olabilir.",0,8,Ebeveynler çocuklarına sınavlarda daha güvenli bir şekilde yaklaşmalarına nasıl yardımcı olabilir?,"Ebeveynler, çocuklarına sınavlardan önce ve sınavlar sırasında moral vererek, onlara olumlu destek sağlayabilir ve sınavlara daha güvenle yaklaşmalarını sağlayabilirler. Çocuklarına başarılarını hatırlatarak, onların yeteneklerine ve çabalarına güvenmelerini sağlayabilirler. Ayrıca, sınavın sadece bir ölçüt olduğunu ve hayatlarının tek amacı olmadığını vurgulamak, çocukların sınav stresi altında daha rahat olmalarına yardımcı olabilir.",1,1,Qwen2.5-1.5B-Instruct,v3
"Soru: Uluslararası anlaşmalar, bir ülkenin eğitim sistemini nasıl etkiliyor?
Bağlam: Türk Millî Eğitim Sisteminin Yasal Çerçevesi 
Türkiye'de eğitim; adalet, güvenlik ve sağlık gibi devletin temel işlevlerinden biri olup devletin denetimi  ve  gözetimi  altında  yapılmaktadır(MEB,  2014). Eğitim  hakkı,  T.C. Anayasası ile güvence altına alınmış; Millî Eğitim Bakanlığının Teşkilât ve Görevleri Hakkında Kanun, Millî Eğitim Temel Kanunu başta olmak üzere eğitim sistemini düzenleyen Kanunlar, temel politika belgesi niteliğinde olan Kalkınma Planları, Hükümet Programları ve Millî Eğitim Şûra Kararları, Ulusal Program,  AB Müktesebatı,  eğitimin  tür ve kademelerini  ve işleyişe dönük  esasları  düzenleyen  diğer  mevzuatla  Türk  Eğitim  Sisteminin  bugünkü  yapısı kurulmuştur.
Cevap: Uluslararası anlaşmalar, bir ülkenin eğitim sisteminin uluslararası standartlara uygun olarak gelişmesini sağlıyor. Bu anlaşmalar, eğitimde kalite, eşitlik, şeffaflık ve hesap verebilirlik gibi konularda uyum sağlamasını sağlar. Uluslararası anlaşmalar, eğitim sisteminin uluslararası entegrasyonuna katkıda bulunur ve eğitim sisteminin kalitesini ve etkinliğini artırmayı hedefler.",0,8,"Uluslararası anlaşmalar, bir ülkenin eğitim sistemini nasıl etkiliyor?","Uluslararası anlaşmalar, bir ülkenin eğitim sisteminin uluslararası standartlara uygun olarak gelişmesini sağlıyor. Bu anlaşmalar, eğitimde kalite, eşitlik, şeffaflık ve hesap verebilirlik gibi konularda uyum sağlamasını sağlar. Uluslararası anlaşmalar, eğitim sisteminin uluslararası entegrasyonuna katkıda bulunur ve eğitim sisteminin kalitesini ve etkinliğini artırmayı hedefler.",1,1,Qwen2.5-1.5B-Instruct,v3
"Soru: Bir öğrencinin kendi deneyimlerinden çıkarımlar yapma ve değerlendirme yeteneğine 'Yansıtma Becerisi' nasıl katkıda bulunur?
Bağlam: Üst düzey düşünme becerilerinin bireylere ve topluma faydaları nelerdir? Üst düzey düşünme becerilerine sahip bireyler, problemlere daha etkili çözümler getirebilir, daha iyi kararlar alabilir, daha eleştirel bir şekilde düşünebilir ve daha başarılı bir şekilde iletişim kurabilir. Bu beceriler, topluma daha iyi vatandaşlar ve daha iyi bir gelecek yaratılmasına katkı sağlar. 1 eğitim https://tymm.meb.gov.tr Mevcut olay/konu/duruma ilişkin eldeki veriler üzerinden hesaplamalar yaparak yargıda bulunmayı ifade eder.
Süreç bileşenleri
KB2.12.SB1. Mevcut olay/konu/duruma ilişkin bilgi/veri toplamak ya da ön bilgileri kullanmak
KB2.12.SB2. Elde edilen veriler üzerinde kurala dayalı hesaplama yapmak
KB2.12.SB3. Mevcut olay/konu/duruma ilişkin ileriye yönelik yargıda bulunmak
KB2.13.Yapılandırma Becerisi
Mevcut olay/konu/durumdan hareketle ilişkileri görme ve bunlardan uyumlu bir bütün oluşturma sürecini ifade eder.
Süreç bileşenleri
KB2.13.SB1. Mevcut olay/konu/durumu inceleyerek hiyerarşik, nedensel ya da mantıksal ilişkiler ortaya koymak
KB2.13.SB2. Mevcut olay/konu/durumla ilgili kendi öz bilgisi ile elde ettiği ilişkilere dayalı unsurlardan uyumlu bir bütün oluşturmak/ortaya koymak
KB2.14.Yorumlama Becerisi
Mevcut olay/konu/durumu bağlamından koparmadan yeniden açıklamayı ifade eder.
Süreç bileşenleri
KB2.14.SB1. Mevcut olay/konu/durumu incelemek
KB2.14.SB2. Mevcut olay/konu/durumu bağlamdan kopmadan dönüştürmek
KB2.14.SB3. Kendi ifadeleriyle olay/konu/durumu nesnel, doğru anlamı değiştirmeyecek bir şekilde yeniden ifade etmek
KB2.15.Yansıtma Becerisi
Bir durumu gelecekteki durumlara uygulamak için deneyimlerden yola çıkarak gözden geçirmeyi, çıkarımda bulunmayı ve değerlendirmeyi ifade eder.
Süreç bileşenleri
KB2.15.SB1. Deneyimi gözden geçirmek
KB2.15.SB2. Deneyime dayalı çıkarım yapmak
KB2.15.SB3. Ulaşılan çıkarımları değerlendirmek
KB2.16.Muhakeme (Akıl Yürütme) Becerisi
Tümevarım/tümdengelim/analoji yaklaşımlarını kullanarak mevcut olay/konu/duruma ilişkin çıkarımlara ulaşma sürecini ifade eder.
KB2.17.Değerlendirme Becerisi
Mevcut olay/konu/duruma ilişkin ölçüt belirleyerek ölçme yapmayı ve ölçme sonuçlarını belirlediği ölçütlerle karşılaştırarak yargıda bulunmayı ifade eder.
Süreç bileşenleri
KB2.17.SB1. Mevcut olay/konu/duruma ilişkin ölçüt belirlemek
KB2.17.SB2. Mevcut olay/konu/duruma ilişkin ölçme yapmak
KB2.17.SB3. Ölçme sonuçlarını belirlediği ölçütlerle karşılaştırmak
KB2.17.SB4. Karşılaştırmalarına ilişkin 
Cevap: Yansıtma Becerisi, bir öğrencinin kendi deneyimlerini gözden geçirerek, bu deneyimlerden ders çıkarmasını ve gelecekteki durumlar için bu bilgileri kullanmasını sağlar.  Öğrenci, Yansıtma Becerisi sayesinde deneyimlerini analiz eder, güçlü ve zayıf yönlerini belirler,  başarı ve başarısızlıklarını değerlendirir ve bunlardan ders çıkararak gelecekteki eylemlerini şekillendirir.  Bu süreç, öğrencinin  kendi öğrenme sürecini analiz etmesini,  öğrenme stratejilerini  değerlendirmesini ve  yeni bilgiler edinme şeklini  iyileştirmesini sağlar.  Yansıtma Becerisi,  öğrencinin  sadece bilgiyi ezberlemekle kalmayıp,  bu bilgiyi anlamlandırmasını,  çevresine uygulayabilmesini ve  yeni  bilgi üretimi için  kullanmasını sağlar.",1,9,Bir öğrencinin kendi deneyimlerinden çıkarımlar yapma ve değerlendirme yeteneğine 'Yansıtma Becerisi' nasıl katkıda bulunur?,"Yansıtma Becerisi, bir öğrencinin kendi deneyimlerini gözden geçirerek, bu deneyimlerden ders çıkarmasını ve gelecekteki durumlar için bu bilgileri kullanmasını sağlar.  Öğrenci, Yansıtma Becerisi sayesinde deneyimlerini analiz eder, güçlü ve zayıf yönlerini belirler,  başarı ve başarısızlıklarını değerlendirir ve bunlardan ders çıkararak gelecekteki eylemlerini şekillendirir.  Bu süreç, öğrencinin  kendi öğrenme sürecini analiz etmesini,  öğrenme stratejilerini  değerlendirmesini ve  yeni bilgiler edinme şeklini  iyileştirmesini sağlar.  Yansıtma Becerisi,  öğrencinin  sadece bilgiyi ezberlemekle kalmayıp,  bu bilgiyi anlamlandırmasını,  çevresine uygulayabilmesini ve  yeni  bilgi üretimi için  kullanmasını sağlar.",1,1,Qwen2.5-1.5B-Instruct,v3
"Soru: Eğitim kademeleri arasındaki uyumun öğrencilere nasıl faydası olur?
Bağlam: Eğitim Kademeleri ve Yapısal Özellikleri
Türk Milli Eğitim Sistemi, farklı yaş gruplarına ve eğitim seviyelerine göre düzenlenmiş çeşitli kademelerden oluşur. Bu kademeler, okul öncesi eğitimden başlayarak, ilköğretim, ortaöğretim ve yükseköğretime kadar uzanır. Her kademe, öğrencilerin gelişim düzeylerine uygun olarak hazırlanmış müfredatlarla desteklenir ve bireylerin topluma kazandırılması hedeflenir.
Okul öncesi eğitim, zorunlu olmayan ancak çocukların zihinsel, duygusal ve sosyal gelişimlerine önemli katkılar sağlayan bir süreçtir. Bu kademede, 36-72 ay aralığındaki çocuklara yönelik eğitim verilir. Okul öncesi eğitim kurumları, çocukların ilkokula hazırlanmasını sağlarken, onlara temel beceriler kazandırmayı hedefler.
İlköğretim, Türkiye'de zorunlu eğitimin başladığı kademe olup, ilkokul ve ortaokul olmak üzere iki aşamadan oluşur. İlkokul, 1. sınıftan 4. sınıfa kadar olan süreci kapsar ve temel okuma-yazma, matematik, sosyal bilgiler gibi derslerin öğretildiği bir dönemi içerir. Ortaokul ise 5. sınıftan 8. sınıfa kadar devam eder ve öğrencilerin daha geniş bir yelpazede derslerle tanışmasını sağlar. Ortaokul döneminde öğrenciler, Türkçe, matematik, fen bilimleri, sosyal bilgiler, yabancı dil gibi temel derslerin yanı sıra, çeşitli seçmeli derslerle de tanışır.
Ortaöğretim, ilköğretimi tamamlayan öğrencilerin devam ettiği bir kademedir ve genel lise, mesleki ve teknik lise gibi farklı türlerde eğitim kurumlarını içerir. Bu kademede, öğrenciler üniversiteye hazırlık sürecine girer ve akademik ya da mesleki eğitim alırlar. Ortaöğretimde, öğrencilerin ilgi ve yeteneklerine göre farklı alanlarda eğitim almaları mümkündür. Bu dönemde, öğrencilere üniversite sınavlarına yönelik hazırlıklar da yapılır.
Yükseköğretim, ortaöğretimi tamamlayan ve üniversite sınavını kazanan öğrencilerin devam ettiği eğitim kademesidir. Bu kademede, lisans, yüksek lisans ve doktora programları bulunmaktadır. Türkiye'de üniversiteler, devlet üniversiteleri ve vakıf üniversiteleri olmak üzere ikiye ayrılır. Yükseköğretimde, öğrenciler seçtikleri bölümler doğrultusunda uzmanlaşır ve mesleki yeterlilikler kazanır.
Eğitim kademeleri arasında geçişler, belirli sınavlar ve başarı kriterleri ile belirlenir. Her kademe, öğrencilerin bir sonraki aşamaya hazırlıklı geçiş yapmalarını sağlamak amacıyla yapılandırılmıştır. Milli Eğitim Bakanlığı, bu süreçlerin sağlıklı bir şekilde işlemesi ve öğrencilerin en iyi şekilde yetişmeleri için çeşitli politikalar ve programlar geliştirmektedi
Cevap: Uyum, öğrencilerin yeni ortamlara uyum sağlamalarını kolaylaştırır, akademik başarılarını destekler, motivasyonlarını artırır ve eğitim sürecine daha aktif bir şekilde katılmalarını sağlar. Uyumlu bir eğitim sistemi, öğrencilerin daha kolay öğrenmelerini, daha başarılı olmalarını ve eğitim yolculuklarında daha az zorluk yaşamasını sağlar.",0,8,Eğitim kademeleri arasındaki uyumun öğrencilere nasıl faydası olur?,"Uyum, öğrencilerin yeni ortamlara uyum sağlamalarını kolaylaştırır, akademik başarılarını destekler, motivasyonlarını artırır ve eğitim sürecine daha aktif bir şekilde katılmalarını sağlar. Uyumlu bir eğitim sistemi, öğrencilerin daha kolay öğrenmelerini, daha başarılı olmalarını ve eğitim yolculuklarında daha az zorluk yaşamasını sağlar.",0,0,Qwen2.5-1.5B-Instruct,v3
"Soru: Bir ekonomik topluluğa üye olmak için bir ülke hangi koşulları karşılamalıdır?
Bağlam: Türkiye -AB İlişkilerinin Tarihçesi
 Türkiye Avrupa Ekonomik Topluluğu'nun (AET) 1958 yılında kurulmasından kısa bir süre  sonra,  31  Temmuz  1959'da  Topluluğa  ortaklık  başvurusunda  bulunmuştur.  AET Bakanlar  Konseyi,  Türkiye'nin  yapmış  olduğu  başvuruyu  kabul  ederek  üyelik  koşulları gerçekleşinceye kadar geçerli olacak bir ortaklık anlaşması imzalanmasını önermiştir. Söz konusu Anlaşma 12 Eylül 1963 tarihinde imzalanmış ve 1 Aralık 1964 tarihinde yürürlüğe girmiştir.13 Kasım 1970 tarihinde imzalanan ve 1973 yılında yürürlüğe giren Katma Protokol ile  birlikte,  Ankara  Anlaşması'nda  öngörülen  hazırlık  dönemi  sona  ermiş  ve  ""Geçiş Dönemi""ne ilişkin koşullar belirlenmiştir. Bu dönemde taraflar arasında sanayi ürünleri, tarım ürünleri ve kişilerin serbest dolaşımının sağlanması ve Gümrük Birliği'nin tamamlanması öngörülmüştür.
1971  yılı  itibarıyla,  Katma Protokol  çerçevesinde, Topluluk, bazı  petrol ve tekstil ürünleri dışında Türkiye'den ithal ettiği tüm sanayi mallarına uyguladığı gümrük vergileri ve miktar kısıtlamalarını tek taraflı olarak sıfırlamıştır. Buna karşılık, Türkiye'nin AB kaynaklı sanayi ürünlerinde gümrük vergilerini tedricen sıfırlaması öngörülmüş ve böylece Gümrük Birliği'nin fiilen yürürlüğe girmesi için 22 yıllık bir süre tanınmıştır.Türkiye-AB ilişkileri, 1970'li yılların başından 1980'lerin ikinci yarısına kadar, siyasi ve  ekonomik  nedenlerden  dolayı  istikrarsız  bir  seyir  izlemiştir.  12  Eylül  1980  askeri darbesinin ardından ilişkiler resmen askıya alınmıştır.Türkiye,  14  Nisan  1987  tarihinde,  Ankara  Anlaşması'nda  öngörülen  dönemlerin tamamlanmasını beklemeden, üyelik başvurusunda bulunmuştur. Komisyon, bu başvuru ile ilgili  görüşünü  18  Aralık  1989'da  açıklamış  ve  kendi  iç  bütünleşmesini  tamamlamadan Topluluğun yeni bir üyeyi kabul edemeyeceğini belirtmiştir. Ayrıca, Türkiye'nin, Topluluğa katılmaya ehil olmakla birlikte, ekonomik, sosyal ve siyasal alanda gelişmesi gerektiğini ifade etmiştir. Bu nedenle, üyelik müzakerelerinin açılması için bir tarih belirlenmemesi ve Ortaklık Anlaşması çerçevesinde ilişkilerin geliştirilmesi önerilmiştir.Bu öneri Türkiye tarafından da olumlu değerlendirilmiş ve Gümrük Birliği'nin Katma Protokol'de  öngörüldüğü  şekilde  1995  yılında  tamamlanması  için  gerekli  hazırlıklara başlanmıştır.  İki  yıl  süren  müzakereler  sonunda  5  Mart  1995  tarihinde  yapılan  Ortaklık Konseyi toplantısında alınan karar uyarınca Türkiye ile AB arasındaki Gümrük B
Cevap: Bir ekonomik topluluğa üye olmak için bir ülkenin belirli kriterleri karşılaması gerekir. Bu kriterler genellikle şunları içerir:

* **Ekonomik Kriterler:**  Ülkenin ekonomisinin stabil olması, piyasa ekonomisi prensiplerine uyması, enflasyonun kontrol altında olması ve kamu borcunun kabul edilebilir düzeyde olması gerekir.
* **Sosyal Kriterler:**  Ülkenin işgücünün hareketliliği konusunda gerekli önlemleri almış olması, eğitim ve sağlık sistemlerinin belirli bir standarda ulaşmış olması ve sosyal koruma sisteminin yeterli olması gerekir.
* **Siyasi Kriterler:**  Ülkenin demokrasi ve hukukun üstünlüğüne bağlı olması, insan haklarını koruması ve karar alma mekanizmalarının şeffaf olması gerekir.",1,9,Bir ekonomik topluluğa üye olmak için bir ülke hangi koşulları karşılamalıdır?,"Bir ekonomik topluluğa üye olmak için bir ülkenin belirli kriterleri karşılaması gerekir. Bu kriterler genellikle şunları içerir:

* **Ekonomik Kriterler:**  Ülkenin ekonomisinin stabil olması, piyasa ekonomisi prensiplerine uyması, enflasyonun kontrol altında olması ve kamu borcunun kabul edilebilir düzeyde olması gerekir.
* **Sosyal Kriterler:**  Ülkenin işgücünün hareketliliği konusunda gerekli önlemleri almış olması, eğitim ve sağlık sistemlerinin belirli bir standarda ulaşmış olması ve sosyal koruma sisteminin yeterli olması gerekir.
* **Siyasi Kriterler:**  Ülkenin demokrasi ve hukukun üstünlüğüne bağlı olması, insan haklarını koruması ve karar alma mekanizmalarının şeffaf olması gerekir.",1,1,Qwen2.5-1.5B-Instruct,v3
"Soru: Bir ülke, bir ekonomik topluluğa katılmadan önce hangi aşamalardan geçebilir?
Bağlam: Türkiye -AB İlişkilerinin Tarihçesi
 Türkiye Avrupa Ekonomik Topluluğu'nun (AET) 1958 yılında kurulmasından kısa bir süre  sonra,  31  Temmuz  1959'da  Topluluğa  ortaklık  başvurusunda  bulunmuştur.  AET Bakanlar  Konseyi,  Türkiye'nin  yapmış  olduğu  başvuruyu  kabul  ederek  üyelik  koşulları gerçekleşinceye kadar geçerli olacak bir ortaklık anlaşması imzalanmasını önermiştir. Söz konusu Anlaşma 12 Eylül 1963 tarihinde imzalanmış ve 1 Aralık 1964 tarihinde yürürlüğe girmiştir.13 Kasım 1970 tarihinde imzalanan ve 1973 yılında yürürlüğe giren Katma Protokol ile  birlikte,  Ankara  Anlaşması'nda  öngörülen  hazırlık  dönemi  sona  ermiş  ve  ""Geçiş Dönemi""ne ilişkin koşullar belirlenmiştir. Bu dönemde taraflar arasında sanayi ürünleri, tarım ürünleri ve kişilerin serbest dolaşımının sağlanması ve Gümrük Birliği'nin tamamlanması öngörülmüştür.
1971  yılı  itibarıyla,  Katma Protokol  çerçevesinde, Topluluk, bazı  petrol ve tekstil ürünleri dışında Türkiye'den ithal ettiği tüm sanayi mallarına uyguladığı gümrük vergileri ve miktar kısıtlamalarını tek taraflı olarak sıfırlamıştır. Buna karşılık, Türkiye'nin AB kaynaklı sanayi ürünlerinde gümrük vergilerini tedricen sıfırlaması öngörülmüş ve böylece Gümrük Birliği'nin fiilen yürürlüğe girmesi için 22 yıllık bir süre tanınmıştır.Türkiye-AB ilişkileri, 1970'li yılların başından 1980'lerin ikinci yarısına kadar, siyasi ve  ekonomik  nedenlerden  dolayı  istikrarsız  bir  seyir  izlemiştir.  12  Eylül  1980  askeri darbesinin ardından ilişkiler resmen askıya alınmıştır.Türkiye,  14  Nisan  1987  tarihinde,  Ankara  Anlaşması'nda  öngörülen  dönemlerin tamamlanmasını beklemeden, üyelik başvurusunda bulunmuştur. Komisyon, bu başvuru ile ilgili  görüşünü  18  Aralık  1989'da  açıklamış  ve  kendi  iç  bütünleşmesini  tamamlamadan Topluluğun yeni bir üyeyi kabul edemeyeceğini belirtmiştir. Ayrıca, Türkiye'nin, Topluluğa katılmaya ehil olmakla birlikte, ekonomik, sosyal ve siyasal alanda gelişmesi gerektiğini ifade etmiştir. Bu nedenle, üyelik müzakerelerinin açılması için bir tarih belirlenmemesi ve Ortaklık Anlaşması çerçevesinde ilişkilerin geliştirilmesi önerilmiştir.Bu öneri Türkiye tarafından da olumlu değerlendirilmiş ve Gümrük Birliği'nin Katma Protokol'de  öngörüldüğü  şekilde  1995  yılında  tamamlanması  için  gerekli  hazırlıklara başlanmıştır.  İki  yıl  süren  müzakereler  sonunda  5  Mart  1995  tarihinde  yapılan  Ortaklık Konseyi toplantısında alınan karar uyarınca Türkiye ile AB arasındaki Gümrük B
Cevap: Bir ülkenin bir ekonomik topluluğa katılma süreci genellikle aşamalıdır ve farklı adımları içerir.  Bunlar:

* **Hazırlık Dönemi:**  Bu dönemde, ülke topluluğa katılım için gerekli reformları yapar, ekonomik ve siyasi yapılarını uyumlaştırır ve katılımın getirdiği zorlukları ele almaya hazırlanır.
* **Geçiş Dönemi:**  Bu dönemde, ülke topluluğa katılma için gerekli koşulları kademeli olarak yerine getirir.  Gümrük vergilerini düşürerek, ticaret engellerini kaldırarak ve topluluğun yasal düzenlemelerine uyum sağlayarak ilerler.
* **Müzakere Dönemi:**  Bu dönemde, ülke ile topluluk arasında katılım koşulları ve üyelik anlaşmasının ayrıntıları görüşülür.  Müzakereler kapsamlıdır ve ülkenin tüm alanlarında uyum sağlanması gereken konuları kapsar.",0,8,"Bir ülke, bir ekonomik topluluğa katılmadan önce hangi aşamalardan geçebilir?","Bir ülkenin bir ekonomik topluluğa katılma süreci genellikle aşamalıdır ve farklı adımları içerir.  Bunlar:

* **Hazırlık Dönemi:**  Bu dönemde, ülke topluluğa katılım için gerekli reformları yapar, ekonomik ve siyasi yapılarını uyumlaştırır ve katılımın getirdiği zorlukları ele almaya hazırlanır.
* **Geçiş Dönemi:**  Bu dönemde, ülke topluluğa katılma için gerekli koşulları kademeli olarak yerine getirir.  Gümrük vergilerini düşürerek, ticaret engellerini kaldırarak ve topluluğun yasal düzenlemelerine uyum sağlayarak ilerler.
* **Müzakere Dönemi:**  Bu dönemde, ülke ile topluluk arasında katılım koşulları ve üyelik anlaşmasının ayrıntıları görüşülür.  Müzakereler kapsamlıdır ve ülkenin tüm alanlarında uyum sağlanması gereken konuları kapsar.",1,1,Qwen2.5-1.5B-Instruct,v3
"Soru: Eğitimde kalite ve fırsat eşitliği konusunda hangi konularda daha fazla çalışma yapılması gerekmektedir?
Bağlam: Eğitimde Kalite ve Fırsat Eşitliği Politikaları
Türk Milli Eğitim Sistemi'nde, eğitimin kalitesini artırmak ve fırsat eşitliğini sağlamak, öncelikli hedefler arasında yer almaktadır. Bu hedeflere ulaşmak için, Milli Eğitim Bakanlığı (MEB) tarafından çeşitli projeler ve politikalar geliştirilmekte ve uygulanmaktadır. Eğitimde kalite, öğrencilerin akademik başarılarının yanı sıra, onların sosyal, kültürel ve duygusal gelişimlerini de kapsamaktadır. Bu nedenle, eğitim kalitesini artırmak için müfredatın sürekli olarak güncellenmesi, öğretmenlerin mesleki gelişimlerinin desteklenmesi ve okulların fiziksel altyapılarının iyileştirilmesi gibi çalışmalar yapılmaktadır.
Eğitimde fırsat eşitliği ise, tüm öğrencilerin sosyoekonomik durumlarına, cinsiyetlerine veya coğrafi konumlarına bakılmaksızın, eşit eğitim olanaklarına erişimlerini sağlamayı amaçlar. Bu bağlamda, dezavantajlı bölgelerdeki okulların iyileştirilmesi, kız çocuklarının okullaşma oranlarının artırılması ve engelli öğrencilerin eğitime erişimlerinin kolaylaştırılması gibi projeler yürütülmektedir. Ayrıca, burs ve yurt imkanları ile maddi durumu yetersiz olan öğrencilere destek sağlanmakta, böylece onların eğitim süreçlerine kesintisiz devam etmeleri teşvik edilmektedir.
Eğitimde kaliteyi artırma çabaları arasında, öğretmenlerin mesleki gelişimlerine yönelik programlar önemli bir yer tutar. MEB, öğretmenlerin mesleki bilgi ve becerilerini geliştirmek amacıyla hizmet içi eğitim programları düzenlemekte, öğretmenlere yönelik seminerler ve atölye çalışmaları organize etmektedir. Bu programlar, öğretmenlerin eğitim süreçlerinde karşılaştıkları zorlukları aşmalarına ve öğrencilerine daha etkili bir şekilde rehberlik etmelerine yardımcı olmaktadır. Ayrıca, öğretim yöntemlerinin modernleştirilmesi ve teknolojinin eğitimde daha etkin kullanılması da kalite artırma politikalarının bir parçasıdır.
Eğitimde fırsat eşitliğini sağlama çabaları kapsamında, özellikle kırsal bölgelerdeki okulların fiziki şartlarının iyileştirilmesi ve bu okullara nitelikli öğretmenlerin atanması önem arz eder. Ayrıca, özel eğitim gereksinimi olan öğrenciler için bireyselleştirilmiş eğitim programları hazırlanmakta ve onların topluma entegrasyonlarını kolaylaştıracak adımlar atılmaktadır. MEB, bu öğrencilere yönelik olarak destek eğitim odaları, rehberlik hizmetleri ve aile eğitim programları gibi çeşitli hizmetler sunmaktadır.
Sonuç olarak, Türk Milli Eğitim Sistemi'nde eğitimin kalitesini artırmak ve fırsat eşitliğini sağlamak, 
Cevap: Eğitimde kalite ve fırsat eşitliği konusunda, eğitim sistemindeki eşitsizlikleri gidermek, öğretmen yetiştirme ve geliştirme programlarını iyileştirmek, teknolojinin eğitimde daha etkili bir şekilde kullanılmasını sağlamak, öğrenci merkezli bir eğitim anlayışını benimsemek, öğrenci motivasyonunu artırmak, bireysel farklılıkları dikkate alan eğitim programları geliştirmek ve  ailelerin eğitime katılımını artırmak gibi konularda daha fazla çalışma yapılması gerekmektedir.",1,9,Eğitimde kalite ve fırsat eşitliği konusunda hangi konularda daha fazla çalışma yapılması gerekmektedir?,"Eğitimde kalite ve fırsat eşitliği konusunda, eğitim sistemindeki eşitsizlikleri gidermek, öğretmen yetiştirme ve geliştirme programlarını iyileştirmek, teknolojinin eğitimde daha etkili bir şekilde kullanılmasını sağlamak, öğrenci merkezli bir eğitim anlayışını benimsemek, öğrenci motivasyonunu artırmak, bireysel farklılıkları dikkate alan eğitim programları geliştirmek ve  ailelerin eğitime katılımını artırmak gibi konularda daha fazla çalışma yapılması gerekmektedir.",1,1,Qwen2.5-1.5B-Instruct,v3
"Soru: Bir kurumda, görevlerin mevzuata, stratejik planlara, performans ölçütlerine ve hizmet kalite standartlarına uygun olarak yürütülmesi neden önemlidir?
Bağlam: ORTAÖĞRETİM GENEL MÜDÜRLÜĞÜ ÇALIŞANLARI
2.3.1 Genel MüdürGenel  Müdür;  Anayasa, 1739 sayılı  Millî Eğitim Temel Kanunu, 652  sayılı  Millî Eğitim Bakanlığının Teşkilat ve Görevleri Hakkında Kanun Hükmünde Kararname, kalkınma planları, hükümet programları ve Bakanlık Stratejik Planında yer alan hedefler doğrultusunda okulların eğitim, öğretim ve yönetimiyle ilgili planlama, uygulama, izleme, değerlendirme ve geliştirme süreçlerine ilişkin görevlerin yürütülmesinden sorumludur.Buna göre; a) Görev alanı ili ilgili her türlü planlamayı yapmak veya yaptırmak,b) Daire başkanlıkları arasında koordinasyonu sağlamak,c) Genel  Müdürlüğün  görevlerininyerine  getirilmesi  için ihtiyaç duyulan hallerde çalışma grupları oluşturmak,ç) Genel Müdürlük personelinin görev dağılımını yapmak, gerektiğinde daire başkanı ve diğer personelin birim içerisindeki görevlerinde değişiklik yapmak,d)  Genel  Müdürlüğün  hertürlü  tasarruf  ve  kararını  ilgililere  duyurmak  ve duyurulmasını sağlamak,e) İhtiyaç duyulduğunda Genel Müdürlüğün görevleriyle ilgili toplantı, çalıştay ve benzeri faaliyetlerin yapılmasını sağlamak,
f)  Genel  Müdürlükteki  insan  gücü  ihtiyacını  belirlemek,  personel  planlamasını yapmak, personelin yetiştirilmesi ve üst görevlere hazırlanması için gerekli tedbirleri almak,g) Hizmete yönelik geliştirilen teknolojik yol ve yöntemlerin birim içindeki süreçler açısından değerlendirmesini yapmak ve uygulamak,ğ)Yapılan işlerin belirli aralıklarla değerlendirilmesi, mevcut yapının işlevselliğinin gözden geçirilmesi, görevlerin analiz edilerek daha etkin duruma getirilmesi, sistemin kamu yararı ve hizmet gereklerini en üst seviyede karşılanması için gerekli tedbirler almak,h) Personelinin performans değerlendirmesini yapmak, ı) Hizmet sürecinde yer alan tüm unsurların etkin ve verimli bir şekilde kullanılmasını sağlamak ve israfın önlenmesine yönelik gerekli tedbirleri almak,i) Yürütülen faaliyetlerde ekip çalışması ruhunun yerleşmesini sağlamak,j) Bakanlığı yurtiçi ve yurtdışında temsil etmek,k) Genel Müdürlüğün görev alanıyla ilgili yenilik ve değişim gerektiren konularda projeler hazırlatmak ve uygulanmasını sağlamak,l) Gerektiğinde Bakanlık birimleri ve Bakanlık dışındaki diğer kurum ve kuruluşlarla işbirliği yapmak,m) Mevzuatla kendisine verilen görev ve yetkileri kullanmak gerektiğinde kullandırmak, takip etmek ve sonuçlandırmak,n) Millî Eğitim Bakanlığı Merkez Teşkilatı İmza Yetkileri Yönergesi kapsamında yetkisi dâhilindeki yazıları imzalamak.o) Millî E
Cevap: Bir kurumda, görevlerin mevzuata, stratejik planlara, performans ölçütlerine ve hizmet kalite standartlarına uygun olarak yürütülmesi, yasalara uymak, hedeflere ulaşmak, verimliliği artırmak, hizmet kalitesini yükseltmek ve toplumun beklentilerini karşılamak için önemlidir. Yasalara uymak, kurumun cezai yaptırımlardan korunmasını sağlar. Hedeflere ulaşmak, kurumun hedeflerine doğru ilerlemesini sağlar. Verimliliği artırmak, işlerin daha hızlı ve daha etkili bir şekilde yapılmasını sağlar. Hizmet kalitesini yükseltmek, kurumun sunduğu hizmetlerin kalitesini artırır. Toplumun beklentilerini karşılamak, kurumun toplumun beklentilerine duyarlı olmasını ve toplumsal fayda sağlamasını sağlar.",1,9,"Bir kurumda, görevlerin mevzuata, stratejik planlara, performans ölçütlerine ve hizmet kalite standartlarına uygun olarak yürütülmesi neden önemlidir?","Bir kurumda, görevlerin mevzuata, stratejik planlara, performans ölçütlerine ve hizmet kalite standartlarına uygun olarak yürütülmesi, yasalara uymak, hedeflere ulaşmak, verimliliği artırmak, hizmet kalitesini yükseltmek ve toplumun beklentilerini karşılamak için önemlidir. Yasalara uymak, kurumun cezai yaptırımlardan korunmasını sağlar. Hedeflere ulaşmak, kurumun hedeflerine doğru ilerlemesini sağlar. Verimliliği artırmak, işlerin daha hızlı ve daha etkili bir şekilde yapılmasını sağlar. Hizmet kalitesini yükseltmek, kurumun sunduğu hizmetlerin kalitesini artırır. Toplumun beklentilerini karşılamak, kurumun toplumun beklentilerine duyarlı olmasını ve toplumsal fayda sağlamasını sağlar.",1,1,Qwen2.5-1.5B-Instruct,v3
"Soru: Türkiye Yüzyılı Maarif Modelinde tanımlanan 'Benlik Becerileri', bireyin gelişiminde hangi yönleri destekler?
Bağlam: Sorumlu karar verme becerisi, öğrencilerin etik değerlere sahip olmalarını nasıl destekler? Sorumlu karar verme becerisi, öğrencilerin kendi eylemlerinin sonuçlarını düşünmelerini, etik değerleri göz önünde bulundurarak kararlar almalarını ve sorumluluklarını yerine getirmelerini sağlar. Bu beceri, öğrencilerin toplumda sorumlu ve etik davranışlar sergilemelerini destekler. 1 eğitim https://tymm.meb.gov.tr PROGRAMLAR ARASI BİLEŞENLER
Türkiye Yüzyılı Maarif Modeli'nde üç farklı programlar arası bileşen tanımlanmaktadır. Bu bileşenler
şunlardır:
Sosyal-duygusal öğrenme becerileri
Ahlaki pusula olarak millî ve manevi değerlerimiz: Erdem-Değer-Eylem Çerçevesi
Öğretim programlarını zenginleştiren sistem düşüncesi ve okuryazarlık becerileri
1.Sosyal-Duygusal Öğrenme Becerileri
Türkiye Yüzyılı Maarif Modelinde sosyal-duygusal
öğrenme becerileri ayrı bir içerik veya
öğrenme çıktısı olarak değil öğretim programlarının
tamamına nüfuz eden ve bu yönüyle
öğretim programındaki diğer becerilerin gelişimini
destekleyen bir beceri seti olarak işlev
görmektedir. Bu model sosyal-duygusal öğrenme
becerilerini alan ve kavramsal becerilerle
işe koşmayı amaçlayan ve öğrencilerin
öğrenme çıktısına ulaşmasını sağlarken sosyal-
duygusal yönden de bütüncül gelişimini
destekler. Bu yapı, aynı zamanda dinamik
niteliğiyle öğrencilerin bireysel farklılıklarına,
okul ve çevrenin koşullarına, zamanın ruhuna
ve geleceğin beklentilerine uyum sağlayabilme
özelliğine sahiptir.
Benlik Becerileri
Benlik becerileri, bireyin ihtiyacı olan kişisel kaynakları
geliştirerek kullanabilmesini ifade etmektedir
ve bu açıdan bireyin kendiliği ve kişiliğiyle
ilgili süreçleri yakından ilgilendirmektedir.
Türkiye Yüzyılı Maarif Modeli öğretim programlarında
(i) öz farkındalık/kendini tanıma, (ii) öz dü-
zenleme/kendini düzenleme ve (iii) öz yansıtma/
kendine uyarlama olmak üzere üç benlik becerisi
tanımlanmıştır.
Sosyal Yaşam Becerileri
Sosyal yaşam becerileri, bireyin toplumsal hayata
aktif bir şekilde katılmasını sağlayan ve günlük
yaşamda karşılaştığı sorunların üstesinden
gelmesine yardımcı olan becerileri ifade eder
ve bu açıdan bireyin toplumsal yönüyle ilişkilidir.
Türkiye Yüzyılı Maarif Modeli öğretim programlarında
(i) iletişim, (ii) iş birliği ve (iii) sosyal farkındalık
olmak üzere üç sosyal yaşam becerisi
tanımlanmıştır.
Ortak/Birleşik Beceriler
Ortak/birleşik beceriler, benlik becerileriyle
sosyal yaşam becerilerinin kesişim noktası
Cevap: Benlik becerileri, bireyin ihtiyacı olan kişisel kaynakları geliştirerek kullanabilmesini ifade etmektedir ve bu açıdan bireyin kendiliği ve kişiliğiyle ilgili süreçleri yakından ilgilendirmektedir. Türkiye Yüzyılı Maarif Modelinde, öz farkındalık/kendini tanıma, öz düzenleme/kendini düzenleme ve öz yansıtma/kendine uyarlama olmak üzere üç benlik becerisi tanımlanmıştır. Bu beceriler, bireylerin kendi güçlü ve zayıf yönlerini tanımalarını, duygularını yönetmelerini, hedefler belirlemelerini ve zorluklarla başa çıkma becerilerini geliştirmelerini sağlar. Benlik becerilerinin gelişmesi, bireylerin özgüvenli, motive ve mutlu bir yaşam sürmelerini destekler.",0,8,"Türkiye Yüzyılı Maarif Modelinde tanımlanan 'Benlik Becerileri', bireyin gelişiminde hangi yönleri destekler?","Benlik becerileri, bireyin ihtiyacı olan kişisel kaynakları geliştirerek kullanabilmesini ifade etmektedir ve bu açıdan bireyin kendiliği ve kişiliğiyle ilgili süreçleri yakından ilgilendirmektedir. Türkiye Yüzyılı Maarif Modelinde, öz farkındalık/kendini tanıma, öz düzenleme/kendini düzenleme ve öz yansıtma/kendine uyarlama olmak üzere üç benlik becerisi tanımlanmıştır. Bu beceriler, bireylerin kendi güçlü ve zayıf yönlerini tanımalarını, duygularını yönetmelerini, hedefler belirlemelerini ve zorluklarla başa çıkma becerilerini geliştirmelerini sağlar. Benlik becerilerinin gelişmesi, bireylerin özgüvenli, motive ve mutlu bir yaşam sürmelerini destekler.",1,1,Qwen2.5-1.5B-Instruct,v3
"Soru: Öğretim programlarında hangi eğitim durumları kullanılabilir?
Bağlam: ÖĞRETİM PROGRAMLARI VE MATERYALLERİ
Eğitim;  bireyin  davranışlarında  istendik  yönde  değişiklik  oluşturma  sürecidir.  Bu değişikliğin istendik yönde olması ve ülke genelinde bütünlüğün sağlanabilmesi için eğitim-öğretim  faaliyetlerinin plan  ve  programlı  yapılması  gerekmektedir.  Bu  amaçla  hazırlanan öğretim  programları  bireylere  kazandırılması  hedeflenen  davranışları,  bu  davranışlar kazandırılmaya  çalışılırken  hangi içerik  ve eğitim  durumlarından  yararlanılacağını kapsamaktadır.  Ayrıca  öğretim  programlarında  ölçme  ve  değerlendirme  anlayışının  nasıl olması gerektiği de vurgulanmaktadır.Haftalık ders çizelgeleri ise hangi dersin haftada ne kadar süreyle okutulacağını belirleyen çizelgelerdir. Bunun içinhazırlanan öğretim programlarına göre bu programdaki kazanımların öğrencilere ne kadar sürede kazandırılabileceği ortaya konularak bu doğrultuda haftalık ders çizelgesine süreler yansıtılmaktadır.Öğretim  programlarına  göre  hazırlanan  öğretim  materyalleri  de  kılavuz  olan  öğretim programının içerikle bütünleştirilerek öğrencilere sunulan bir araçtır. Öğretmen için kılavuzluk eden temel  kaynağı  oluşturan öğretim  programları öğrenciler için  kılavuzluk  eden öğretim materyallerine  dönüştürülmektedir.  Öğretim  materyallerinde  öğretim  programı  ete  kemiğe bürünmektedir.  Yani  öğretim  programları  ruh  ise  öğretim  materyalleri  beden  olarak  tasvir edilebilir.
Cevap: Öğretim programları, doğrudan öğretim, işbirlikli öğrenme, problem çözme, proje tabanlı öğrenme, oyun tabanlı öğrenme ve keşfetme gibi çeşitli eğitim durumlarını içerebilir.  Öğrenme sürecini daha etkili hale getirmek için farklı eğitim durumları kullanılabilir.",0,8,Öğretim programlarında hangi eğitim durumları kullanılabilir?,"Öğretim programları, doğrudan öğretim, işbirlikli öğrenme, problem çözme, proje tabanlı öğrenme, oyun tabanlı öğrenme ve keşfetme gibi çeşitli eğitim durumlarını içerebilir.  Öğrenme sürecini daha etkili hale getirmek için farklı eğitim durumları kullanılabilir.",1,1,Qwen2.5-1.5B-Instruct,v3
"Soru: Atmosferdeki su buharı miktarındaki artışın Dünya üzerindeki olumsuz etkileri nelerdir?
Bağlam: Atmosfer ve Atmosferin Etkileri
Diğer gezegenlerden farklı olarak Dünya’mızın etrafı canlıların yaşamasını sağlayan çeşitli gazlardan
oluşan hava kütlesi ile sarılmıştır. Bu hava kütlesi atmosfer, içinde meydana gelen olaylar ise atmosfer
olayları (hava olayları) olarak adlandırılmaktadır.

Atmosferin tamamına yakınını gazlar oluşturur. Yeryüzünden atmosfere geçen tozlar ve mikroorganizmaların miktarı, atmosferin geneline oranla yok denecek kadar azdır. Atmosfer, birbirinden farklı yapıda gazların bir araya gelmesiyle oluşmuştur. Atmosferde her zaman bulunan ve oranı değişmeyen gazlar; azot, oksijen ve asal gazlardır (argon, kripton, hidrojen, ksenon, neon, helyum vb.). Bu gazlar, yaşamın devamı ve çeşitli hava olaylarının gerçekleşebilmesi için belirli oranda atmosferde bulunmaktadır.

Atmosferde her zaman bulunan ve oranı değişen gazlar; su buharı ve karbondioksittir. Atmosferde çok az bulunan su buharının oranı yere ve zamana göre değişir. Örneğin Ekvator’a yakın nemli yerlerde su buharının oranı fazla (%2-3), kutuplara yakın soğuk yerlerde ise su buharının oranı azdır (%0,25).Güneş ışınlarını emme ve saklama özelliği olan bu gazların atmosferdeki miktarında meydana gelen değişmeler hava sıcaklığını etkilemektedir. Özellikle son yüzyılda sanayileşmenin hızlanmasına bağlı olarak artış gösteren karbondioksit, iklimler üzerinde olumsuz etkiler yaşanmasına neden olmuştur.

Ozon gazı yeryüzüne yakın yerlerde çok azdır. Güneş ışınlarının etkisiyle öğleye doğru miktarı artmaya başlar. Ozon gazı, atmosferin üst kısımlarında morötesi (ultraviyole) ışınlarını emerek yeryüzüne ulaşmasını engeller. Atmosferde irili ufaklı toz tanecikleri bulunur. Tozlar, rüzgârların etkisiyle atmosfere karışır ve yağışın oluşmasında önemli bir rol oynar. Su buharı toz taneciklerine tutunarak yağmura, kara ve buz kristallerine dönüşür.

Yer çekiminin etkisiyle uzaya dağılamayan gazlar Dünya’nın çevresini sarmıştır. Bununla birlikte, sıcaklığın Ekvator’dan kutuplara doğru azalması ve günlük hareketin etkisiyle atmosferin şekli Dünya’nın şekline benzemiştir. Atmosfer yaklaşık 10.000 km’lik bir kalınlığa sahiptir. Ancak gazların büyük bir kısmı (%97), yer çekiminin etkisiyle yeryüzüne yakındır.

Atmosferde yüksekliğe bağlı olarak sıcaklık değişimi düzenli değildir. Atmosferin en alt katmanı olan troposferde yerden yükseldikçe sıcaklık düşer. Troposferin üst kısmında – 40 °C’a düşen sıcaklık, stratosfer katmanının üst sınırında 0 °C’a yükselir. Mezosferde – 80 °C’a düşen sı
Cevap: Atmosferdeki su buharı miktarındaki artış, küresel ısınmaya ve iklim değişikliğine katkıda bulunabilir. Su buharı, güçlü bir sera gazıdır ve atmosferdeki oranı arttıkça Dünya'nın sıcaklığı da artar. Bu da buzulların erimesine, deniz seviyelerinin yükselmesine, aşırı hava olaylarına ve diğer olumsuz sonuçlara neden olabilir.",1,9,Atmosferdeki su buharı miktarındaki artışın Dünya üzerindeki olumsuz etkileri nelerdir?,"Atmosferdeki su buharı miktarındaki artış, küresel ısınmaya ve iklim değişikliğine katkıda bulunabilir. Su buharı, güçlü bir sera gazıdır ve atmosferdeki oranı arttıkça Dünya'nın sıcaklığı da artar. Bu da buzulların erimesine, deniz seviyelerinin yükselmesine, aşırı hava olaylarına ve diğer olumsuz sonuçlara neden olabilir.",1,1,Qwen2.5-1.5B-Instruct,v3
"Soru: Arkadaşlık ilişkilerinde sağlıklı iletişimin önemi nedir?
Bağlam: Arkadaşlarının duygu ve düşüncelerini anlamaya çalışmak neden önemlidir? Arkadaşlarının duygu ve düşüncelerini anlamak, empati kurmayı, onlara destek olmayı ve sağlıklı bir iletişim kurmayı sağlar. Bu durum, arkadaşlık ilişkisinin kalitesini artırır ve daha güçlü bir bağ kurulmasına yardımcı olur. 1 eğitim https://tymm.meb.gov.tr Erdem-Değer-Eylem Çerçevesi
Eylem
D3.2.1. Düzenli çalışmanın başarı üzerindeki etkisini fark eder.
D3.2.2. Açık ve ulaşılabilir hedefler belirler.
D3.2.3. Görev ve sorumlulukları yerine getirmek için etkili bir yol haritası çizer.
D3.2.4. Hedeflere ulaşmak için hazırladığı planı uygular.
D3.2.5. Zamanı etkili bir şekilde yönetir.
D3.2.6. Hedef ve planları gerektiğinde yeniden düzenler.
D3.3. Araştırmacı ve sorgulayıcı olmak
Eylem
D3.3.1. Bilimsel gelişim için merak duygusunu kullanarak takip etmesi gerektiğini fark eder.
D3.3.2. Doğru ve güvenilir bilgiyi ayırt eder.
D3.3.3. Güvenilir bilgiye ulaşma yollarını bilir.
D3.3.4. Edindiği bilgileri eleştirel bakış açısıyla değerlendirir.
D3.3.5. Yaratıcılığını geliştirecek faaliyetlere katılır.
D3.3.6. Çeşitli fikir, argüman ve yeni bilgilere açık olur.
D3.3.7. Ödev ve sorumluluklarını akademik dürüstlüğe uygun şekilde yerine getirir.
D3.3.8. Bilim, sanayi ve teknoloji alanındaki güncel gelişmeleri takip eder.
D3.4. Çalışmalarda aktif rol almak
Eylem
D3.4.1. Grupla çalışma becerisi sergiler.
D3.4.2. Sosyal sorumluluk ve toplum hizmeti çalışmalarında aktif görev alır.
D3.4.3. Kendine uygun görevleri almaya istekli olur.
D3.4.4. Kişisel ve grup içi etkinliklerde sorumluluklarını yerine getirir.
D4.Dostluk
Sosyal ilişkilerde duyarlılık göstermeyi dayanışma içinde olmayı; etkili iletişimle sevgi, saygı ve güvene dayalı ilişkiler kurmayı; nitelikli vakit geçirmeyi ve evrensel bağ kurmayı kapsar.
D4.1. Arkadaşlarına destek olmak
Eylem
D4.1.1. İyi ve kötü zamanlarında arkadaşlarına destek olur.
D4.1.2. Arkadaşlarının sorunlarını çözmek için çaba gösterir.
D4.1.3. Ortak hedeflere ulaşmak için arkadaşlarıyla dayanışma içinde olur.
D4.1.4. İhtiyaç duyduğunda arkadaşlarından yardım ister.
D4.1.5. Arkadaşlarının bireysel gelişimini ve hedeflerini destekler.
D4.1.6. Arkadaşlarını iyiliğe teşvik ederek onları kötülüklerden uzaklaştırmaya çalışır.
D4.2. Arkadaşları ile etkili iletişim kurmak
Eylem
D4.2.1. Arkadaşlarını etkin bir şekilde dinler.
D4.2.2. Arkadaşlarıyla duygu ve düşüncelerini paylaşır.
D4.2.3. Arkadaşlarının duygu ve düşüncelerini anlamaya çalışır.

Cevap: Sağlıklı iletişim, arkadaşlık ilişkilerinin kalitesini artırır, empati kurmayı kolaylaştırır ve güçlü bir bağ kurulmasına yardımcı olur. Arkadaşların birbirlerini anlamaları ve desteklemeleri için etkili iletişim olmazsa olmazdır. Sağlıklı iletişim, karşılıklı saygı, anlayış ve dürüstlük üzerine kurulur.  Arkadaşlar birbirlerinin duygu ve düşüncelerini açıkça paylaşabilir, birbirlerini dinleyebilir ve gerektiğinde destek sağlayabilirler. Bu da arkadaşlık ilişkisinin daha güçlü, sağlıklı ve uzun ömürlü olmasını sağlar.",1,9,Arkadaşlık ilişkilerinde sağlıklı iletişimin önemi nedir?,"Sağlıklı iletişim, arkadaşlık ilişkilerinin kalitesini artırır, empati kurmayı kolaylaştırır ve güçlü bir bağ kurulmasına yardımcı olur. Arkadaşların birbirlerini anlamaları ve desteklemeleri için etkili iletişim olmazsa olmazdır. Sağlıklı iletişim, karşılıklı saygı, anlayış ve dürüstlük üzerine kurulur.  Arkadaşlar birbirlerinin duygu ve düşüncelerini açıkça paylaşabilir, birbirlerini dinleyebilir ve gerektiğinde destek sağlayabilirler. Bu da arkadaşlık ilişkisinin daha güçlü, sağlıklı ve uzun ömürlü olmasını sağlar.",1,1,Qwen2.5-1.5B-Instruct,v3
"Soru: Öğrencilere eleştirel düşünme, problem çözme, iletişim kurma, işbirliği yapma, yaratıcılık gibi becerileri kazandırmayı hedefleyen unsurlar hangileridir?
Bağlam: PROGRAMLAR ARASI BİLEŞENLER
Programlar arası bileşenler, insanın kişisel, sosyal, entelektüel ve ahlaki açıdan bütüncül gelişimini sağlamayı
hedefleyen yapısıyla öğretim programlarının tamamlayıcısı niteliğindedir. Bu yönüyle toplumsal
hayatın ihtiyaç duyduğu bilgi ve becerileri kapsayan geniş temel yaklaşımlı öğretim programlarının özünü
oluşturmaktadır. Öğretim programlarında yer verilen programlar arası bileşenler, öğretim sürecinin dinamik
bir yapıda ilerlemesini sağlamakta ve aynı zamanda eğitimin örtük hedeflerini özetlemektedir. Türkiye
Yüzyılı Maarif Modeli’nde programlar arası bileşenler güçlü, çeşitli ve kapsayıcı bir şekilde ele alınmıştır.
Gelişim sürecinin tamamlayıcı ve bütüncül yönünü yansıtan sosyal-duygusal öğrenme becerilerinin gelişimi;
toplumun millî ve manevi değerlerinin öğrenciler tarafından içselleştirilmesi; her yaştan insanın sahip
olması gereken sistem okuryazarlığı bağlamında farklı okuryazarlık becerilerinin kazandırılması programlar
arası bileşenlerin temel hedefleridir.
Öğretim programlarında programlar arası bileşenler olarak yer alan beceri ve değerlerin her bir ders ve
kademenin doğasına uygun olarak azami ölçüde kullanılmasına özen gösterilmiştir. Türkiye Yüzyılı Maarif
Modeli'nin kapsadığı tüm eğitim kademeleri bütüncül bir yapı olarak ele alınmış, bu kademeler içerisinde
okul öncesinden ortaöğretimin sonuna kadar sarmal bir yapıda programlar arası bileşenlerin geliştirilmesi
hedeflenmiştir. Bu nedenle programlar arası bileşenler; herhangi bir ünitede/temada/öğrenme alanında,
ders veya eğitim kademesinde değil tüm bu süreç içerisinde geliştirilmesi ve tamamlanması gereken bir
yapı olarak ele alınmıştır.
Cevap: Öğrencilere eleştirel düşünme, problem çözme, iletişim kurma, işbirliği yapma, yaratıcılık gibi becerileri kazandırmayı hedefleyen unsurlar, programlar arası bileşenlerdir. Bu bileşenler, öğrencilerin bilgiyi analiz etme, sorgulama, çözüm üretme, ekip çalışması yapma ve özgün fikirler geliştirme yeteneklerini geliştirerek, onları 21. yüzyıl becerilerine sahip bireyler olmaya hazırlar.",0,8,"Öğrencilere eleştirel düşünme, problem çözme, iletişim kurma, işbirliği yapma, yaratıcılık gibi becerileri kazandırmayı hedefleyen unsurlar hangileridir?","Öğrencilere eleştirel düşünme, problem çözme, iletişim kurma, işbirliği yapma, yaratıcılık gibi becerileri kazandırmayı hedefleyen unsurlar, programlar arası bileşenlerdir. Bu bileşenler, öğrencilerin bilgiyi analiz etme, sorgulama, çözüm üretme, ekip çalışması yapma ve özgün fikirler geliştirme yeteneklerini geliştirerek, onları 21. yüzyıl becerilerine sahip bireyler olmaya hazırlar.",1,1,Qwen2.5-1.5B-Instruct,v3
"Soru: Tarih bilimi, toplumları nasıl değiştirebilir?
Bağlam: Tarih bilimi, insanlık tarihini, geçmişte yaşanan olayları ve bu olayların neden-sonuç ilişkilerini inceleyen, belgeler ve bulgular ışığında yorumlayan bir disiplindir. Tarih, yalnızca geçmiş olayları kayıt altına almakla kalmaz, aynı zamanda bu olayların insan toplulukları üzerindeki etkilerini de analiz eder. Tarih bilimi, insanın sosyal, kültürel, ekonomik ve siyasi gelişimini anlamak için önemli bir araçtır.

Tarih Biliminin Tanımı
Tarih, geçmişteki olayların yer ve zaman gösterilerek, neden-sonuç ilişkisi içinde belgelere dayandırılarak incelenmesi ve anlatılmasıdır. Bu süreçte tarihçiler, objektif kalmaya özen gösterir ve geçmişi anlamaya çalışırken mümkün olduğunca tarafsız bir bakış açısı benimser. Tarih bilimi, sadece olayları sıralamakla yetinmez; aynı zamanda bu olayların arka planını, etkilerini ve sonuçlarını da değerlendirir. Bu nedenle tarih, birçok farklı bilim dalıyla etkileşim halindedir ve disiplinler arası bir karakter taşır.

Tarih Biliminin Yöntemleri
Tarih bilimi, olayları incelerken belirli yöntemler kullanır. Bu yöntemler arasında kaynak taraması, eleştirel analiz ve yorumlama önemli bir yer tutar. Kaynak taraması, bir olayın belgelerle, yazılı ya da sözlü tanık ifadeleriyle desteklenmesi sürecidir. Bu kaynaklar, birincil ve ikincil olmak üzere ikiye ayrılır. Birincil kaynaklar, olayların yaşandığı dönemde üretilmiş belgeler, mektuplar, resmi kayıtlar gibi doğrudan kanıtlardır. İkincil kaynaklar ise olaylar hakkında sonradan yapılmış çalışmalar, araştırmalar ve analizlerdir.

Tarihçi, kaynakları topladıktan sonra bu verileri eleştirel bir süzgeçten geçirir. Bu süreçte, kaynakların güvenilirliği, tarafsızlığı ve doğruluğu sorgulanır. Eleştirel analiz, tarihçinin olayları daha iyi anlamasına ve doğru bir sonuca ulaşmasına yardımcı olur. Ardından, elde edilen bilgiler yorumlanır ve olaylar arasındaki bağlantılar kurularak tarihsel bir anlatı oluşturulur. Tarihçinin yorumu, olayların anlamını ve önemini ortaya koyarken, aynı zamanda o dönemin koşullarını, toplumun yapısını ve insan davranışlarını da açıklar.

Tarih Yazıcılığı
Tarih yazıcılığı, geçmişte yaşanan olayların, belgeler ve kaynaklar ışığında kaleme alınması sürecidir. Bu süreçte, tarihçiler belirli bir yöntem izler ve elde ettikleri bilgileri belirli bir düzen içinde sunarlar. Tarih yazıcılığı, farklı dönemlerde ve farklı toplumlarda çeşitli evrelerden geçmiştir. Eski çağlarda, tarih yazıcılığı genellikle olayların kronolojik olarak sıralanması ve kahramanlık hikay
Cevap: Tarih bilimi, insanlara geçmişten ders alma, toplumsal değişimleri anlama ve geleceği şekillendirmek için gerekli bilgiyi sağlayarak toplumlarda değişimlere yol açabilir. Tarihsel bilginin gücü, insanların dünyayı daha iyi anlamalarına, daha bilinçli kararlar vermelerine ve daha adil, eşitlikçi ve barışçıl bir dünya inşa etmelerine yardımcı olur.",0,8,"Tarih bilimi, toplumları nasıl değiştirebilir?","Tarih bilimi, insanlara geçmişten ders alma, toplumsal değişimleri anlama ve geleceği şekillendirmek için gerekli bilgiyi sağlayarak toplumlarda değişimlere yol açabilir. Tarihsel bilginin gücü, insanların dünyayı daha iyi anlamalarına, daha bilinçli kararlar vermelerine ve daha adil, eşitlikçi ve barışçıl bir dünya inşa etmelerine yardımcı olur.",1,1,Qwen2.5-1.5B-Instruct,v3
"Soru: Su kaynaklarını tasarruflu kullanmanın önemi nedir?
Bağlam: DOĞAL ÇEVREYİ NASIL KULLANIYORUZ?
İnsanların ve diğer canlıların sürekli etkileşim içinde olduğu doğal ve beşerî yaşam alanına çevre denir. İnsan, çevresine uyum sağlarken aynı zamanda onu ihtiyaçları doğrultusunda değiştirmektedir. Beslenme, barınma, ulaşım ve dinlenme gibi ihtiyaçlarını karşılamak için doğal çevreden yararlanmaktadır.

Yaşamın devamı için bitkisel ya da hayvansal besin maddelerine ihtiyaç vardır. Bundan dolayı insan, Neolitik Çağ’dan itibaren iklimin elverişli olduğu verimli topraklarda tarım, mera ve çayırlarda ise hayvancılık yapmıştır. Zamanla artan nüfusun ihtiyaçlarını karşılayabilmek için daha geniş alanlara ihtiyaç duymuştur. Bu sayede barajlar ve sulama kanalları yaparak daha geniş alanlarda tarım yapma imkânı bulmuştur. Bu durum, bazı alanlarda doğal çevrenin tahrip olmasına neden olmuştur.

İnsan; zarar verici canlılardan, doğal unsurların olumsuz etkilerinden korunmak ve ayrıca dinlenmek amacıyla barınmaya ihtiyaç duymuştur. Bu ihtiyacı karşılayabilmek için doğadaki taş, toprak, ağaç gibi malzemeleri kullanarak meskenler inşa etmiştir. Teknolojinin gelişmesiyle birlikte insanın doğaya karşı bağımlılığı azalmıştır. Doğadan elde ettiği çimento, çakıl, kum ve demirden, betonarme ya da çelik yapı sistemli binalar yapmıştır.

İnsan, genellikle yerleşme için doğal ve beşerî çevre koşullarının uygun olduğu alanları tercih etmiştir. Doğadaki tatlı su kaynaklarını; içme suyu ihtiyacını karşılama, tarım alanlarını sulama ya da sanayi tesislerinde üretim amaçlı kullanmaya başlamıştır. Göl, deniz ve okyanuslardan balıkçılık, ulaşım ve turizm faaliyetlerinde yararlanan insan, akarsuların enerji potansiyelini kullanarak hidroelektrik enerjisi üretmeye başlamıştır.
Günlük hayatımızda kullandığımız hemen hemen her şeyi yaşadığımız çevreden temin etmekteyiz. Doğadan elde ettiğimiz ham maddeleri sanayi tesislerinde işleyerek kullanırız. Örneğin ağaçlar, kullandığımız ahşap malzemelerin ham maddesidir. Arabalarda, evlerde kullandığımız bazı aletlerin ya da inşaatta kullandığımız demirin kaynağı doğadaki madenlerdir. Ayrıca konutların ısıtılmasında, ulaşım araçlarının çalışmasında ve elektrik enerjisi üretiminde de petrol, doğal gaz ve kömür gibi madenlerden yararlanmaktayız. Topraktan, sudan, bitkilerden ve hayvanlardan elde ettiğimiz ham maddeleri de ihtiyaçlarımız doğrultusunda kullanırız.

İnsan, bir yerden bir yere gidebilmek ya da mal ve hizmetleri bir yere götürebilmek için ulaşıma ihtiyaç duyar. Ulaşım için de köprüler, tüneller
Cevap: Su kaynakları sınırlıdır ve hızla azalmaktadır. Suyu tasarruflu kullanmak, su kıtlığına karşı önlem almak, çevre kirliliğini azaltmak, doğal yaşamı korumak ve sürdürülebilir bir gelecek için önemlidir. Su tasarrufu, günlük yaşamımızda basit adımlarla gerçekleştirilebilir.",1,9,Su kaynaklarını tasarruflu kullanmanın önemi nedir?,"Su kaynakları sınırlıdır ve hızla azalmaktadır. Suyu tasarruflu kullanmak, su kıtlığına karşı önlem almak, çevre kirliliğini azaltmak, doğal yaşamı korumak ve sürdürülebilir bir gelecek için önemlidir. Su tasarrufu, günlük yaşamımızda basit adımlarla gerçekleştirilebilir.",1,1,Qwen2.5-1.5B-Instruct,v3
"Soru: Eğitimde dijitalleşmenin dezavantajları nelerdir?
Bağlam: Türk Eğitim Sistemi
Zorunlu Eğitimin Sosyoekonomik Etkileri ve Geleceğe Yönelik Değerlendirmeler
Zorunlu eğitimin genişletilmesi ve 4+4+4 sistemi gibi reformların hayata geçirilmesi, Türk toplumunun sosyoekonomik yapısı üzerinde önemli etkiler yaratmıştır. Zorunlu eğitimin 12 yıla çıkarılması, eğitim sürecine daha fazla bireyin katılımını sağlamış ve bu durum, toplumsal kalkınma açısından büyük bir fırsat sunmuştur. Eğitimde geçirilen sürenin artması, bireylerin iş gücü piyasasında daha rekabetçi olmasını ve toplumun genel eğitim seviyesinin yükselmesini beraberinde getirmiştir.
Zorunlu eğitimin sosyoekonomik etkileri, özellikle kırsal kesimlerde ve dezavantajlı gruplar arasında daha belirgin hale gelmiştir. Kız çocuklarının okullaşma oranlarının artırılması, kadınların iş gücüne katılımını ve toplumsal hayatta daha etkin rol almalarını sağlamıştır. Aynı şekilde, engelli bireylerin eğitime erişimlerinin kolaylaştırılması, onların topluma entegrasyonunu desteklemiş ve eğitimde fırsat eşitliğini güçlendirmiştir. Zorunlu eğitim, bu anlamda, toplumsal cinsiyet eşitliği ve dezavantajlı grupların topluma katılımı gibi alanlarda olumlu sonuçlar doğurmuştur.
Eğitim süresinin uzatılması, aynı zamanda, genç işsizlik oranlarının düşürülmesine de katkı sağlamıştır. Eğitimde geçirilen sürenin artması, gençlerin iş gücü piyasasına daha donanımlı bireyler olarak girmelerine olanak tanımış ve bu durum, işsizlik oranlarının azalmasına katkıda bulunmuştur. Ayrıca, mesleki eğitimin yaygınlaştırılması ve öğrencilerin erken yaşta mesleki beceriler kazanmaları, Türkiye'nin ekonomik yapısına uygun bir iş gücü yaratılmasına yardımcı olmuştur. Bu durum, özellikle sanayi ve hizmet sektörlerinde nitelikli iş gücüne olan ihtiyacın karşılanması açısından büyük önem taşımaktadır.
Zorunlu eğitim uygulamalarının geleceğe yönelik değerlendirilmesi, bu sistemin sürdürülebilirliğini ve uzun vadeli etkilerini anlamak açısından kritiktir. Eğitimde fırsat eşitliğini sağlamaya yönelik politikaların devam ettirilmesi ve bu alandaki iyileştirmelerin sürdürülmesi, Türkiye'nin toplumsal ve ekonomik kalkınmasında kilit bir rol oynayacaktır. Aynı zamanda, dijital eğitim ve teknoloji kullanımının artırılması, eğitimde kaliteyi artırma ve erişimi genişletme konusunda önemli fırsatlar sunmaktadır.
Gelecekte, zorunlu eğitimin süresi ve içeriği konusunda yapılacak olası düzenlemeler, Türkiye'nin eğitimdeki hedeflerine ulaşması için kritik öneme sahip olacaktır. Eğitim politikalarının, hızla değişen 
Cevap: Eğitimde dijitalleşmenin dezavantajları arasında dijital eşitsizlikler, dijital güvenlik sorunları, öğrencilerin dijital bağımlılığı, birebir etkileşimin azalması ve öğretmenlerin dijital becerilerinin yetersizliği sayılabilir.",0,8,Eğitimde dijitalleşmenin dezavantajları nelerdir?,"Eğitimde dijitalleşmenin dezavantajları arasında dijital eşitsizlikler, dijital güvenlik sorunları, öğrencilerin dijital bağımlılığı, birebir etkileşimin azalması ve öğretmenlerin dijital becerilerinin yetersizliği sayılabilir.",0,0,Qwen2.5-1.5B-Instruct,v3
"Soru: Dede Korkut Hikayeleri'nin içeriği hakkında bilgi verin.
Bağlam: İlk ve Orta Çağlarda Türk dünyası, Türklerin tarih sahnesine çıkışını, kurdukları ilk devletleri ve kültürel gelişimlerini kapsayan önemli bir dönemdir. Bu dönemde, Türkler Orta Asya'nın geniş bozkırlarında yaşamış, çeşitli devletler kurmuş ve zamanla batıya doğru göç ederek dünya tarihine yön vermişlerdir. Hunlar, Göktürkler ve Uygurlar bu dönemin önde gelen Türk devletleridir. Ayrıca, İslamiyet öncesi Türk kültürü, sosyal yapısı, dini inanışları ve Orta Asya’dan batıya doğru gerçekleşen göçler de bu dönemin önemli unsurlarıdır.

İlk Türk Devletleri (Hunlar, Göktürkler, Uygurlar)
Türklerin kurduğu ilk büyük devletlerden biri Hun İmparatorluğu'dur. Hunlar, MÖ 3. yüzyılda Orta Asya'da güçlü bir devlet kurarak, geniş bir coğrafyada egemenlik sağlamışlardır. Hun İmparatorluğu, özellikle Asya Hunları döneminde, Çin ile yaptığı savaşlarla tanınır. Çin Seddi'nin inşa edilmesi, Hun akınlarına karşı bir savunma amacıyla yapılmıştır. Batı Hunları ise Avrupa'ya göç ederek Kavimler Göçü'nü başlatmış ve Avrupa'nın siyasi haritasını köklü bir şekilde değiştirmiştir.

Göktürkler, 6. yüzyılda kurulan ve Türk adını resmi olarak kullanan ilk devlettir. Göktürk Kağanlığı, Bumin Kağan tarafından kurulmuş ve kısa sürede Orta Asya'nın büyük bölümünü kontrol altına almıştır. Göktürkler, doğu ve batı olarak ikiye ayrılmış, özellikle Bilge Kağan ve Kül Tigin dönemlerinde büyük bir güç haline gelmiştir. Orhun Yazıtları, Göktürk döneminden kalma en önemli yazılı belgeler olup, Türklerin tarihteki en eski yazılı kaynaklarından biridir.

Uygurlar ise 8. yüzyılda Göktürkler’in yerine geçen bir diğer büyük Türk devletidir. Uygurlar, tarım ve ticarete önem vermiş, yerleşik hayata geçerek şehirler kurmuşlardır. Uygurların yerleşik hayata geçişi, Türk kültürü ve sosyal yapısı üzerinde derin etkiler bırakmıştır. Manicilik ve Budizm gibi dinleri benimseyen Uygurlar, sanat, mimari ve edebiyat alanında da önemli eserler vermişlerdir.

İslamiyet Öncesi Türk Kültür ve Uygarlığı
İslamiyet öncesi Türk kültürü, göçebe yaşam tarzına dayalı bir kültürdü. Türkler, atlı göçebe toplumlar olarak bilinirler ve hayvancılık, özellikle de at yetiştiriciliği, yaşamlarının merkezinde yer almıştır. Bu dönemde, Türkler güçlü bir aile yapısına sahipti ve sosyal organizasyonlar boylar şeklinde düzenlenmişti. Boylar, bir kağanın liderliğinde bir araya gelerek devlet yapısını oluşturuyordu.

Türklerde, doğa güçlerine ve gökyüzüne tapma yaygındı. Gök Tanrı inancı, Türklerin en yaygın dini inanışıydı. Ayr
Cevap: Dede Korkut Hikayeleri, Oğuz boylarının hayatlarını, savaşlarını, aşklarını ve kahramanlıklarını anlatan halk hikayeleridir. Türklerin mitolojisini, toplumsal değerlerini ve yaşam biçimini yansıtan bu hikayeler, Türk kültürünün önemli bir parçasıdır.",0,8,Dede Korkut Hikayeleri'nin içeriği hakkında bilgi verin.,"Dede Korkut Hikayeleri, Oğuz boylarının hayatlarını, savaşlarını, aşklarını ve kahramanlıklarını anlatan halk hikayeleridir. Türklerin mitolojisini, toplumsal değerlerini ve yaşam biçimini yansıtan bu hikayeler, Türk kültürünün önemli bir parçasıdır.",1,1,Qwen2.5-1.5B-Instruct,v3
"Soru: Sınav günü performansınızı etkileyecek faktörler nelerdir?
Bağlam: YKS Öncesinde Planlama ve Hazırlık
Yükseköğretim Kurumları Sınavı (YKS) öncesinde, adayların başarılı olabilmeleri için planlama ve hazırlık süreçleri büyük önem taşır. Bu süreçte, adayların sınav tarihine kadar olan zamanlarını verimli kullanmaları ve eksik oldukları konuları gözden geçirerek tamamlama yoluna gitmeleri önerilir. Planlı çalışmak, adayların sınav öncesindeki stres ve kaygı düzeylerini azaltırken, aynı zamanda özgüvenlerini de artırır.
Sınav öncesi dönemde, adayların günlük çalışma programları oluşturmaları ve bu programlara sadık kalmaları gereklidir. Her gün belirli saatlerde ders çalışmak, rutin oluşturur ve bu rutine bağlı kalmak, bilgilerin daha kalıcı hale gelmesine yardımcı olur. Ayrıca, çalışma saatlerinin yanı sıra, dinlenme ve tekrar zamanlarını da içeren bir program, adayların hem fiziksel hem de zihinsel olarak sınav gününe en iyi şekilde hazırlanmalarını sağlar.
Adayların bu süreçte üzerinde durmaları gereken bir diğer önemli nokta, deneme sınavlarına katılmaktır. Deneme sınavları, adayların gerçek sınav koşullarını deneyimlemelerini sağlar ve zaman yönetimi konusunda pratik yapmalarına yardımcı olur. Bu sınavlar, aynı zamanda hangi konularda eksikliklerinin olduğunu fark etmelerine ve bu konulara odaklanmalarına olanak tanır. Deneme sınavlarının ardından yapılan analizler, adayların sınav stratejilerini geliştirmelerine katkıda bulunur.
Sınav öncesi dönemde, beslenme ve uyku düzenine dikkat etmek de kritik öneme sahiptir. Düzenli ve dengeli beslenmek, adayların enerji seviyelerini yüksek tutar ve zihinsel performanslarını artırır. Özellikle sınavdan bir gün önce hafif, sindirimi kolay yiyecekler tercih edilmelidir. Aynı şekilde, yeterli uyku almak, zihnin dinlenmesini ve sınav günü zinde olunmasını sağlar. Uyku düzenine dikkat edilmemesi, sınav günü yorgun ve odaklanma sorunları yaşayan bir zihinle sınava girilmesine neden olabilir.
Bu süreçte adayların, sınav öncesi kaygı ve stresi yönetmek için nefes egzersizleri ve gevşeme tekniklerini kullanmaları önerilir. Derin nefes almak, vücuttaki gerginliği azaltır ve zihni sakinleştirir. Meditasyon ve hafif egzersizler de sınav öncesinde rahatlama sağlayabilir. Sınav öncesi gece yapılan kısa bir yürüyüş ya da yoga gibi aktiviteler, hem fiziksel hem de zihinsel olarak rahatlama sağlar ve adayların sınav günü kendilerini daha iyi hissetmelerine katkıda bulunur.
Sonuç olarak, YKS öncesinde planlı bir çalışma programı oluşturmak, düzenli deneme sınavlarıyla pratik yapmak ve sağlıkl
Cevap: Sınav günü performansınızı etkileyecek faktörler arasında, yeterli uyku, dengeli beslenme, sınav yerini önceden bilmek, stres yönetimi, özgüven ve sınav stratejileri bulunur. Bu faktörleri göz önünde bulundurmak, sınav günü daha rahat ve odaklanmış olmanızı sağlar.",1,9,Sınav günü performansınızı etkileyecek faktörler nelerdir?,"Sınav günü performansınızı etkileyecek faktörler arasında, yeterli uyku, dengeli beslenme, sınav yerini önceden bilmek, stres yönetimi, özgüven ve sınav stratejileri bulunur. Bu faktörleri göz önünde bulundurmak, sınav günü daha rahat ve odaklanmış olmanızı sağlar.",1,1,Qwen2.5-1.5B-Instruct,v3
"Soru: Zaman yönetimi planı, öğrencilerin stresi azaltmasına nasıl yardımcı olur?
Bağlam: Zaman Yönetimi ve Organizasyon Becerileri
İyi bir öğrenci olmanın en önemli bileşenlerinden biri de etkili zaman yönetimidir. Zamanınızı iyi yönetmek, ders çalışmak için yeterli zamanı ayırmanızı ve aynı zamanda sosyal aktiviteler için de vakit bulmanızı sağlar. Zaman yönetimi, önceliklerinizi belirlemek ve bu önceliklere göre hareket etmek anlamına gelir. Bir öğrenci olarak, derslerinizi, ödevlerinizi, sınavlarınızı ve diğer sorumluluklarınızı göz önünde bulundurarak bir plan yapmalısınız. Haftalık veya günlük çalışma planları hazırlamak, işlerinizi düzenli bir şekilde yapmanıza yardımcı olur. Bu planlar, hem akademik başarıyı artırır hem de stresi azaltır. Zaman yönetimi konusunda başarılı olmak için, zamanınızı hangi faaliyetlere harcadığınızı dikkatlice incelemeniz önemlidir. Zamanınızı verimli kullanmak, ders çalışma saatlerinizi düzenlemek ve gereksiz zaman kaybını en aza indirmek anlamına gelir. Organizasyon becerileri de zaman yönetiminin önemli bir parçasıdır. Ders notlarınızı düzenli tutmak, ödevlerinizi takip etmek ve sınav tarihlerine hazırlanmak, başarılı bir öğrenci olmanın anahtarıdır. Ayrıca, çalışma alanınızı düzenli tutmak ve çalışmak için uygun bir ortam yaratmak da önemlidir. Bu şekilde, dikkatinizi dağıtan unsurlardan uzak durarak daha verimli çalışabilirsiniz. Zaman yönetimi ve organizasyon becerileri, hem derslerde hem de genel olarak yaşamda başarılı olmanın temel unsurlarından biridir.
Cevap: Zaman yönetimi planı, öğrencilerin görevleri için yeterli zaman ayırmalarını ve zamanlarını boşa harcamalarını önlemelerini sağlar. Bu sayede, öğrenciler görevlerini zamanında tamamlayabilir ve son dakikaya kalma stresi yaşamazlar. Ayrıca, planlar öğrencilerin hedeflerine odaklanmalarını, ilerlemelerini takip etmelerini ve motive kalmalarını sağlar, bu da stres seviyelerini düşürür.",0,8,"Zaman yönetimi planı, öğrencilerin stresi azaltmasına nasıl yardımcı olur?","Zaman yönetimi planı, öğrencilerin görevleri için yeterli zaman ayırmalarını ve zamanlarını boşa harcamalarını önlemelerini sağlar. Bu sayede, öğrenciler görevlerini zamanında tamamlayabilir ve son dakikaya kalma stresi yaşamazlar. Ayrıca, planlar öğrencilerin hedeflerine odaklanmalarını, ilerlemelerini takip etmelerini ve motive kalmalarını sağlar, bu da stres seviyelerini düşürür.",1,1,Qwen2.5-1.5B-Instruct,v3
"Soru: Sınav öncesinde hangi konulara daha fazla odaklanmak faydalıdır?
Bağlam: YKS Öncesinde Planlama ve Hazırlık
Yükseköğretim Kurumları Sınavı (YKS) öncesinde, adayların başarılı olabilmeleri için planlama ve hazırlık süreçleri büyük önem taşır. Bu süreçte, adayların sınav tarihine kadar olan zamanlarını verimli kullanmaları ve eksik oldukları konuları gözden geçirerek tamamlama yoluna gitmeleri önerilir. Planlı çalışmak, adayların sınav öncesindeki stres ve kaygı düzeylerini azaltırken, aynı zamanda özgüvenlerini de artırır.
Sınav öncesi dönemde, adayların günlük çalışma programları oluşturmaları ve bu programlara sadık kalmaları gereklidir. Her gün belirli saatlerde ders çalışmak, rutin oluşturur ve bu rutine bağlı kalmak, bilgilerin daha kalıcı hale gelmesine yardımcı olur. Ayrıca, çalışma saatlerinin yanı sıra, dinlenme ve tekrar zamanlarını da içeren bir program, adayların hem fiziksel hem de zihinsel olarak sınav gününe en iyi şekilde hazırlanmalarını sağlar.
Adayların bu süreçte üzerinde durmaları gereken bir diğer önemli nokta, deneme sınavlarına katılmaktır. Deneme sınavları, adayların gerçek sınav koşullarını deneyimlemelerini sağlar ve zaman yönetimi konusunda pratik yapmalarına yardımcı olur. Bu sınavlar, aynı zamanda hangi konularda eksikliklerinin olduğunu fark etmelerine ve bu konulara odaklanmalarına olanak tanır. Deneme sınavlarının ardından yapılan analizler, adayların sınav stratejilerini geliştirmelerine katkıda bulunur.
Sınav öncesi dönemde, beslenme ve uyku düzenine dikkat etmek de kritik öneme sahiptir. Düzenli ve dengeli beslenmek, adayların enerji seviyelerini yüksek tutar ve zihinsel performanslarını artırır. Özellikle sınavdan bir gün önce hafif, sindirimi kolay yiyecekler tercih edilmelidir. Aynı şekilde, yeterli uyku almak, zihnin dinlenmesini ve sınav günü zinde olunmasını sağlar. Uyku düzenine dikkat edilmemesi, sınav günü yorgun ve odaklanma sorunları yaşayan bir zihinle sınava girilmesine neden olabilir.
Bu süreçte adayların, sınav öncesi kaygı ve stresi yönetmek için nefes egzersizleri ve gevşeme tekniklerini kullanmaları önerilir. Derin nefes almak, vücuttaki gerginliği azaltır ve zihni sakinleştirir. Meditasyon ve hafif egzersizler de sınav öncesinde rahatlama sağlayabilir. Sınav öncesi gece yapılan kısa bir yürüyüş ya da yoga gibi aktiviteler, hem fiziksel hem de zihinsel olarak rahatlama sağlar ve adayların sınav günü kendilerini daha iyi hissetmelerine katkıda bulunur.
Sonuç olarak, YKS öncesinde planlı bir çalışma programı oluşturmak, düzenli deneme sınavlarıyla pratik yapmak ve sağlıkl
Cevap: Sınav öncesinde, deneme sınavlarının sonuçları ve kişisel eksiklikler göz önünde bulundurularak, eksik konulara odaklanmak faydalıdır. Ayrıca, sınavda daha fazla soru çıkan konulara ve zorlandığınız konulara daha fazla zaman ayırmak da etkili olabilir.",1,9,Sınav öncesinde hangi konulara daha fazla odaklanmak faydalıdır?,"Sınav öncesinde, deneme sınavlarının sonuçları ve kişisel eksiklikler göz önünde bulundurularak, eksik konulara odaklanmak faydalıdır. Ayrıca, sınavda daha fazla soru çıkan konulara ve zorlandığınız konulara daha fazla zaman ayırmak da etkili olabilir.",0,0,Qwen2.5-1.5B-Instruct,v3
"Soru: Eğitimde geliştirici ölçme ve değerlendirme yaklaşımları nasıl uygulanabilir?
Bağlam: Süreç
Türkiye Yüzyılı Maarif Modeline Neden İhtiyaç Duyuldu?
Türkiye Yüzyılı Maarif Modeli, on yıllık uzun soluklu bir çalışmanın ürünüdür ve bu süreçte beceri temelli öğretim programlarını geliştirmek amacıyla birçok adım atılmıştır. Bu doğrultudaki somut ilk çalışma, 2014 yılında yapılan Milli Eğitim Kalite Çerçevesi’dir. Bu çerçevede öğrencilerin sahip olması gereken beceriler tanımlanmıştır. Beceri temelli bir eğitim anlayışı için atılan ikinci somut adım ise Türkiye Yeterlilikler Çerçevesi’nin Uygulanmasına İlişkin Usul ve Esaslar Hakkında Yönetmelik’in Bakanlar Kurulu’nun 2015/8213 sayılı Kararıyla 19 Kasım 2015 tarihli ve 29537 sayılı Resmi Gazete’de yayımlanarak yürürlüğe girmesidir. Bu çerçeve kapsamında tanımlanan 8 anahtar yetkinlik, öğretim programlarına dâhil edilmiştir.
Türkiye Yüzyılı Maarif Modeli’ne dayanan ve 2023 yılında tam zamanlı komisyon çalışmaları ile başlayan program geliştirme sürecinin ilk aşamasını ihtiyaç analizi oluşturmuştur. Bu kapsamda mevcut öğretim programlarına yönelik sorunlar ve ihtiyaçlar tespit edilmiş; bu sorunların nasıl giderilebileceği ve ihtiyaçların nasıl karşılanabileceği üzerine temel sorular sorularak bilimsel, ihtiyaca uygun bir yol haritası oluşturmak amacıyla çeşitli kaynaklardan veriler toplanmıştır.
81 İl Milli Eğitim Müdürlüğünde program değerlendirme komisyonları kurularak mevcut programların değerlendirilmesi yapılmış ve raporlama süreci yürütülmüştür. 2013 yılından itibaren öğretim programlarına ve ders kitaplarına gelen görüş ve öneriler Talim ve Terbiye Kurulu Başkanlığı tarafından arşivlenmiş ve bu görüşler üzerinde içerik analizi yapılarak çalışmalar raporlaştırılmıştır. Beceri temelli öğretim programı uygulayan ülkelerle ilgili durum tespit çalışmaları yapılmıştır. Türkiye Yüzyılı Maarif Modeli öğretim programlarında kullanılması kararlaştırılan beceri setleri ile ilgili çalışmalar sivil toplum kuruluşlarına gönderilerek onların görüş ve önerileri alınmıştır.
OECD, Dünya Bankası gibi uluslararası kuruluşlarla ilgili güncel gelişmeler sürekli takip edilerek alana yönelik yurt dışındaki akademik yayınlar incelenmiş ve bunları raporlaştıran komisyonlar oluşturulmuştur. 2017 Öğretim Programlarının konu ve kazanımlar açısından birçok farklı ülkenin öğretim programı ile karşılaştırıldığı analiz raporları oluşturulmuştur. Uluslararası sınavlarda ortalamanın üzerinde başarı gösteren ülkelerin öğretim programları, program geliştirme açısından incelenmiş ve raporlaştırılmıştır.
Beceri temelli öğre
Cevap: Geliştirici ölçme ve değerlendirme, öğrencilerin öğrenme süreçlerini takip etmek ve onlara geri bildirim vermek için kullanılır, böylece öğrencilerin gelişmelerine yardımcı olur. Bu yaklaşım, öğrencilerin öğrenme sürecinde karşılaştıkları zorlukları belirlemek,  güçlü yönlerini keşfetmek ve  ilerleme kaydetmeleri için yol göstermek amacıyla uygulanır. Geliştirici ölçme ve değerlendirme, öğrencilerin sadece bildiklerini değil, aynı zamanda öğrenme süreçlerini,  problemleri çözme stratejilerini ve  yeni bilgilerle nasıl başa çıktıklarını değerlendirir. Bu yaklaşım, öğrencilere  kendi öğrenmelerini daha iyi anlamalarını, kendi gelişimlerini takip etmelerini ve öğrenme hedeflerine ulaşmaları için motive olmalarını sağlar.",0,8,Eğitimde geliştirici ölçme ve değerlendirme yaklaşımları nasıl uygulanabilir?,"Geliştirici ölçme ve değerlendirme, öğrencilerin öğrenme süreçlerini takip etmek ve onlara geri bildirim vermek için kullanılır, böylece öğrencilerin gelişmelerine yardımcı olur. Bu yaklaşım, öğrencilerin öğrenme sürecinde karşılaştıkları zorlukları belirlemek,  güçlü yönlerini keşfetmek ve  ilerleme kaydetmeleri için yol göstermek amacıyla uygulanır. Geliştirici ölçme ve değerlendirme, öğrencilerin sadece bildiklerini değil, aynı zamanda öğrenme süreçlerini,  problemleri çözme stratejilerini ve  yeni bilgilerle nasıl başa çıktıklarını değerlendirir. Bu yaklaşım, öğrencilere  kendi öğrenmelerini daha iyi anlamalarını, kendi gelişimlerini takip etmelerini ve öğrenme hedeflerine ulaşmaları için motive olmalarını sağlar.",1,1,Qwen2.5-1.5B-Instruct,v3
"Soru: Roma ve İstanbul gibi şehirlerin yönetim açısından önemli olmasının nedenleri nelerdir?
Bağlam: İlk Yerleşmeler ve Yerleşmelerin Farklılaşması
İnsanların meskenleri ile birlikte yaşadığı ve yararlandığı alanların bütününe yerleşme denir. Tarih öncesi çağların başlarında besinlerini avcılık ve toplayıcılıkla elde eden, mağara ve ağaç kovuklarını barınak olarak kullanan insanlar, mevsimlere uygun yaşam alanı bulmak için göçebe bir yaşam tarzı sürdürmek zorunda kalmıştır. Yerleşme olgusu ise insanların barınma, beslenme ve korunma ihtiyaçları sonucunda ortaya çıkmıştır. İnsanoğlu bu temel ihtiyaçlarının peşinde sürekli yer değiştirmek yerine; su kaynaklarına yakın, tarım ve hayvancılık yapmaya uygun, olumsuz hava koşullarına ve saldırılara karşı korunaklı, ulaşımı kolay yerleri yaşam alanı olarak seçmiştir.

Buzul Çağı’nın sona ermesiyle günümüze yakın iklim koşullarının ortaya çıkması, ateşin bulunması, hayvanların evcilleştirilmesi ve tarımsal üretimin başlaması insanların yerleşik hayata geçmesini hızlandırmıştır. Böylece uygun iklim şartlarına sahip, tarıma elverişli ve tatlı su kaynakları yönünden zengin alanlarda ilk köy yerleşmeleri ortaya çıkmıştır. Bu köy yerleşmelerinde zamanla nüfus artmaya başlamış ve köy yerleşmeleri zamanla büyüyerek ilk şehir yerleşmelerine dönüşmüştür. Fırat ve Dicle Nehirleri arasında kalan Mezopotamya, Mısır’daki Nil Vadisi, Hindistan’daki Ganj ve İndus Vadisi, Çin’deki Gökırmak ve Sarıırmak Vadileri ilk şehir yerleşmelerinin ortaya çıktığı alanlardır.

Paleolitik (Yontma Taş) Çağ’ın başlarında yaşamını gruplar hâlinde ve göçebe olarak sürdüren insanoğlu, avcılık ve toplayıcılıkla beslenme ihtiyaçlarını karşılıyordu. Bu dönemde, tatlı su kaynaklarına yakın mağara ve ağaç kovukları gibi doğal barınakları mesken olarak kullanıyordu. Bu doğal barınaklara Çin’deki Çukutien (Kukutin), Almanya’daki Neandertal (Neandetal), ülkemizdeki Karain (Antalya) ve Yarımburgaz (İstanbul) mağaraları örnek verilebilir.
Buzul Çağı’nın da sona ermesiyle yerleşik hayata geçen insan, tarım ve hayvancılıkla uğraşmıştır. Faaliyetlerini sürdürdüğü yerde barınma ihtiyacını karşılamak üzere meskene ihtiyaç duymuştur. Böylece ilk meskenlerini kerpiç, taş, kamış gibi doğal malzemeleri kullanarak inşa etmiştir. MÖ yaklaşık 10.000 yıllarına denk gelen bu döneme Neolitik (Cilalı Taş) Çağ adı verilir. Ilıman kuşakta yer alan akarsu ve göl kenarlarındaki verimli topraklar, ilk yerleşik hayata ait kalıntıların olduğu yerler olmuştur.

Tarımla beraber besin kaynaklarının artması, nüfusun da hızlı bir şekilde artmasını sağlamıştır. Artan nüfusa bağl
Cevap: Roma ve İstanbul, büyük imparatorlukların başkentleri olmuştur. Bu nedenle siyasi, ekonomik ve kültürel merkezler olarak gelişmişlerdir. İmparatorlukların idaresinin yürütüldüğü ve ticaretin yoğun olarak gerçekleştiği yerler olmuşlardır.",0,8,Roma ve İstanbul gibi şehirlerin yönetim açısından önemli olmasının nedenleri nelerdir?,"Roma ve İstanbul, büyük imparatorlukların başkentleri olmuştur. Bu nedenle siyasi, ekonomik ve kültürel merkezler olarak gelişmişlerdir. İmparatorlukların idaresinin yürütüldüğü ve ticaretin yoğun olarak gerçekleştiği yerler olmuşlardır.",1,1,Qwen2.5-1.5B-Instruct,v3
"Soru: Sınav sırasında zaman yönetimi neden önemlidir?
Bağlam: TYT (Temel Yeterlilik Testi), Türkiye'de üniversiteye giriş sürecinde hayati bir adımdır ve sınav günü, bu sürecin en kritik anıdır. Sınav günü, öğrencilerin aylar süren hazırlıklarını ortaya koyacakları gündür ve bu nedenle sınav günü stratejileri, başarıya ulaşmada önemli bir rol oynar. Sınav günü stresini yönetmek, doğru beslenmek ve sınav sırasında stratejik bir yaklaşımla hareket etmek, öğrencilerin performansını doğrudan etkileyebilir. Bu bağlamda, sınav günü stratejileri, öğrencilerin bu önemli günde en iyi şekilde odaklanmalarını ve sınavı en verimli şekilde tamamlamalarını sağlamayı amaçlar.

Sınav Günü Stres Yönetimi ve Kahvaltının Önemi: Sınav günü geldiğinde, öğrencilerin yaşadığı stres doğal ve beklenen bir durumdur. Ancak, bu stresi yönetmek ve sınav sırasında sakin kalmak, öğrencilerin başarı şansını artırır. Sınavdan önceki gece yeterli uyku almak, zihnin dinlenmesine ve sabah zinde uyanmaya yardımcı olur. Sınav sabahı, öğrencilerin rahatlamaya odaklanmaları önemlidir. Meditasyon veya derin nefes alma egzersizleri gibi basit rahatlama teknikleri, stres seviyesini düşürmeye yardımcı olabilir.

Beslenme de sınav günü için kritik bir unsurdur. İyi bir kahvaltı yapmak, sınav boyunca enerji seviyesinin yüksek tutulmasını sağlar. Dengeli bir kahvaltı, beyin fonksiyonlarını destekleyen protein, kompleks karbonhidrat ve sağlıklı yağlar içermelidir. Örneğin, tam tahıllı ekmek, yumurta, süt ürünleri ve meyve, sınav sırasında odaklanmayı ve zihinsel performansı artırabilir. Aşırı şekerli veya yağlı yiyeceklerden kaçınılmalı, mideyi rahatsız etmeyecek ve enerji sağlayacak besinler tercih edilmelidir.

Sınav Sırasında Stratejik Yaklaşım: TYT gibi geniş kapsamlı bir sınavda, her soruya aynı şekilde yaklaşmak zaman ve verimlilik açısından etkili olmayabilir. Bu nedenle, sınav sırasında stratejik bir yaklaşım geliştirmek önemlidir. Öğrenciler, sınavda önce kendilerine daha kolay gelen soruları çözmeli, zorlandıkları sorulara ise daha sonra dönmelidir. Bu yaklaşım, öğrencilerin sınavın başında moral ve motivasyon kazanmalarını sağlar ve sınav süresinin daha verimli kullanılmasına yardımcı olur.

Kolay sorularla başlamak, öğrencilerin hızla ilerlemelerini ve sınav boyunca zaman baskısını azaltmalarını sağlar. Zor sorulara takılmak yerine, bu soruları işaretleyip daha sonra dönmek, sınav süresini daha etkin bir şekilde kullanmalarına olanak tanır. Ayrıca, bu strateji, öğrencilerin zor sorularda gereksiz yere zaman harcayarak daha kolay soruları kaçırm
Cevap: Sınav sırasında zamanı iyi yönetmek, başarıyı artırmak için çok önemlidir. Her bölüm için belirli bir zaman sınırı vardır ve öğrencilerin bu sınırı aşmamaları gerekir. Zamanı iyi yönetmek, öğrencilerin her soruya yeterli zaman ayırmalarını ve sınavı tamamlamalarını sağlar. Ayrıca, zaman baskısı altında panik yapmamak ve aceleci kararlar almamak için de zaman yönetimi önemlidir.",1,9,Sınav sırasında zaman yönetimi neden önemlidir?,"Sınav sırasında zamanı iyi yönetmek, başarıyı artırmak için çok önemlidir. Her bölüm için belirli bir zaman sınırı vardır ve öğrencilerin bu sınırı aşmamaları gerekir. Zamanı iyi yönetmek, öğrencilerin her soruya yeterli zaman ayırmalarını ve sınavı tamamlamalarını sağlar. Ayrıca, zaman baskısı altında panik yapmamak ve aceleci kararlar almamak için de zaman yönetimi önemlidir.",1,1,Qwen2.5-1.5B-Instruct,v3
"Soru: İnsanlar, yaşadıkları yerlerde hangi temel ihtiyaçlarını karşılamak için meskenlere ihtiyaç duyar?
Bağlam: Meskenlerde Kullanılan Yapı Malzemeleri
İnsanların barınma, korunma, dinlenme ve çalışma gibi ihtiyaçlarını karşıladığı yapıların tümüne mesken denir. Mesken tipleri bölgelere göre farklılık gösterir. Bunda bölgede yaşayan insanların sosyal ve ekonomik faaliyetleri ile bölgedeki doğal çevre koşulları etkilidir. Kırsal yerleşmelere ait meskenlerde doğal çevre koşullarının etkisi daha belirgindir. Şehirsel yerleşmelerdeki mesken tiplerinde ise ekonomik ve teknolojik koşullar etkilidir. Yapı malzemelerine göre başlıca mesken tipleri şunlardır:
Taş meskenler, en fazla Akdeniz Havzası’nda bulunan ülkelerde bulunur. Özellikle kalker, granit, bazalt, andezit gibi kayaçların fazla olduğu yerlerde bu meskenlere daha çok rastlanır. Bu kayaçlar; çimento, çamur gibi farklı malzemelerle de karıştırılarak mesken yapılabilmektedir. Ülkemizde Akdeniz iklim bölgesinde, Doğu Anadolu, İç Anadolu ve Güneydoğu Anadolu’daki volkanik araziler çevresinde taş evlere rastlanabilir.
Ahşap mesken, ağaç malzemenin kullanıldığı ve daha çok orman örtüsünün fazla olduğu kırsal yerleşmelerde görülür. Bu tür meskenler, ekvatoral ve muson iklim bölgelerinde, ülkemizde ise Karadeniz iklim bölgesinde yaygındır.
Toprak meskenler, yağışın az ve sıcaklık farkının fazla olduğu alanlarda görülür. Buralarda mesken yapımı için ağaç ya da taş malzeme bulmak zordur. Bu yüzden kırsal
yerleşmelerde en kolay mesken yapı malzemesi olarak toprak kullanılır. Kil, mil, balçık en çok kullanılan toprak yapı malzemesidir. Kerpiç evler, toprak evlerin en tipik örneğidir. Toprak meskenler dünyada karasal iklim bölgelerinde, ülkemizde ise Orta ve Güneydoğu Anadolu’da yaygındır.
malzemelerin kullanılmasıyla yapılır. Dünyada ve ülkemizde genellikle şehirlerde görülen ve doğal çevrenin etkilerinin en aza indirildiği mesken tipidir.
Diğer mesken tipleri; yeryüzü şekilleri, iklim ve bitki örtüsünün etkisiyle farklı tipte yapı malzemelerinin kullanıldığı meskenlerde görülür. Örneğin Kuzey Kutbu’na yakın bölgelerde igloo adı verilen meskenler bulunur. Eskimolar tarafından buz ve kar kullanılarak yapılmıştır.
Tüf ya da kalker gibi kolay oyulabilen kayaçların şekillendirilmesiyle oluşturulmuş meskenler de bulunur.
Cevap: İnsanlar, meskenlerde barınma, korunma, dinlenme ve çalışma ihtiyaçlarını karşılar. Meskenler, insanların günlük yaşamlarını sürdürebilmeleri için güvenli ve konforlu bir ortam sağlar. Barınma, insanları dış etkenlerden koruyarak hayatta kalmalarını sağlar. Korunma, insanların kendilerini tehlikelerden güvende hissetmelerini sağlar. Dinlenme, insanların yorgunluklarını gidererek enerji toplamalarını sağlar. Çalışma ise insanların geçimlerini sağlayabilmeleri için gereklidir.",0,8,"İnsanlar, yaşadıkları yerlerde hangi temel ihtiyaçlarını karşılamak için meskenlere ihtiyaç duyar?","İnsanlar, meskenlerde barınma, korunma, dinlenme ve çalışma ihtiyaçlarını karşılar. Meskenler, insanların günlük yaşamlarını sürdürebilmeleri için güvenli ve konforlu bir ortam sağlar. Barınma, insanları dış etkenlerden koruyarak hayatta kalmalarını sağlar. Korunma, insanların kendilerini tehlikelerden güvende hissetmelerini sağlar. Dinlenme, insanların yorgunluklarını gidererek enerji toplamalarını sağlar. Çalışma ise insanların geçimlerini sağlayabilmeleri için gereklidir.",1,1,Qwen2.5-1.5B-Instruct,v3
"Soru: TYT sınavı hakkında bilgi almak için öğrenciler nereye başvurabilirler?
Bağlam: TYT (Temel Yeterlilik Testi), Türkiye'de üniversiteye giriş sisteminin ilk adımı olup, öğrencilerin lisans ve ön lisans programlarına yerleşebilmesi için belirli bir başarı düzeyine ulaşmalarını gerektirir. Bu başarı düzeyi, sınavda elde edilen puanlar üzerinden hesaplanan ""baraj puanı"" ile belirlenir. Baraj puanı, öğrencilerin hangi eğitim programlarına yerleşebileceğini ve sınav sonrası süreçte nasıl bir yol izleyeceklerini doğrudan etkileyen kritik bir unsurdur.

Baraj Puanı ve Yerleştirme: TYT sınavında elde edilen puan, öğrencilerin yerleştirme puanlarının hesaplanmasında önemli bir rol oynar. TYT puanının %40'ı, öğrencilerin yerleştirme puanlarına doğrudan katkıda bulunur. Bu, TYT sınavının, öğrencilerin üniversiteye yerleşme süreçlerinde ne kadar belirleyici olduğunu gösterir. Yerleştirme puanı, TYT puanının yanı sıra, AYT (Alan Yeterlilik Testi) ve YDT (Yabancı Dil Testi) gibi diğer sınavların da etkisiyle belirlenir. Ancak, TYT'deki performans, bu sürecin temelini oluşturur.

Öğrencilerin lisans programlarına yerleşebilmesi için TYT sınavından en az 150 puan alması gerekmektedir. Bu puan, lisans programları için gereken minimum başarı düzeyini temsil eder. Lisans programları, üniversitelerde dört yıllık eğitim sunan ve genellikle daha spesifik ve derinlemesine bir eğitim gerektiren bölümlerdir. Bu nedenle, lisans programlarına yerleşebilmek için öğrencilerin temel bilgi ve becerilerini yeterli bir seviyede göstermeleri beklenir.

Ön lisans programlarına yerleşebilmek için ise öğrencilerin en az 170 puan alması gerekmektedir. Ön lisans programları, genellikle iki yıl süren ve meslek odaklı eğitim sunan programlardır. Bu programlar, öğrencilere belirli bir mesleki alanda temel bilgi ve beceriler kazandırmayı amaçlar. 170 puan barajı, bu programlara başvurmak isteyen öğrencilerin temel yeterliliklerini göstermeleri gereken minimum puan olarak belirlenmiştir.

Baraj Puanının Önemi: Baraj puanı, öğrencilerin üniversite tercihlerinde ve kariyer planlamalarında önemli bir belirleyici faktördür. Baraj puanını aşamayan öğrenciler, lisans veya ön lisans programlarına yerleşme hakkını kaybederler. Bu durum, öğrencilerin hedefledikleri eğitim programlarına ulaşmaları için TYT sınavında başarılı olmalarının ne kadar kritik olduğunu ortaya koyar.

Baraj puanı ayrıca, öğrencilerin sınav stratejilerini ve çalışma planlarını etkileyen bir faktördür. Öğrenciler, baraj puanını geçmek için TYT sınavında yeterli bir performans sergilemeye odaklanmalı ve sına
Cevap: TYT sınavı hakkında bilgi almak için öğrenciler ÖSYM (Ölçme, Seçme ve Yerleştirme Merkezi) web sitesini ziyaret edebilirler. ÖSYM, TYT sınavı hakkında detaylı bilgiler, sınav takvimi,  sınav yerleri,  sınav içeriği ve  sınav başvuru bilgileri gibi bilgileri paylaşır.",1,10,TYT sınavı hakkında bilgi almak için öğrenciler nereye başvurabilirler?,"TYT sınavı hakkında bilgi almak için öğrenciler ÖSYM (Ölçme, Seçme ve Yerleştirme Merkezi) web sitesini ziyaret edebilirler. ÖSYM, TYT sınavı hakkında detaylı bilgiler, sınav takvimi,  sınav yerleri,  sınav içeriği ve  sınav başvuru bilgileri gibi bilgileri paylaşır.",0,0,Qwen2.5-1.5B-Instruct,v3
"Soru: Ekvator'dan kutuplara doğru gidildikçe paralel dairelerinin uzunluğu neden azalır?
Bağlam: Paraleller ve Özellikleri
Sevgili arkadaşlar sizlere bu yazımızda Paraleller ve Özellikleri hakkında bilgi paylaşacağız. Öncelikle Paralel ve Enlem nedir bunların tanımlarıyla başlayalım.

Paralel ve Enlem
Ekvatora birer derecelik açılarla, paralel olarak geçtiği düşünülen hayali çizgilere paralel denir.
Dünya üzerindeki herhangi bir noktanın Ekvatora olan uzaklığının açı cinsinden değerine ise enlem denir. Bu açı değeri derece ( 0 ), dakika ( ‘ ) ve saniye ( ” ) olarak ifade edilir. 45 derece  19′ 38” gibi. 1 derece = 60 dakika, 1 dakikada = 60 saniyedir.
Paralellerin Özellikleri Nelerdir?
Başlangıç paraleli Ekvatordur. (Tam uzunluğu 40.076 km’dir)
90 kuzey 90 güney olmak üzere toplam 180 paralel dairesi bulunur.
Ardışık iki paralel arası mesafe dünyanın her yerinde 111 km’dir.
Enlem değerlerini tespit etmek için paralellerin arası öncelikle 60 dakikaya, her dakika da kendi içinde 60 saniyeye bölünmüştür.
Paraleller doğu-batı doğrultusunda uzanırlar ve birbirlerini kesmezler.
Paralel değerleri yukarı doğru büyüyorsa Kuzey Yarımküre, küçülüyorsa Güney Yarım küre’dir.
Paralellerin çevre boyu ekvatordan kutuplara doğru kısalır. Kutup noktasında ise sıfır halini alır. Paralel boylarındaki kısalma düzenli değildir. Bunun nedeni Dünyanın geoid şeklinden dolayıdır. Eğer dünya tam küre olsaydı 45 derece enleminin boyu ekvatorun yarısı olurdu. Ancak gerçekte 60 derece  enlemi ekvatorun yarısı kadardır.
90 derece  Paralelleri nokta halindedir.
Ekvatorla dönenceler arası “Alçak Enlemler“, dönencelerle kutup daireleri arası “Orta Enlemler“, kutup daireleri ile kutup noktaları arası ise “Yüksek Enlemler” olarak tanımlanır.
Bazı Enlemlerin özel isimleri vardır.
0  ———- Ekvator
23 27′ K ———- Yengeç Dönencesi
23 27′ G ———- Oğlak Dönencesi
66 33′ K ———- Kuzey Kutup Dairesi
66 33′ G ———- Güney Kutu Dairesi
90 K ———- Kuzey Kutup Noktası
90 G ———- Güney Kutup Noktası

Aynı Enlem Üzerindeki Merkezlerin Ortak Özellikleri;

Ekvator’a ve kutuplara eşit uzaklıktadırlar.
Güneş ışınlarını aynı açıyla alırlar.
Gece-gündüz süreleri birbirine eşittir.
Dünyanın çizgisel dönüş hızı aynıdır.
Aynı iklim kuşağındadırlar. Fakat aynı iklim özelliği görülmeyebilir (özel konumdan dolayı).
Enlem Yeryüzünde;
Güneş ışınlarının düşme açısı Ekvatordan kutuplara doğru daralır.
Işınların atmosferde tutulma miktarı Ekvatordan kutuplara doğru artar.
Güneşin ufuk düzlemi üzerindeki yüksekliği kutuplara doğru düşer. (Güneş daha alçaktaymış gibi görünür)
Cisimlerin gölg
Cevap: Ekvator'dan kutuplara doğru gidildikçe paralel dairelerinin uzunluğu azalır çünkü Dünya tam bir küre değil, kutuplardan basık, ekvatordan şişkin bir şekildedir. Bu nedenle, paralel dairelerin boyu, Ekvator'dan kutuplara doğru gidildikçe düzensiz olarak kısalır.",0,8,Ekvator'dan kutuplara doğru gidildikçe paralel dairelerinin uzunluğu neden azalır?,"Ekvator'dan kutuplara doğru gidildikçe paralel dairelerinin uzunluğu azalır çünkü Dünya tam bir küre değil, kutuplardan basık, ekvatordan şişkin bir şekildedir. Bu nedenle, paralel dairelerin boyu, Ekvator'dan kutuplara doğru gidildikçe düzensiz olarak kısalır.",1,1,Qwen2.5-1.5B-Instruct,v3
"Soru: Zaman yönetimi ve organizasyon becerileri, hangi durumlarda önemlidir?
Bağlam: Zaman Yönetimi ve Organizasyon Becerileri
İyi bir öğrenci olmanın en önemli bileşenlerinden biri de etkili zaman yönetimidir. Zamanınızı iyi yönetmek, ders çalışmak için yeterli zamanı ayırmanızı ve aynı zamanda sosyal aktiviteler için de vakit bulmanızı sağlar. Zaman yönetimi, önceliklerinizi belirlemek ve bu önceliklere göre hareket etmek anlamına gelir. Bir öğrenci olarak, derslerinizi, ödevlerinizi, sınavlarınızı ve diğer sorumluluklarınızı göz önünde bulundurarak bir plan yapmalısınız. Haftalık veya günlük çalışma planları hazırlamak, işlerinizi düzenli bir şekilde yapmanıza yardımcı olur. Bu planlar, hem akademik başarıyı artırır hem de stresi azaltır. Zaman yönetimi konusunda başarılı olmak için, zamanınızı hangi faaliyetlere harcadığınızı dikkatlice incelemeniz önemlidir. Zamanınızı verimli kullanmak, ders çalışma saatlerinizi düzenlemek ve gereksiz zaman kaybını en aza indirmek anlamına gelir. Organizasyon becerileri de zaman yönetiminin önemli bir parçasıdır. Ders notlarınızı düzenli tutmak, ödevlerinizi takip etmek ve sınav tarihlerine hazırlanmak, başarılı bir öğrenci olmanın anahtarıdır. Ayrıca, çalışma alanınızı düzenli tutmak ve çalışmak için uygun bir ortam yaratmak da önemlidir. Bu şekilde, dikkatinizi dağıtan unsurlardan uzak durarak daha verimli çalışabilirsiniz. Zaman yönetimi ve organizasyon becerileri, hem derslerde hem de genel olarak yaşamda başarılı olmanın temel unsurlarından biridir.
Cevap: Zaman yönetimi ve organizasyon becerileri, hem derslerde hem de genel olarak yaşamda başarılı olmak için önemlidir. Bu beceriler, öğrencilerin hedeflerine ulaşmalarını, zamanlarını etkili kullanmalarını, görevlerini zamanında tamamlamalarını ve stres seviyelerini kontrol altına almalarını sağlar. Ayrıca, bu beceriler, öğrencilerin organizasyon, planlama, önceliklendirme ve sorumluluk alma gibi önemli yaşam becerilerini geliştirmelerine yardımcı olur. Bu beceriler, öğrencilerin hem akademik olarak başarılı olmalarını hem de kişisel ve profesyonel hayatlarında daha etkili bireyler olmalarını sağlar.",1,9,"Zaman yönetimi ve organizasyon becerileri, hangi durumlarda önemlidir?","Zaman yönetimi ve organizasyon becerileri, hem derslerde hem de genel olarak yaşamda başarılı olmak için önemlidir. Bu beceriler, öğrencilerin hedeflerine ulaşmalarını, zamanlarını etkili kullanmalarını, görevlerini zamanında tamamlamalarını ve stres seviyelerini kontrol altına almalarını sağlar. Ayrıca, bu beceriler, öğrencilerin organizasyon, planlama, önceliklendirme ve sorumluluk alma gibi önemli yaşam becerilerini geliştirmelerine yardımcı olur. Bu beceriler, öğrencilerin hem akademik olarak başarılı olmalarını hem de kişisel ve profesyonel hayatlarında daha etkili bireyler olmalarını sağlar.",1,1,Qwen2.5-1.5B-Instruct,v3
"Soru: Tarih bilimi, hangi yönleri inceleyerek insanlık tarihinin zenginliğini ortaya koyar?
Bağlam: Tarih bilimi, insanlık tarihini, geçmişte yaşanan olayları ve bu olayların neden-sonuç ilişkilerini inceleyen, belgeler ve bulgular ışığında yorumlayan bir disiplindir. Tarih, yalnızca geçmiş olayları kayıt altına almakla kalmaz, aynı zamanda bu olayların insan toplulukları üzerindeki etkilerini de analiz eder. Tarih bilimi, insanın sosyal, kültürel, ekonomik ve siyasi gelişimini anlamak için önemli bir araçtır.

Tarih Biliminin Tanımı
Tarih, geçmişteki olayların yer ve zaman gösterilerek, neden-sonuç ilişkisi içinde belgelere dayandırılarak incelenmesi ve anlatılmasıdır. Bu süreçte tarihçiler, objektif kalmaya özen gösterir ve geçmişi anlamaya çalışırken mümkün olduğunca tarafsız bir bakış açısı benimser. Tarih bilimi, sadece olayları sıralamakla yetinmez; aynı zamanda bu olayların arka planını, etkilerini ve sonuçlarını da değerlendirir. Bu nedenle tarih, birçok farklı bilim dalıyla etkileşim halindedir ve disiplinler arası bir karakter taşır.

Tarih Biliminin Yöntemleri
Tarih bilimi, olayları incelerken belirli yöntemler kullanır. Bu yöntemler arasında kaynak taraması, eleştirel analiz ve yorumlama önemli bir yer tutar. Kaynak taraması, bir olayın belgelerle, yazılı ya da sözlü tanık ifadeleriyle desteklenmesi sürecidir. Bu kaynaklar, birincil ve ikincil olmak üzere ikiye ayrılır. Birincil kaynaklar, olayların yaşandığı dönemde üretilmiş belgeler, mektuplar, resmi kayıtlar gibi doğrudan kanıtlardır. İkincil kaynaklar ise olaylar hakkında sonradan yapılmış çalışmalar, araştırmalar ve analizlerdir.

Tarihçi, kaynakları topladıktan sonra bu verileri eleştirel bir süzgeçten geçirir. Bu süreçte, kaynakların güvenilirliği, tarafsızlığı ve doğruluğu sorgulanır. Eleştirel analiz, tarihçinin olayları daha iyi anlamasına ve doğru bir sonuca ulaşmasına yardımcı olur. Ardından, elde edilen bilgiler yorumlanır ve olaylar arasındaki bağlantılar kurularak tarihsel bir anlatı oluşturulur. Tarihçinin yorumu, olayların anlamını ve önemini ortaya koyarken, aynı zamanda o dönemin koşullarını, toplumun yapısını ve insan davranışlarını da açıklar.

Tarih Yazıcılığı
Tarih yazıcılığı, geçmişte yaşanan olayların, belgeler ve kaynaklar ışığında kaleme alınması sürecidir. Bu süreçte, tarihçiler belirli bir yöntem izler ve elde ettikleri bilgileri belirli bir düzen içinde sunarlar. Tarih yazıcılığı, farklı dönemlerde ve farklı toplumlarda çeşitli evrelerden geçmiştir. Eski çağlarda, tarih yazıcılığı genellikle olayların kronolojik olarak sıralanması ve kahramanlık hikay
Cevap: Tarih bilimi, insanlık tarihini, sosyal, kültürel, ekonomik ve siyasi yönlerini inceleyerek insanlık tarihinin zenginliğini ortaya koyar. Tarih, insanın zaman içindeki değişimini, farklı kültürlerin ve toplumların oluşumunu, teknolojik gelişmeleri ve siyasi sistemlerin evrimini gösteren bir aynadır. Tarihçiler, farklı kültürlerin ve toplumların tarihini inceleyerek, insanlık tarihinin ne kadar zengin ve çeşitli olduğunu gösterirler. Ayrıca, tarihçiler, geçmiş olayları analiz ederek, insanlığın karşılaştığı zorlukları, başarıları ve hataları da ortaya koyarlar.",1,9,"Tarih bilimi, hangi yönleri inceleyerek insanlık tarihinin zenginliğini ortaya koyar?","Tarih bilimi, insanlık tarihini, sosyal, kültürel, ekonomik ve siyasi yönlerini inceleyerek insanlık tarihinin zenginliğini ortaya koyar. Tarih, insanın zaman içindeki değişimini, farklı kültürlerin ve toplumların oluşumunu, teknolojik gelişmeleri ve siyasi sistemlerin evrimini gösteren bir aynadır. Tarihçiler, farklı kültürlerin ve toplumların tarihini inceleyerek, insanlık tarihinin ne kadar zengin ve çeşitli olduğunu gösterirler. Ayrıca, tarihçiler, geçmiş olayları analiz ederek, insanlığın karşılaştığı zorlukları, başarıları ve hataları da ortaya koyarlar.",1,1,Qwen2.5-1.5B-Instruct,v3
"Soru: Eğitimde fırsat eşitliği sağlayarak, Türk toplumunun hangi sorunlarına çözüm bulunabileceği düşünülmektedir?
Bağlam: Türk Eğitim Sistemi
Zorunlu Eğitimin Sosyoekonomik Etkileri ve Geleceğe Yönelik Değerlendirmeler
Zorunlu eğitimin genişletilmesi ve 4+4+4 sistemi gibi reformların hayata geçirilmesi, Türk toplumunun sosyoekonomik yapısı üzerinde önemli etkiler yaratmıştır. Zorunlu eğitimin 12 yıla çıkarılması, eğitim sürecine daha fazla bireyin katılımını sağlamış ve bu durum, toplumsal kalkınma açısından büyük bir fırsat sunmuştur. Eğitimde geçirilen sürenin artması, bireylerin iş gücü piyasasında daha rekabetçi olmasını ve toplumun genel eğitim seviyesinin yükselmesini beraberinde getirmiştir.
Zorunlu eğitimin sosyoekonomik etkileri, özellikle kırsal kesimlerde ve dezavantajlı gruplar arasında daha belirgin hale gelmiştir. Kız çocuklarının okullaşma oranlarının artırılması, kadınların iş gücüne katılımını ve toplumsal hayatta daha etkin rol almalarını sağlamıştır. Aynı şekilde, engelli bireylerin eğitime erişimlerinin kolaylaştırılması, onların topluma entegrasyonunu desteklemiş ve eğitimde fırsat eşitliğini güçlendirmiştir. Zorunlu eğitim, bu anlamda, toplumsal cinsiyet eşitliği ve dezavantajlı grupların topluma katılımı gibi alanlarda olumlu sonuçlar doğurmuştur.
Eğitim süresinin uzatılması, aynı zamanda, genç işsizlik oranlarının düşürülmesine de katkı sağlamıştır. Eğitimde geçirilen sürenin artması, gençlerin iş gücü piyasasına daha donanımlı bireyler olarak girmelerine olanak tanımış ve bu durum, işsizlik oranlarının azalmasına katkıda bulunmuştur. Ayrıca, mesleki eğitimin yaygınlaştırılması ve öğrencilerin erken yaşta mesleki beceriler kazanmaları, Türkiye'nin ekonomik yapısına uygun bir iş gücü yaratılmasına yardımcı olmuştur. Bu durum, özellikle sanayi ve hizmet sektörlerinde nitelikli iş gücüne olan ihtiyacın karşılanması açısından büyük önem taşımaktadır.
Zorunlu eğitim uygulamalarının geleceğe yönelik değerlendirilmesi, bu sistemin sürdürülebilirliğini ve uzun vadeli etkilerini anlamak açısından kritiktir. Eğitimde fırsat eşitliğini sağlamaya yönelik politikaların devam ettirilmesi ve bu alandaki iyileştirmelerin sürdürülmesi, Türkiye'nin toplumsal ve ekonomik kalkınmasında kilit bir rol oynayacaktır. Aynı zamanda, dijital eğitim ve teknoloji kullanımının artırılması, eğitimde kaliteyi artırma ve erişimi genişletme konusunda önemli fırsatlar sunmaktadır.
Gelecekte, zorunlu eğitimin süresi ve içeriği konusunda yapılacak olası düzenlemeler, Türkiye'nin eğitimdeki hedeflerine ulaşması için kritik öneme sahip olacaktır. Eğitim politikalarının, hızla değişen 
Cevap: Eğitimde fırsat eşitliği sağlayarak, toplumsal cinsiyet eşitsizliği, dezavantajlı grupların eğitimde yetersiz kalması, ekonomik eşitsizlik ve sosyal adaletsizlik gibi sorunlara çözüm bulunması hedeflenmektedir.",0,8,"Eğitimde fırsat eşitliği sağlayarak, Türk toplumunun hangi sorunlarına çözüm bulunabileceği düşünülmektedir?","Eğitimde fırsat eşitliği sağlayarak, toplumsal cinsiyet eşitsizliği, dezavantajlı grupların eğitimde yetersiz kalması, ekonomik eşitsizlik ve sosyal adaletsizlik gibi sorunlara çözüm bulunması hedeflenmektedir.",0,0,Qwen2.5-1.5B-Instruct,v3
"Soru: Yönetmelik ders kitaplarının hazırlanması ve incelenmesi sürecini nasıl etkilemiştir?
Bağlam: ÖĞRETİM MATERYALLERİ
 Öğretim materyalleri; ders kitapları, eğitim araçları ve öğretmen kılavuz kitaplarından oluşmaktadır. Ders kitabı; Talim ve Terbiye Kurulunca, örgün ve yaygın eğitim ve öğretim kurumlarında okutulması uygun bulunan kitabı ifade etmektedir. Eğitim aracı iseörgün ve yaygın eğitim kurumlarında kullanılacak ders kitabı, öğrenci çalışma kitabı, öğretmen kılavuz kitabı ile öğretmen ve öğrencilere kaynak ve yardımcı olacak basılı ve elektronik ortamdaki eğitim  materyalini,  millî  eğitimin  genel  amaçlarının  gerçekleşmesine  yararlı  olacak  diğer eserleri kapsamaktadır. Öğretmen kılavuz kitabı ise ilgili eğitim ve öğretim programlarında yer alan kazanım ve açıklamalar doğrultusunda ders kitabının daha etkili kullanımını sağlayacak çeşitli örnek, alıştırma, işlenen ünite, konu, tema, öğrenme alanlarıyla ilgili internet adresleri, okuma kaynakları ve diğer etkinlikleri kapsayan, öğretmenlerin yararlanması için hazırlanan basılı eseri kapsamaktadır. Öğretim   materyallerinin   hazırlanması/hazırlattırılması,   incelenmesi,   yazarların nitelikleri, taslak kitapların nasıl inceleneceği gibi konuları kapsayan Talim ve Terbiye Kurulu Başkanlığınca yayınlan Millî Eğitim Bakanlığı Ders Kitapları ve Eğitim Araçları Yönetmeliği ilk defa 1995 yılında uygulamaya konmuştur. Yönetmelik uygulamaya konularak ders kitaplarının hazırlanma ve incelenme süreci bir sisteme oturtulmuş iş ve işlemler bu doğrultuda yürütülmüştür.2009 yılına kadar birçok değişiklik geçiren yönetmelik 2009 yılında yeniden yazılarak 27449 sayılı Resmi Gazetede yayınlanmıştır. Öğretim programlarının hazırlanmasındaki köklü değişiklik 1997 yılında EARGED’in öğretim programlarını hazırlaması ve ders kitaplarından ayrı olarak ünitelere/konulara bölmesi ve bunları sınıf seviyelerine göre tasnif etmesi sonucu ders kitaplarının yazdırılması gündeme gelmiştir.  Hazırlanan  öğretim  programları  doğrultusunda  yönetmelikte  belirtilen  şekilde  ders kitapları Ortaöğretim Genel Müdürlüğünce hazırlattırılmıştır. 2002 yılından itibaren Ortaöğretim Genel Müdürlüğüne bağlı okullarda uygulanmakta olan derslere ait öğretim programları uluslararası literatür de taranarak yapılandırmacı yaklaşım temel alınacak şekilde yeniden hazırlanıp geliştirilmesi çalışmaları planlanmış ve 2005-2006 eğitim ve öğretim yılından itibaren bütün ortaöğretim kurumlarında haftalık ders çizelgelerinde yer alan ortak kültür, alan ve seçmeli derslerin öğretim programları yeni yaklaşımlarla yeniden hazırlanarak uygulamay
Cevap: Millî Eğitim Bakanlığı Ders Kitapları ve Eğitim Araçları Yönetmeliği,  ders kitaplarının hazırlanması ve incelenmesi sürecini düzenleyerek sistematik bir yaklaşım getirmiştir. Yönetmelik,  ders kitaplarının hazırlanması, incelenmesi ve onaylanması için belirli prosedürleri ve kriterleri tanımlar. Bu,  ders kitaplarının kalitesini ve öğrencilere sunduğu faydayı artırmak amacıyla yapılmıştır.",0,8,Yönetmelik ders kitaplarının hazırlanması ve incelenmesi sürecini nasıl etkilemiştir?,"Millî Eğitim Bakanlığı Ders Kitapları ve Eğitim Araçları Yönetmeliği,  ders kitaplarının hazırlanması ve incelenmesi sürecini düzenleyerek sistematik bir yaklaşım getirmiştir. Yönetmelik,  ders kitaplarının hazırlanması, incelenmesi ve onaylanması için belirli prosedürleri ve kriterleri tanımlar. Bu,  ders kitaplarının kalitesini ve öğrencilere sunduğu faydayı artırmak amacıyla yapılmıştır.",1,1,Qwen2.5-1.5B-Instruct,v3
"Soru: İnsan onuru ile ilgili hangi eylemler örnek verilebilir?
Bağlam: Erdem-Değer-Eylem Çerçevesi
Sağlıklı bir kişilik yapısı; insanın kişisel anlamda tekâmülü, sosyal açıdan yaşadığı topluma uyumu ve fiziksel çevresiyle etkileşimi ile doğrudan ilişkilidir. Bu noktada kişilik yapısının temel taşlarından biri olan değer; insanın hem kendisi hem  de çevresiyle ilişkilerinde duygu, düşünce ve davranışlarını biçimlendirir. Değer; kişinin varoluşsal olarak anlam kazanmasına, hayata anlam katmasına, kendi içinde ahenkli olmasına, ahlaklı ve erdemli bir kişilik yapısı kazanmasına ve  böylece tekâmülüne hizmet eder. Diğer yandan içinde yaşadığı toplumla bütünleşmesine ve nitelikli toplumsal ilişkiler geliştirmesine kılavuzluk eder. İnsanın sosyal ve fiziksel çevresiyle ilişkilerinde olumlu kişilik özelliklerinin ortaya çıkmasını  sağlayan değer; insan, toplum ve çevre açısından gerekli bir yapıdır.
...
Erdemler, eğitim-öğretim etkinlikleri sonucunda kişiye kazandırılması hedeflenen kişiliğin güçlü yanlarını ifade etmektedir. Bu erdemlere kişiler yaşantıları sonucu geliştirdikleri değerler aracılığıyla ulaşabilmektedir. Kişinin sahip olduğu  değerler ise eylemlerinde kendini göstermektedir. Bu bakış açısı ile tutarlı olarak Türkiye Yüzyılı Maarif Modeli’nde kişiyi erdemlere ulaştıran ve dahası eylemleri aracılığıyla gözlemlenebilen değerler, Erdem-Değer-Eylem Çerçevesi ile  kavramsallaştırılmaktadır. Modelde yer alan değerlerin temel dayanağını kendi medeniyet dünyamızın referansları olan millî ve manevi değerlerimiz oluşturmuş, değerlerin evrensel boyutu da göz ardı edilmemiştir. Modelin ana hedefi;  eylemlerden değerlere, değerlerden erdemli insana, erdemli insandan ise nihai hedef olan ""Huzurlu Aile ve Toplum"" ile ""Yaşanabilir Çevrede Huzurlu İnsan"" a ulaşmaktır.
Erdem-Değer-Eylem Çerçevesi'nde çatı değerler etrafında kümelenen bir değer çerçevesi sunulmaktadır. Çatı değerler, diğer bütün değerler ile yoğun kesişim noktaları olan değer yapılarını ifade etmektedir. Modelde saygı, sorumluluk ve  adalet; çatı değerler olarak yer almaktadır. Kişisel hayat açısından önemli olan tasarruf, sabır, mahremiyet, mütevazılık, sağlıklı yaşam ve çalışkanlık değerleri insan; sevgi, dostluk, özgürlük, dürüstlük, vatanseverlik, yardımseverlik ve aile  bütünlüğü değerleri aile ve sosyal çevre; temizlik, duyarlılık, estetik ve merhamet değerleri ise fiziksel çevre alanlarında yer almaktadır. Değerlerin ilgili olduğu alana karar verilirken daha çok katkı sağladığı alan dikkate alınmıştır. Erdem- Değer-Eylem Çerçevesi; eğitim öğretimde mutlaka yer
Cevap: İnsan onuru ile ilgili eylemler şunlardır: Her insanın onurlu olduğunu kabul eder, insanlara saygılı davranır, kimseyi aşağılamaz, herkesin düşüncesine ve inancına saygı duyar.",0,8,İnsan onuru ile ilgili hangi eylemler örnek verilebilir?,"İnsan onuru ile ilgili eylemler şunlardır: Her insanın onurlu olduğunu kabul eder, insanlara saygılı davranır, kimseyi aşağılamaz, herkesin düşüncesine ve inancına saygı duyar.",0,0,Qwen2.5-1.5B-Instruct,v3
"Soru: Sanayi Devrimi'nin şehirler üzerindeki etkisi nedir?
Bağlam: İlk Yerleşmeler ve Yerleşmelerin Farklılaşması
İnsanların meskenleri ile birlikte yaşadığı ve yararlandığı alanların bütününe yerleşme denir. Tarih öncesi çağların başlarında besinlerini avcılık ve toplayıcılıkla elde eden, mağara ve ağaç kovuklarını barınak olarak kullanan insanlar, mevsimlere uygun yaşam alanı bulmak için göçebe bir yaşam tarzı sürdürmek zorunda kalmıştır. Yerleşme olgusu ise insanların barınma, beslenme ve korunma ihtiyaçları sonucunda ortaya çıkmıştır. İnsanoğlu bu temel ihtiyaçlarının peşinde sürekli yer değiştirmek yerine; su kaynaklarına yakın, tarım ve hayvancılık yapmaya uygun, olumsuz hava koşullarına ve saldırılara karşı korunaklı, ulaşımı kolay yerleri yaşam alanı olarak seçmiştir.

Buzul Çağı’nın sona ermesiyle günümüze yakın iklim koşullarının ortaya çıkması, ateşin bulunması, hayvanların evcilleştirilmesi ve tarımsal üretimin başlaması insanların yerleşik hayata geçmesini hızlandırmıştır. Böylece uygun iklim şartlarına sahip, tarıma elverişli ve tatlı su kaynakları yönünden zengin alanlarda ilk köy yerleşmeleri ortaya çıkmıştır. Bu köy yerleşmelerinde zamanla nüfus artmaya başlamış ve köy yerleşmeleri zamanla büyüyerek ilk şehir yerleşmelerine dönüşmüştür. Fırat ve Dicle Nehirleri arasında kalan Mezopotamya, Mısır’daki Nil Vadisi, Hindistan’daki Ganj ve İndus Vadisi, Çin’deki Gökırmak ve Sarıırmak Vadileri ilk şehir yerleşmelerinin ortaya çıktığı alanlardır.

Paleolitik (Yontma Taş) Çağ’ın başlarında yaşamını gruplar hâlinde ve göçebe olarak sürdüren insanoğlu, avcılık ve toplayıcılıkla beslenme ihtiyaçlarını karşılıyordu. Bu dönemde, tatlı su kaynaklarına yakın mağara ve ağaç kovukları gibi doğal barınakları mesken olarak kullanıyordu. Bu doğal barınaklara Çin’deki Çukutien (Kukutin), Almanya’daki Neandertal (Neandetal), ülkemizdeki Karain (Antalya) ve Yarımburgaz (İstanbul) mağaraları örnek verilebilir.
Buzul Çağı’nın da sona ermesiyle yerleşik hayata geçen insan, tarım ve hayvancılıkla uğraşmıştır. Faaliyetlerini sürdürdüğü yerde barınma ihtiyacını karşılamak üzere meskene ihtiyaç duymuştur. Böylece ilk meskenlerini kerpiç, taş, kamış gibi doğal malzemeleri kullanarak inşa etmiştir. MÖ yaklaşık 10.000 yıllarına denk gelen bu döneme Neolitik (Cilalı Taş) Çağ adı verilir. Ilıman kuşakta yer alan akarsu ve göl kenarlarındaki verimli topraklar, ilk yerleşik hayata ait kalıntıların olduğu yerler olmuştur.

Tarımla beraber besin kaynaklarının artması, nüfusun da hızlı bir şekilde artmasını sağlamıştır. Artan nüfusa bağl
Cevap: Sanayi Devrimi, fabrikaların kurulmasına, iş arayan insanların şehirlere göç etmesine ve şehirlerin hızla büyümesine neden oldu. Bu durum, sanayi şehirlerinin gelişmesini ve nüfus yoğunluğunun artmasını sağladı. Sanayi Devrimi, şehirlerin ekonomik ve toplumsal yapısını kökten değiştirdi.",0,8,Sanayi Devrimi'nin şehirler üzerindeki etkisi nedir?,"Sanayi Devrimi, fabrikaların kurulmasına, iş arayan insanların şehirlere göç etmesine ve şehirlerin hızla büyümesine neden oldu. Bu durum, sanayi şehirlerinin gelişmesini ve nüfus yoğunluğunun artmasını sağladı. Sanayi Devrimi, şehirlerin ekonomik ve toplumsal yapısını kökten değiştirdi.",1,1,Qwen2.5-1.5B-Instruct,v3
"Soru: Program geliştirme çalışmaları hangi sorunlarla karşılaşıyor?
Bağlam: ÖĞRETİM PROGRAMLARI VE TARİHSEL SÜREÇ - Öğretim Programları Türkiye’de  program  geliştirme  çalışmalarına bakıldığında,  bu  çalışmaların Cumhuriyetin ilanıyla başladığı ve 1950’li yıllarda sistemli bir biçime dönüşmeye başladığı söylenebilir(Gözütok, 2003).Büyük Millet Meclisinin 23 Nisan 1920’de açılmasının ardından 3 Mayıs 1920’de “Maarif Vekâleti” (Millî Eğitim Bakanlığı) merkez teşkilatı kurulmuştur. 1921 yılında yapılan Maarif Kongresinin gündeminde ise ilkokul programlarının düzenlenmesi, ilkokul öğrenme sürelerinin  yeniden  gözden  geçirilmesi  ve  köy  öğretmenlerinin yetiştirilmesinin  yanı  sıra ortaöğretim kurumlarının programları ve dersleri de yer almıştır(Gözütok, 2003).Türkiye Cumhuriyetinin kurulmasından sonra eğitim alanında yapılan değişikliklerin ilki 1924 yılında gerçekleştirilenve eğitim faaliyeti gösteren tüm kuruluşları tek bir kuruma yani Millî Eğitim Bakanlığına bağlayan Tevhid-i  Tedrisat  Kanunu’dur. Bu Kanunla  birlikte 
okul programları üzerinde kapsamlı değişiklikler yapılmıştır(Varış, 1996). İlk çalışmalar 1924 yılından  itibaren  daha  çok  ilköğretim  alanında  başlatıldığı  ve  bu  çalışmaların  daha  sonra ortaöğretim için yapılacak çalışmalara kaynaklık ettiği söylenebilir(Gözütok, 2003).Tevhid-i  Tedrisat  Kanununun  kabulünden  sonra  Türkiye’deki  program  geliştirme çalışmaları başlıcadört ana dönemde incelenebilir(Ünal, Coştu, & Karataş, 2004).
Cevap: Program geliştirme çalışmaları, her ülkede olduğu gibi Türkiye'de de bazı sorunlarla karşılaşmaktadır. Bunlar arasında, kaynak yetersizliği, uzman eksikliği, politik müdahaleler, toplumun direnci, eğitim felsefeleri ve yaklaşımları arasındaki çatışmalar yer alır. Bu sorunlar, program geliştirme çalışmalarının uygulanmasını zorlaştırır ve etkililiğini azaltabilir. Program geliştirme çalışmalarının bu sorunları aşması için, farklı paydaşlar arasındaki iş birliği, kaynakların etkin kullanımı ve bilimsel yöntemlere dayalı çalışmaların yürütülmesi önemlidir.",0,8,Program geliştirme çalışmaları hangi sorunlarla karşılaşıyor?,"Program geliştirme çalışmaları, her ülkede olduğu gibi Türkiye'de de bazı sorunlarla karşılaşmaktadır. Bunlar arasında, kaynak yetersizliği, uzman eksikliği, politik müdahaleler, toplumun direnci, eğitim felsefeleri ve yaklaşımları arasındaki çatışmalar yer alır. Bu sorunlar, program geliştirme çalışmalarının uygulanmasını zorlaştırır ve etkililiğini azaltabilir. Program geliştirme çalışmalarının bu sorunları aşması için, farklı paydaşlar arasındaki iş birliği, kaynakların etkin kullanımı ve bilimsel yöntemlere dayalı çalışmaların yürütülmesi önemlidir.",0,0,Qwen2.5-1.5B-Instruct,v3
"Soru: Dünya'ya uzaklık ve yarıçap olarak en yakın gezegen hangisidir?
Bağlam: Güneş Sistemi, Gezegenler ve Uyduları
Güneş sistemi, güneşin çekim kuvvetinin etkisiyle; gezegenler, gezegenlerin uyduları, kuyruklu yıldızlar ve meteorların yine güneş etrafında birikmesiyle oluşan gök cisimleri topluluğudur. Güneş sisteminin oluşumu ile ilgili olarak bir çok teori vardır. Ancak en çok bilinen ve doğruluk payı en yüksek olan teori 1796 ‘da matematikçi Simon Laplace tarafından bağımsız olarak ortaya atılan Kant-Laplace (Nebula) teorisidir. Bu teoride güneş sisteminin 4,6 milyar yıl önce dev bir moleküler bulutunun çökmesiyle oluştuğu ileri sürülmektedir.

Güneş’in çevresinde dönen, kendi ışık kaynakları bulunmayan, Güneş’ten aldığı ışığı yansıtan gök cisimlerine gezegen denir. Gezegenler yapısal özelliklerine göre iç (karasal) gezegenler ve dış (gaz) gezegenler olmak üzere iki gruba ayrılır. Güneş’e olan uzaklıklarına göre Güneş sistemindeki ilk dört gezegen olan Merkür, Venüs, Dünya ve Mars iç gezegenler olarak adlandırılır. Bunlar yüksek yoğunlukta, metalik element bileşiminde sert ve kaya yüzeyine sahiptir. Dünya, karasal gezegenlerin en büyüğüdür.

Mars ve asteroit kuşağının ötesinde yer alan gezegenler ise dış gezegenler olarak adlandırılır. Bunlar gaz hâlinde olan Jüpiter, Satürn, Uranüs ve Neptün’dür. Bu gezegenler katı gezegenlerden daha büyüktür. Hidrojen ve diğer gazların yoğunlaşmasıyla oluşmuşlardır.

Güneş sisteminde bulunan gezegenler ve diğer gök cisimleri çekim kuvvetinin etkisiyle güneş etrafında ve belli bir yörünge üzerinde dönmektedirler. Çapı 30 ışık yılı yani 283,821,914,177,430 km olan güneş sisteminde güneş de dahil olmak üzere toplam 10 gezegen vardır. Bu gezegenler güneşe olan uzaklıklarına göre sırasıyla Merkür, Venüs, Dünya, Mars, Jüpiter, Satürn, Uranüs ve Neptün ‘dür. Bunların dışında bir de Plüton vardır.

Ancak Plüton dış merkezli bir yörüngeye sahip olduğu için gezegen olup olmadığı konusunda uzun tartışmalar yaşanmış, 24 Ağustos 2006 yılında ise Uluslararası Gökbilim Birliği Plüton’un gezegen sınıfından çıkarılarak “cüce gezegen” sınıfına konulduğunu açıklamıştır. Bu dokuz gezegen ile birlikte onların bilinen 166 uydusu da güneş sistemine dahildir.

Güneş Sistemindeki gezegenlerin bazı özellikleri şunlardır;

• Gezegenlerin tamamı elips şeklinde bir yörüngeye sahiptir ve tüm gezegenlerin dönüş hızları birbirinden farklı olmakla birlikte bazı gezegenlerin yörüngeleri birbiri ile kesişir.
• Gezegenler hem kendi ekseni etrafında hem de güneşin etrafında batıdan doğuya doğru dönerler.
• En küçük
Cevap: Dünya'ya uzaklık ve yarıçap olarak en yakın gezegen Venüs'tür. Venüs, Dünya'ya yaklaşık 41 milyon kilometre uzaklıktadır. Venüs, Dünya'ya boyut olarak benzerdir ve yaklaşık 12.104 kilometre çapındadır. Venüs, Dünya'ya en yakın gezegen olmasına rağmen, yüzeyi çok sıcak ve zehirli bir atmosfere sahip olduğu için yaşama elverişli değildir.",1,9,Dünya'ya uzaklık ve yarıçap olarak en yakın gezegen hangisidir?,"Dünya'ya uzaklık ve yarıçap olarak en yakın gezegen Venüs'tür. Venüs, Dünya'ya yaklaşık 41 milyon kilometre uzaklıktadır. Venüs, Dünya'ya boyut olarak benzerdir ve yaklaşık 12.104 kilometre çapındadır. Venüs, Dünya'ya en yakın gezegen olmasına rağmen, yüzeyi çok sıcak ve zehirli bir atmosfere sahip olduğu için yaşama elverişli değildir.",0,0,Qwen2.5-1.5B-Instruct,v3
"Soru: Millî Eğitim Bakanlığı Özel Öğretim Kurumları Yönetmeliği hangi konuları kapsar?
Bağlam: ORTAÖĞRETİMGENEL MÜDÜRLÜĞÜNÜN TABİ OLDUĞUMEVZUAT
1.Anayasa
2.Millî Eğitim Temel Kanunu
3.652 Sayılı Kanun Hükmünde Kararname
4.2698 Sayılı Millî Eğitim Bakanlığı Okul Pansiyonları Kanunu
5.2923 Sayılı Yabancı Dil Eğitimi ve Öğretimi Kanunu
6.2684 Sayılı İlköğretim ve Ortaöğretimde Parasız Yatılı veya Burslu Öğrenci Okutma  ve Bunlara Yapılacak Sosyal Yardımlara İlişkin Kanun
7.Millî Eğitim Bakanlığı Ortaöğretim Kurumları Yönetmeliği
8.Millî  Eğitim  Bakanlığı İlköğretim  ve  Ortaöğretim  Kurumları  Sosyal  Etkinlikler Yönetmeliği
9.Millî Eğitim Bakanlığı Okul-Aile Birliği Yönetmeliği
10.Millî Eğitim Bakanlığı Denklik Yönetmeliği
11.Millî Eğitim Bakanlığına Bağlı Okul Pansiyonları Yönetmeliği
12.İlköğretim  ve  Ortaöğretim  Kurumlarında  Parasız  Yatılılık,  Burs  ve  Sosyal  Yardımlar Yönetmeliği
13.Millî  Eğitim  Bakanlığına  Bağlı  Okul  Öğrencilerinin  Kılık  ve  Kıyafetlerine  Dair Yönetmelik14.Millî Eğitim Bakanlığı Kurum Tanıtım Yönetmeliği
15.MillîEğitim Bakanlığı Özel Eğitim Kurumları Yönetmeliği
16.Millî Eğitim Bakanlığı Özel Öğretim Kurumları Yönetmeliği
17.Millî Eğitim Bakanlığı Okul Kütüphaneleri Yönetmeliği
18.Millî Eğitim BakanlığıYabancı Dil Eğitimi ve Öğretimi Yönetmeliği
19.MillîEğitim Bakanlığı Rehberlik ve Psikolojik Danışma Hizmetleri Yönetmeliği
20.Millî Eğitim Bakanlığı Eğitim Kurumu Yöneticileri Atama ve Yer Değiştirme Yönetmeliği
21.Millî Eğitim Bakanlığı İlköğretim Kurumları Yönetmeliği
22.Devlet Arşiv Hizmetleri Hakkında Yönetmelik
23.Okul Servis Araçları Hizmet Yönetmeliği
24.Tebligat Kanununun Uygulanmasına Dair Yönetmelik
25.Millî Eğitim Bakanlığına Bağlı Kurumlara Ait Açma, Kapatma ve Ad Verme Yönetmeliği
26.Kurum Açılması ve Kapatılmasına İlişkin Esaslar
27.Millî Eğitim Bakanlığı Örgün ve Yaygın Eğitimi Destekleme ve Yetiştirme Kursları Yönergesi
Cevap: Millî Eğitim Bakanlığı Özel Öğretim Kurumları Yönetmeliği, özel öğretim kurumlarının kuruluşunu, işleyişini, eğitim programlarını ve personelini düzenler. Yönetmelik, özel öğretim kurumlarının kalite standartlarını belirler ve bu kurumların denetlenmesini sağlar.",0,8,Millî Eğitim Bakanlığı Özel Öğretim Kurumları Yönetmeliği hangi konuları kapsar?,"Millî Eğitim Bakanlığı Özel Öğretim Kurumları Yönetmeliği, özel öğretim kurumlarının kuruluşunu, işleyişini, eğitim programlarını ve personelini düzenler. Yönetmelik, özel öğretim kurumlarının kalite standartlarını belirler ve bu kurumların denetlenmesini sağlar.",1,1,Qwen2.5-1.5B-Instruct,v3
"Soru: Bir öğrencinin 'Estetik' özelliği nasıl tanımlanır?
Bağlam: Öğrenci profilini oluşturan iki bütünlük alanı, on profil özelliğine ayrılmıştır. Bu profil özellikleri ve bunları
oluşturan bileşenler aşağıda verilmiştir.
Ahlaklı
a) Adil: Herkesin eşit haklara sahip olduğuna inanır ve adaleti benimser.
b) Başkalarının haklarına saygı duyan: Dürüstlük, adalet ve empati gibi ahlaki değerleri hayatının bir
parçası hâline getirerek başkalarının hak ve mahremiyetlerine saygı gösterir.
c) Tabiata ve toplumsal sorunlara duyarlı: Tabiata ve toplumsal sorunlara karşı duyarlıdır, toplumun
daha adil ve eşit bir düzene sahip olması için çalışır.
ç) Güvenilir: Verdiği sözleri tutar, başkaları tarafından güvenilir biri olarak kabul edilir.
d) Saygılı: İnsanlara, diğer canlılara, çevreye, farklı inançlara, başkalarının haklarına, üzerinde emeği
olanlara saygı gösterir ve onları gözetir.
e) Doğru: Akla, mantığa, gerçeğe veya kurala uygun davranır; yasa, yöntem ve ahlaka bağlı, dürüst ve
namusludur.
f) Dürüst: Sözünde ve davranışlarında doğruluktan ayrılmaz, kendisine güven duyulur, yalan söylemekten
kaçınır.
Bilge
a) Bağımsız ve özgür düşünen: Kendi düşünce süreçlerini geliştirir, farklı görüşleri eleştirip analiz eder,
düşünce ve inançlarını özgürce ifade etme becerisi kazanırken kendi değer ve inançlarıyla uyumlu
bir şekilde düşünerek karar vermeyi öğrenir, başkalarının haklarına saygı duyar ve bağımsız düşünme
becerilerini kullanır.
b) Belagat sahibi: Dilin inceliklerini, söz sanatlarını ve iletişim becerilerini başarılı bir şekilde kullanır.
c) Bilgilerini paylaşan: Bilgi ve deneyimlerini aktarır, iletişim yoluyla bilgi alıverişine katkı sağlar.
ç) İlme ulaşan: Dünyayı anlama ve anlamlandırma için bilgiye ulaşmaya istekli bir şekilde ilerler.
d) Estetik duyarlılık sahibi: Çevresindeki sanat eserleri ve kültürel değerler konusunda bilinçli ve
duyarlıdır.
Cesaretli
a) Yiğit ve mert: Korkularına rağmen cesur davranır, yolundan dönmez ve zorluklarla yüzleşmekten
çekinmez.
b) Risk alan: Yeni deneyim ve fırsatlara cesaretle yaklaşır, risk almaktan çekinmez.
c) İnisiyatif alan: Kendi başına hareket etme yeteneğine sahiptir, fikir üretebilir. İşlerin başlatılması ve
yönlendirilmesi konusunda liderlik yapar.
ç) Öfkesini kontrol eden: Duygusal zekâsı sayesinde olumsuz duygularını başkalarına zarar vermeden
yönetir ve çatışmaları yapıcı bir şekilde çözer.
d) Destekleyici: İnsanlara destek sağlamada duyarlıdır, yardım etmek için çaba gösterir.
e) Girişimci: Gerekli durumlarda ilk adımı cesurca atan bir kişilik
Cevap: 'Estetik' özelliği, Güzelliğe duyarlı, Olgun, Seçici, Zarif, Ölçülü ve Sanatsal yeteneklerini bilen ve kullanan olmak üzere altı alt özelliğiyle tanımlanır.",0,8,Bir öğrencinin 'Estetik' özelliği nasıl tanımlanır?,"'Estetik' özelliği, Güzelliğe duyarlı, Olgun, Seçici, Zarif, Ölçülü ve Sanatsal yeteneklerini bilen ve kullanan olmak üzere altı alt özelliğiyle tanımlanır.",1,1,Qwen2.5-1.5B-Instruct,v3
"Soru: Bilimsel gelişimi destekleyen temel özellikler nelerdir?
Bağlam: Erdem-Değer-Eylem Çerçevesi
Eylem
D3.2.1. Düzenli çalışmanın başarı üzerindeki etkisini fark eder.
D3.2.2. Açık ve ulaşılabilir hedefler belirler.
D3.2.3. Görev ve sorumlulukları yerine getirmek için etkili bir yol haritası çizer.
D3.2.4. Hedeflere ulaşmak için hazırladığı planı uygular.
D3.2.5. Zamanı etkili bir şekilde yönetir.
D3.2.6. Hedef ve planları gerektiğinde yeniden düzenler.
D3.3. Araştırmacı ve sorgulayıcı olmak
Eylem
D3.3.1. Bilimsel gelişim için merak duygusunu kullanarak takip etmesi gerektiğini fark eder.
D3.3.2. Doğru ve güvenilir bilgiyi ayırt eder.
D3.3.3. Güvenilir bilgiye ulaşma yollarını bilir.
D3.3.4. Edindiği bilgileri eleştirel bakış açısıyla değerlendirir.
D3.3.5. Yaratıcılığını geliştirecek faaliyetlere katılır.
D3.3.6. Çeşitli fikir, argüman ve yeni bilgilere açık olur.
D3.3.7. Ödev ve sorumluluklarını akademik dürüstlüğe uygun şekilde yerine getirir.
D3.3.8. Bilim, sanayi ve teknoloji alanındaki güncel gelişmeleri takip eder.
D3.4. Çalışmalarda aktif rol almak
Eylem
D3.4.1. Grupla çalışma becerisi sergiler.
D3.4.2. Sosyal sorumluluk ve toplum hizmeti çalışmalarında aktif görev alır.
D3.4.3. Kendine uygun görevleri almaya istekli olur.
D3.4.4. Kişisel ve grup içi etkinliklerde sorumluluklarını yerine getirir.
D4.Dostluk
Sosyal ilişkilerde duyarlılık göstermeyi dayanışma içinde olmayı; etkili iletişimle sevgi, saygı ve güvene dayalı ilişkiler kurmayı; nitelikli vakit geçirmeyi ve evrensel bağ kurmayı kapsar.
D4.1. Arkadaşlarına destek olmak
Eylem
D4.1.1. İyi ve kötü zamanlarında arkadaşlarına destek olur.
D4.1.2. Arkadaşlarının sorunlarını çözmek için çaba gösterir.
D4.1.3. Ortak hedeflere ulaşmak için arkadaşlarıyla dayanışma içinde olur.
D4.1.4. İhtiyaç duyduğunda arkadaşlarından yardım ister.
D4.1.5. Arkadaşlarının bireysel gelişimini ve hedeflerini destekler.
D4.1.6. Arkadaşlarını iyiliğe teşvik ederek onları kötülüklerden uzaklaştırmaya çalışır.
D4.2. Arkadaşları ile etkili iletişim kurmak
Eylem
D4.2.1. Arkadaşlarını etkin bir şekilde dinler.
D4.2.2. Arkadaşlarıyla duygu ve düşüncelerini paylaşır.
D4.2.3. Arkadaşlarının duygu ve düşüncelerini anlamaya çalışır.
D4.2.4. Arkadaşlarına karşı nazik davranır.
D4.3. Güvene dayalı ilişkiler kurmak
Eylem
D4.3.1. Arkadaşlarının özel bilgi ve durumlarını başkalarıyla paylaşmaz.
D4.3.2. Arkadaşlarına verdiği sözleri yerine getirir.
D4.3.3. Dürüst ve samimi davranışlar sergiler.
D4.3.4. Değerlerinden ödün vermez.
D4.3.5. Arkadaşının hakkını o
Cevap: Bilimsel gelişimi destekleyen temel özellikler arasında merak duygusu, doğru ve güvenilir bilgiyi ayırt etme yeteneği, güvenilir bilgiye ulaşma yollarını bilmek, edindiği bilgileri eleştirel bakış açısıyla değerlendirmek, yaratıcılığı geliştirmek için faaliyetlere katılmak, çeşitli fikir, argüman ve yeni bilgilere açık olmak ve ödev ve sorumlulukları akademik dürüstlüğe uygun şekilde yerine getirmek bulunur. Bu özellikler, bireyin bilimsel bilginin peşinden gitmesini, bilgiye eleştirel bir yaklaşımla yaklaşmasını ve araştırma süreçlerine aktif olarak katılmasını sağlar.",1,9,Bilimsel gelişimi destekleyen temel özellikler nelerdir?,"Bilimsel gelişimi destekleyen temel özellikler arasında merak duygusu, doğru ve güvenilir bilgiyi ayırt etme yeteneği, güvenilir bilgiye ulaşma yollarını bilmek, edindiği bilgileri eleştirel bakış açısıyla değerlendirmek, yaratıcılığı geliştirmek için faaliyetlere katılmak, çeşitli fikir, argüman ve yeni bilgilere açık olmak ve ödev ve sorumlulukları akademik dürüstlüğe uygun şekilde yerine getirmek bulunur. Bu özellikler, bireyin bilimsel bilginin peşinden gitmesini, bilgiye eleştirel bir yaklaşımla yaklaşmasını ve araştırma süreçlerine aktif olarak katılmasını sağlar.",1,1,Qwen2.5-1.5B-Instruct,v3
"Soru: Öğretmenler yansıtma yoluyla kendi öğretim süreçlerini nasıl iyileştirebilir?
Bağlam: Yansıtmanın bir ortamın genel kültürüne etkisi nedir? Yansıtma, bir ortamda sürekli gelişim ve iyileştirme anlayışını destekler. Kişiler, yansıtma yoluyla kendi performanslarını ve çalışmalarını sürekli olarak değerlendirerek, yeni yöntemler ve stratejiler geliştirir ve bu da ortamın genel kültürünü olumlu yönde etkiler. Yansıtma, bir ortamda yenilikçiliği, eleştirel düşünmeyi ve sürekli gelişimi teşvik eder. 1 eğitim https://tymm.meb.gov.tr ÖĞRETMEN YANSITMALARI
Yansıtmanın temel amacı öğretmen ve öğretimin gelişimini desteklemektir. Yansıtma yoluyla
öğretmenlerin hem kendilerinin hem de öğretim programlarının güçlü ve iyileştirilmesi gereken yönlerini
değerlendirmeleri beklenmektedir. Buna bağlı olarak öğretmenler, öğretim sürecini iyileştirebilir ve
öğrencilere daha nitelikli öğrenme deneyimleri sunabilirler.
Öğrenme-öğretme süreçlerinin genel olarak sınıf içinde gerçekleştiği düşünülse de öğretmenler
yansıtma yaparken etkileşim içinde oldukları okul yöneticileri, öğretmenler, veliler ve akademisyenler gibi
paydaşlardan aldıkları geri bildirimleri de kullanabilirler.
Öğretmen yansıtmaları için görüşme formları, öz değerlendirme formları, anekdot kayıtları, günlükler,
münazara, zümre ve şube öğretmenler kurulu raporları, öğretmenler kurulu raporları, gelişim dosyaları,
mikro öğretim değerlendirmeleri ve ders raporları gibi veri kaynakları kullanılabilir.
Cevap: Yansıtma yoluyla öğretmenler hem kendilerinin hem de öğretim programlarının güçlü ve iyileştirilmesi gereken yönlerini değerlendirerek öğretim sürecini iyileştirebilir ve öğrencilere daha nitelikli öğrenme deneyimleri sunabilirler.",0,8,Öğretmenler yansıtma yoluyla kendi öğretim süreçlerini nasıl iyileştirebilir?,Yansıtma yoluyla öğretmenler hem kendilerinin hem de öğretim programlarının güçlü ve iyileştirilmesi gereken yönlerini değerlendirerek öğretim sürecini iyileştirebilir ve öğrencilere daha nitelikli öğrenme deneyimleri sunabilirler.,1,1,Qwen2.5-1.5B-Instruct,v3
"Soru: Erdem-Değer-Eylem Çerçevesi'nde yer alan çatı değerler nelerdir?
Bağlam: Değerlerin hangi alanla ilişkili olduğuna nasıl karar verilir? Değerlerin hangi alanla ilişkili olduğuna karar verirken, o değerin en çok katkı sağladığı alan dikkate alınır. Örneğin, 'sağlıklı yaşam' değeri,  hem kişisel hayatla hem de aile ve sosyal çevreyle ilişkilidir, ancak kişisel hayat alanında daha belirgin bir etkisi vardır.  Dolayısıyla, bu değer, kişisel hayat alanına dahil edilir. 1 eğitim https://tymm.meb.gov.tr PROGRAMLAR ARASI BİLEŞENLER
Türkiye Yüzyılı Maarif Modeli'nde üç farklı programlar arası bileşen tanımlanmaktadır. Bu bileşenler
şunlardır:
2.Erdem-Değer-Eylem Çerçevesi
Sağlıklı bir kişilik yapısı; insanın kişisel anlamda tekâmülü, sosyal açıdan yaşadığı topluma uyumu ve fiziksel
çevresiyle etkileşimi ile doğrudan ilişkilidir. Bu noktada kişilik yapısının temel taşlarından biri olan değer;
insanın hem kendisi hem de çevresiyle ilişkilerinde duygu, düşünce ve davranışlarını biçimlendirir. Değer;
kişinin varoluşsal olarak anlam kazanmasına, hayata anlam katmasına, kendi içinde ahenkli olmasına,
ahlaklı ve erdemli bir kişilik yapısı kazanmasına ve böylece tekâmülüne hizmet eder. Diğer yandan içinde
yaşadığı toplumla bütünleşmesine ve nitelikli toplumsal ilişkiler geliştirmesine kılavuzluk eder. İnsanın
sosyal ve fiziksel çevresiyle ilişkilerinde olumlu kişilik özelliklerinin ortaya çıkmasını sağlayan değer; insan,
toplum ve çevre açısından gerekli bir yapıdır.
Erdemler, eğitim-öğretim etkinlikleri sonucunda kişiye kazandırılması hedeflenen kişiliğin güçlü
yanlarını ifade etmektedir. Bu erdemlere kişiler yaşantıları sonucu geliştirdikleri değerler aracılığıyla
ulaşabilmektedir. Kişinin sahip olduğu değerler ise eylemlerinde kendini göstermektedir. Bu bakış açısı
ile tutarlı olarak Türkiye Yüzyılı Maarif Modeli’nde kişiyi erdemlere ulaştıran ve dahası eylemleri aracılığıyla
gözlemlenebilen değerler, Erdem-Değer-Eylem Çerçevesi ile kavramsallaştırılmaktadır. Modelde yer alan
değerlerin temel dayanağını kendi medeniyet dünyamızın referansları olan millî ve manevi değerlerimiz
oluşturmuş, değerlerin evrensel boyutu da göz ardı edilmemiştir. Modelin ana hedefi; eylemlerden
değerlere, değerlerden erdemli insana, erdemli insandan ise nihai hedef olan ""Huzurlu Aile ve Toplum"" ile
""Yaşanabilir Çevrede Huzurlu İnsan"" a ulaşmaktır.
Erdem-Değer-Eylem Çerçevesi'nde çatı değerler etrafında kümelenen bir değer çerçevesi sunulmaktadır.
Çatı değerler, diğer bütün değerler ile yoğun kesişim noktaları olan değer yapılarını ifade etmekt
Cevap: Erdem-Değer-Eylem Çerçevesi'nde saygı, sorumluluk ve adalet çatı değerler olarak yer almaktadır.",1,9,Erdem-Değer-Eylem Çerçevesi'nde yer alan çatı değerler nelerdir?,"Erdem-Değer-Eylem Çerçevesi'nde saygı, sorumluluk ve adalet çatı değerler olarak yer almaktadır.",0,0,Qwen2.5-1.5B-Instruct,v3
"Soru: Prototipleme ve deneyimleme sürecinin, bir web sitesi tasarımı için nasıl faydalı olabileceğini açıklayın.
Bağlam: Yaratıcı Düşünme ve Problem Çözme: Yaratıcılığı Geliştirme ve Zor Problemleri Aşma Teknikleri
Yaratıcı düşünme ve problem çözme, hem kişisel hem de profesyonel yaşamda karşılaşılan zorlukların üstesinden gelmek için hayati önem taşıyan becerilerdir. Yaratıcılık, bireylerin sıradan düşünce kalıplarının dışına çıkmalarına, yenilikçi çözümler üretmelerine ve karmaşık problemleri etkili bir şekilde çözmelerine olanak tanır. Bu beceriler, inovasyon, kişisel gelişim ve başarı için gereklidir. Yaratıcı düşünme ve problem çözme yeteneklerinizi geliştirmek için belirli teknikler ve stratejiler uygulayabilirsiniz.

Yaratıcı Düşünmenin Önemi
Yaratıcı düşünme, geleneksel yöntemlerin ötesine geçerek, yeni ve yenilikçi fikirler üretme yeteneğidir. Yaratıcılık, yalnızca sanatla sınırlı değildir; bilim, teknoloji, işletme ve günlük yaşamda da önemli bir rol oynar. Yaratıcı düşünme, bireylerin farklı bakış açıları geliştirmelerine, zorlukları fırsata dönüştürmelerine ve benzersiz çözümler üretmelerine yardımcı olur.

1. Yenilikçilik: Yaratıcı düşünme, yeni ürünler, hizmetler ve çözümler geliştirme sürecinde kritik bir rol oynar. Yenilikçi fikirler, iş dünyasında rekabet avantajı sağlar ve bireylerin kariyerlerinde ilerlemelerine katkıda bulunur.

2. Problemlere Farklı Yaklaşım: Yaratıcı düşünme, zorluklarla başa çıkarken geleneksel yöntemlerin ötesine geçmenizi sağlar. Problemleri farklı perspektiflerden ele alarak, daha etkili ve özgün çözümler üretebilirsiniz.

3. Kişisel Gelişim: Yaratıcılığı geliştirmek, bireylerin kendilerini ifade etme, eleştirel düşünme ve yeni yetenekler geliştirme becerilerini artırır. Yaratıcılık, bireylerin kendilerini keşfetmelerine ve potansiyellerini en üst düzeye çıkarmalarına olanak tanır.

Yaratıcı Düşünme Teknikleri
Yaratıcı düşünme yeteneğinizi geliştirmek için aşağıdaki teknikleri uygulayabilirsiniz:

1. Beyin Fırtınası (Brainstorming): Beyin fırtınası, bir grup içinde veya bireysel olarak fikir üretme sürecidir. Amaç, olabildiğince çok fikir ortaya çıkarmaktır. Bu süreçte, fikirlerin doğru ya da yanlış olması önemli değildir; önemli olan, olabildiğince geniş bir fikir yelpazesi oluşturmaktır. Beyin fırtınası, grup çalışmaları için özellikle faydalıdır ve yaratıcı çözümler üretmek için etkili bir yoldur.

2. Mind Mapping (Zihin Haritası Oluşturma): Zihin haritası, bir merkezi kavramdan başlayarak, bu kavramla ilgili fikirlerin ve kavramların dallandığı bir görsel araçtır. Zihin haritaları, karmaşık problemleri görselleş
Cevap: Prototipleme, web sitesi tasarımının temel işlevlerini ve arayüzünü görselleştirmek için kullanılır. Bu prototip, kullanıcı geri bildirimi almak için kullanılabilir ve tasarımda gerekli değişiklikler yapılabilir. Deneyimleme, web sitesinin gerçek kullanıcılar tarafından nasıl kullanıldığını gözlemlemek ve kullanıcı deneyimini iyileştirmek için kullanılır. Prototipleme ve deneyimleme, daha etkili ve kullanışlı bir web sitesi tasarımı oluşturmayı sağlar.",0,8,"Prototipleme ve deneyimleme sürecinin, bir web sitesi tasarımı için nasıl faydalı olabileceğini açıklayın.","Prototipleme, web sitesi tasarımının temel işlevlerini ve arayüzünü görselleştirmek için kullanılır. Bu prototip, kullanıcı geri bildirimi almak için kullanılabilir ve tasarımda gerekli değişiklikler yapılabilir. Deneyimleme, web sitesinin gerçek kullanıcılar tarafından nasıl kullanıldığını gözlemlemek ve kullanıcı deneyimini iyileştirmek için kullanılır. Prototipleme ve deneyimleme, daha etkili ve kullanışlı bir web sitesi tasarımı oluşturmayı sağlar.",1,1,Qwen2.5-1.5B-Instruct,v3
"Soru: Söz verilen işler nasıl yapılmalıdır?
Bağlam: Erdem-Değer-Eylem Çerçevesi
Eylem
D4.5.1. Ülkeler arası yardımlaşmanın, dostluğun gelişmesine katkıda bulunacağını bilir.
D4.5.2. Dünya barışının dostça ilişkiler kurma ve uzlaşma yoluyla tesis edilebileceğini bilir.
D4.5.3. Komşu ülkelerle barış içinde yaşamanın önemini fark eder.
D4.5.4. Uluslararası projelere katılarak ülkeler arası ilişkileri güçlendirir.
D4.5.5. Farklı milletlerden insanlarla iletişim kurarken millî kimliğini ve kültürünü muhafaza eder.
D5.Duyarlılık
Kendisine, içinde yaşadığı topluma, kültürel zenginliklere, tüm varlıklara değer vermeyi; sürdürülebilirliği önemsemeyi ve afetlere karşı hazırlıklı olmayı kapsar.
D5.1. İnsana ve topluma değer vermek
Eylem
D5.1.1. İnsanlara nazik davranır.
D5.1.2. Kendi istekleri ile diğer insanların istekleri arasında denge oluşturur.
D5.1.3. Sosyal ilişkilerinde sabırlı ve anlayışlı olmaya gayret eder.
D5.1.4. Yaşlıların ve özel gereksinimli bireylerin toplumsal hayata etkin katılımını destekler.
D5.1.5. Toplumsal sorunların çözümünde sorumluluk üstlenir.
D5.1.6. Şiddetin önlenmesinde sorumluluk alır.
D5.1.7. Şiddetin her türüne karşı çıkar.
D5.1.8. Kendisine yapılmasını istemediği davranışları başkalarına yapmaz.
D5.2. Çevreye ve canlılara değer vermek
Eylem
D5.2.1. Çevre sorunlarına yol açabilecek davranışlardan kaçınır.
D5.2.2. Temiz enerji kaynaklarının kullanımını önemser.
D5.2.3. Çevresel sürdürülebilirliğin sağlanabilmesi için atık yönetimini önemser.
D5.2.4. Tüketim tercihlerini sürdürülebilirliğe katkıda bulunacak şekilde yapar.
D5.2.5. Tüm canlıların haklarını korur.
D5.2.6. Çevresinde yaşayan canlı türlerini tanımaya istekli olur.
D5.2.7. Çevresini korumak ve güzelleştirmek için girişimlerde bulunur.
D5.3. Afet bilincine sahip olmak
Eylem
D5.3.1. Doğal afetlerin her an her yerde gerçekleşebileceğini bilir.
D5.3.2. Doğal afetlerin neden olduğu riskleri ve bu riskleri
azaltmak için alınabilecek önlemleri bilir.
D5.3.3. Afet öncesinde, afet sırasında ve sonrasında
yapılması gerekenlerin farkında olur.
D5.3.4. Afetlerin neden olduğu stres ve kaygıyı yönetmeye
yönelik çalışmalar yapar.
D5.3.5. Afet durumlarında ulaşabildiği insanlara ve diğer
canlılara yardımcı olur.
D5.3.6. Afet sonrası toplumsal dayanışmaya katkıda
bulunur.
D6.Dürüstlük
Söz ve davranışlarında tutarlı, doğru ve güvenilir olmayı kapsar.
D6.1. Samimi olmak
Eylem
D6.1.1. Üzerine düşen görevleri kuralına uygun olarak yerine
getirir.
D6.1.2. Bilgi ve tecrübesini toplumun yararı için kull
Cevap: Söz verdiği işleri zamanında ve eksiksiz yapmak, güvenilirliği ve iş ahlakını gösterir. Bu, verilen sözleri ciddiye almayı, işleri zamanında tamamlamayı, işlere özen göstermeyi ve sorumluluk bilinciyle hareket etmeyi içerir.",0,8,Söz verilen işler nasıl yapılmalıdır?,"Söz verdiği işleri zamanında ve eksiksiz yapmak, güvenilirliği ve iş ahlakını gösterir. Bu, verilen sözleri ciddiye almayı, işleri zamanında tamamlamayı, işlere özen göstermeyi ve sorumluluk bilinciyle hareket etmeyi içerir.",1,1,Qwen2.5-1.5B-Instruct,v3
"Soru: AYT sınavında zaman yönetimi, öğrencilerin sınavda daha iyi performans göstermelerine nasıl yardımcı olur?
Bağlam: AYT (Alan Yeterlilik Testi), Türkiye'de üniversiteye giriş sürecinin önemli bir aşamasıdır ve sınavın uzun ve zorlu yapısı, zamanı etkili bir şekilde yönetmeyi gerektirir. AYT'de başarı, yalnızca bilgiye dayalı değil, aynı zamanda bu bilgiyi sınav süresince en iyi şekilde kullanma becerisine de bağlıdır. Bu nedenle, öğrencilerin sınav sırasında zamanı nasıl yöneteceklerini önceden planlamaları ve bu planı sınav esnasında uygulamaları kritik bir öneme sahiptir.

Zaman Yönetiminin Önemi
AYT, farklı alanlardaki derslerden oluşan, geniş kapsamlı bir sınavdır. Her dersin soru sayısı, zorluk derecesi ve konuları farklılık gösterir. Bu durum, sınav sırasında her derse ne kadar zaman ayırılması gerektiğini planlamayı zorunlu kılar. Zaman yönetimi, öğrencilerin sınavdaki başarılarını doğrudan etkiler; çünkü sınav süresi sınırlıdır ve her soruya yeterli zamanı ayırmak zor olabilir. Yanlış bir zaman yönetimi stratejisi, öğrencilerin bazı soruları yetiştirememesine veya aceleyle yanlış cevaplar vermesine yol açabilir.

Her Derse Uygun Zaman Ayırma
AYT’de her dersin kendi dinamikleri vardır ve bu dinamiklere göre zaman yönetimi yapılmalıdır. Örneğin, matematik ve fen bilimleri gibi daha fazla düşünme ve hesaplama gerektiren derslerde zaman yönetimi daha kritik hale gelir. Bu derslerde öğrencilerin soruları dikkatlice okuyup anlamaları, doğru formülleri ve yöntemleri kullanarak çözüme ulaşmaları zaman alabilir. Dolayısıyla, bu derslere daha fazla zaman ayırmak, öğrencilerin soruları doğru bir şekilde yanıtlamalarına yardımcı olabilir.

Öte yandan, edebiyat veya coğrafya gibi sözel dersler genellikle bilgiye dayalıdır ve sorular daha hızlı cevaplanabilir. Bu tür derslerde, zamanı daha verimli kullanmak ve diğer derslere daha fazla zaman bırakmak için, bu derslerin soruları hızlı ve dikkatli bir şekilde çözülmelidir. Ancak, hiçbir dersin sorularına gereğinden az zaman ayırmak, yanlış cevaplara neden olabilir, bu yüzden dikkatli bir denge kurulmalıdır.

Kolay Sorularla Başlamak
Zaman yönetimi stratejilerinden biri, sınav sırasında önce kolay gelen sorularla başlamaktır. Bu strateji, öğrencilere sınavın başında moral ve motivasyon kazandırır, çünkü kolay soruları hızlı bir şekilde çözmek, öğrencilerin kendine olan güvenini artırır ve sınav süresince daha rahat ilerlemelerini sağlar. Kolay soruları tamamladıktan sonra, daha zor sorulara geçmek, öğrencilerin kalan zamanı en iyi şekilde kullanmalarına ve zor sorulara daha fazla odaklanmalarına olanak tanır.

Zor S
Cevap: AYT sınavında zaman yönetimi, öğrencilerin sınavda daha iyi performans göstermelerine yardımcı olur. Zamanı etkili bir şekilde yönetmek, öğrencilerin her soruya yeterli zaman ayırmalarını, tüm soruları tamamlamalarını ve kendine güvenlerini artırmalarını sağlar. Bu da sınavda daha iyi performans göstermelerine yardımcı olur.",0,7,"AYT sınavında zaman yönetimi, öğrencilerin sınavda daha iyi performans göstermelerine nasıl yardımcı olur?","AYT sınavında zaman yönetimi, öğrencilerin sınavda daha iyi performans göstermelerine yardımcı olur. Zamanı etkili bir şekilde yönetmek, öğrencilerin her soruya yeterli zaman ayırmalarını, tüm soruları tamamlamalarını ve kendine güvenlerini artırmalarını sağlar. Bu da sınavda daha iyi performans göstermelerine yardımcı olur.",1,1,Qwen2.5-1.5B-Instruct,v3
"Soru: Akdeniz iklimi hangi özelliğiyle bilinir?
Bağlam: YERYÜZÜNDEKİ BAŞLICA İKLİM TİPLERİ
Matematik ve özel konum özelliklerinin etkisiyle Dünya’nın çeşitli alanlarında farklı iklimler ortaya çıkmaktadır.
Makroklima: Çok geniş alanlarda etkili olan iklim tiplerine makroklima (büyük iklim )adı verilir.(Akdeniz iklimi,Muson iklimi)
Bölgesel iklim: Makroklima alanı içerisinde daha küçük alanlarda etkili olan iklimlere bölgesel iklim denir.(Marmara iklimi)
Mikroklima: Bölgesel iklim alanları içerisinde daha dar alanlarda görülen farklı iklimlere mikroklima denir.(Iğdır yöresi iklimi)

A.SICAK İKLİMLER
1- Ekvatoral İklim:
– Ekvator’un 10° Kuzey ve Güney enlemleri arasında görülmektedir.
– Yıllık ortalama sıcaklık 20°C’nin üzerindedir.
– Yıllık sıcaklık farkı 3-4°C’nin altındadır.
– Yıllık yağış 1500-3000 mm arasındadır.
– Her mevsim yağışlıdır.(düzenli yağış rejimi)
– Konveksiyonel yağışlar meydana gelir.
– Bağıl ve mutlak nemin en fazla olduğu iklim bölgesidir.-En yüksek yağış miktarı, ekinoks tarihlerinde gerçekleşir.
– Kimyasal çözünmenin en fazla olduğu iklim bölgesidir.
– Doğal bitki gür , geniş yapraklı ve her zaman yeşil kalan Ekvatoral ormanlardır.
– Muz,şekerpancarı,pirinç,Hindistan cevizi,kauçuk,kahve ve kakao başlıca tarımsal ürünlerdir.
– Yerleşmeler genelde 2000m den yüksek alanlarda kurulmuştur.
– Nüfus seyrektir.
– Görüldüğü alanlar,Güney Amerika’da Amazon Havzası, Afrika’da Kongo Havzası,Gine Körfezi kıyıları, Endonezya,Filipinler ve Malezya’nın büyük bir bölümünde etkili olmaktadır.

2- Savan İklimi (Subtropikal iklim):

– 10° ve 20° Kuzey ve Güney enlemleri arasında görülür.
– Ekvatoral kuşak ile çöller arasında bir geçiş iklimidir.
– Yıllık ortalama sıcaklık 20°C’nin üstündedir.
– Yıllık sıcaklık farkı 4 – 5°C’civarındadır.
– Yıllık yağış miktarı 1500 – 2000 mm. Arasındadır.
– Yaz ayları yağışlı, kış ayları kuraktır.
– Doğal bitki örtüsü yüksek boylu olan savanlar(ot) ve seyrek ağaçlardan oluşur.
– Başlıca tarım ürünleri, muz, pirinç, şekerkamışı ve mısırdır.
– Etkili olduğu alanlar,Sudan, Cad, Nijerya, Mali, Moritanya, Brezilya, Venezuela, Kolombiya, Peru ve Bolivya’dır.

3- Muson İklimi:
– Muson rüzgarlarının etkisiyle oluşmuştur.
– Yıllık ortalama sıcaklık 20°C civarındadır.
– Yıllık sıcaklık farkı 10°C civarındadır.
– Yıllık ortalama yağış 3000-5000 mm arasında gerçekleşir.
– Yağışın büyük bölümü yaz aylarında düşer(Yaz musonları).
– Kış mevsimi kurak geçmektedir. (Kış musonları).
– Doğal bitki örtüsü bol yağış alan yerlerde muson ormanlarıdır.
– Yağı
Cevap: Akdeniz iklimi, sıcak ve kurak yazlar ile ılık ve yağışlı kışlar ile bilinir. Bu iklim, bitki örtüsü ve tarım ürünleri üzerinde önemli bir etkiye sahiptir.",0,8,Akdeniz iklimi hangi özelliğiyle bilinir?,"Akdeniz iklimi, sıcak ve kurak yazlar ile ılık ve yağışlı kışlar ile bilinir. Bu iklim, bitki örtüsü ve tarım ürünleri üzerinde önemli bir etkiye sahiptir.",1,1,Qwen2.5-1.5B-Instruct,v3
"Soru: Bir kişinin sosyal ilişkilerini olumsuz yönde etkileyen bir bağımlılık problemine sahip olduğunu varsayalım. Bu kişi daha sağlıklı ilişkiler kurmak için neler yapabilir?
Bağlam: Bağımlılığın sosyal ilişkileri olumsuz etkileyeceğini bilen bir bireyin nasıl daha sağlıklı ilişkiler kurduğu söylenebilir? Bağımlılığın sosyal ilişkileri olumsuz etkileyeceğini bilen bir birey, daha sağlıklı ilişkiler kurabilir. Bu, kişinin bağımlılık sorunlarının ilişkilerini nasıl etkileyebileceğini anlamasını sağlar ve sağlıklı sınırlar koymasını, ilişkilerinde daha fazla şeffaflık göstermesini ve başkalarına karşı daha sorumlu davranmasını teşvik eder. 1 eğitim https://tymm.meb.gov.tr Erdem-Değer-Eylem Çerçevesi
Eylem
D11.2.1. Kendi kararlarını alma yeteneği gösterir.
D11.2.2. Duygu, düşünce, inanç ve izlenimlerini etki altında
kalmadan ifade eder.
D11.2.3. Bir gruba ait olmak için kendisi olmaktan ödün
vermez.
D11.2.4. Hak ve özgürlüklerini kullanma ve koruma konusunda
taviz vermez.
D11.2.5. Verdiği kararların sorumluluğunu alır.
D11.2.6. Düşünce, inanç, duygu ve izlenimlerine göre harekete
geçme gücünü kendinde bulur.
D11.2.7. Gerektiğinde hayır diyebilme becerisi sergiler.
D11.2.8. Her alanda millî ve manevi değerlerine sahip çıkar.
D11.3. Kişisel ve toplumsal haklara saygı göstermek
Eylem
D11.3.1. Özgürlüklerini kullanırken diğer insanlara ve topluma
karşı sorumluluklarına önem verir
D11.3.2. Özgürlüklerini kullanırken diğer insanların özgürlük
alanlarını ihlal etmez.
D11.3.3. Toplumsal düzenin sağlanması için kurallara uyar.
D11.3.4. Kendine zarar verecek duygu, düşünce ve davranışların
özgürlükle bağdaşmadığını bilir.
D12.Sabır
Olumlu bakış açısına olmayı, zor ve kötü durumlara karşı dayanmayı, istikrarlı davranmayı, süreci yönetmeyi, sorumlulukları yerine getirmeyi; duygu, düşünce ve eylemleri kontrol etmeyi kapsar.
D12.1. Olumlu bakış açısına sahip olmak
Eylem
D12.1.1. Yaşadığı problemlerin geçici olduğunu fark eder.
D12.1.2. Kendisini zorlukların üstesinden gelebilecek yeterlilikte
görür.
D12.1.3. Değiştirebileceği ve değiştiremeyeceği olayları ayırt
eder.
D12.1.4. Sorun odaklı değil, çözüm odaklı düşünür.
D12.1.5. Yaşadığı zorlukları, öğrenme için fırsat olarak görür.
D12.1.6. Olumlu düşünmenin insan sağlığına katkısını bilir.
D12.1.7. Zorluklarla karşılaşan insanlara sabırlı olmayı tavsiye
eder.
D12.2. Düşünce, duygu ve davranışlarında kontrollü olmak
Eylem
D12.2.1. Duygularını dengeleyerek tepkilerini yönetir.
D12.2.2. Hedeflerine ulaşmak için dürtülerini kontrol eder.
D12.2.3. Olumsuz durumlar karşısında metanetli davranır.
D12.2.4. Etkilendiği içsel ve dışsal faktörleri fark edip süreci
doğru yö
Cevap: Bağımlılığın sosyal ilişkileri olumsuz etkileyeceğini bilen bir birey, daha sağlıklı ilişkiler kurabilir. Bu, kişinin bağımlılık sorunlarının ilişkilerini nasıl etkileyebileceğini anlamasını sağlar ve sağlıklı sınırlar koymasını, ilişkilerinde daha fazla şeffaflık göstermesini ve başkalarına karşı daha sorumlu davranmasını teşvik eder. Örneğin, bağımlılığın kendisinin ve ilişkilerinin üzerine getirdiği baskıyı kabul etmek, arkadaşlarına ve ailesine dürüst olmak ve destek almak için yardım istemek, bağımlılığın ilişkilerini nasıl etkilediğini anlamakta önemli adımlar olabilir. Ayrıca, sağlıklı sınırlar belirlemek, ilişkilerinde beklentileri açıkça belirtmek ve kendi ihtiyaçlarına öncelik vermek, bağımlılığın ilişkilere olan etkisini en aza indirmeye yardımcı olabilir. Son olarak, bağımlılık ile mücadele eden bir bireyin sorumluluklarının farkında olması ve eylemlerinin sonuçlarını üstlenmesi, sağlıklı ilişkilerin temelini oluşturabilir. Bu sayede, kişi bağımlılıktan kaynaklanan engelleri aşabilir ve daha sağlıklı, anlamlı ve sürdürülebilir ilişkiler kurabilir.",0,8,Bir kişinin sosyal ilişkilerini olumsuz yönde etkileyen bir bağımlılık problemine sahip olduğunu varsayalım. Bu kişi daha sağlıklı ilişkiler kurmak için neler yapabilir?,"Bağımlılığın sosyal ilişkileri olumsuz etkileyeceğini bilen bir birey, daha sağlıklı ilişkiler kurabilir. Bu, kişinin bağımlılık sorunlarının ilişkilerini nasıl etkileyebileceğini anlamasını sağlar ve sağlıklı sınırlar koymasını, ilişkilerinde daha fazla şeffaflık göstermesini ve başkalarına karşı daha sorumlu davranmasını teşvik eder. Örneğin, bağımlılığın kendisinin ve ilişkilerinin üzerine getirdiği baskıyı kabul etmek, arkadaşlarına ve ailesine dürüst olmak ve destek almak için yardım istemek, bağımlılığın ilişkilerini nasıl etkilediğini anlamakta önemli adımlar olabilir. Ayrıca, sağlıklı sınırlar belirlemek, ilişkilerinde beklentileri açıkça belirtmek ve kendi ihtiyaçlarına öncelik vermek, bağımlılığın ilişkilere olan etkisini en aza indirmeye yardımcı olabilir. Son olarak, bağımlılık ile mücadele eden bir bireyin sorumluluklarının farkında olması ve eylemlerinin sonuçlarını üstlenmesi, sağlıklı ilişkilerin temelini oluşturabilir. Bu sayede, kişi bağımlılıktan kaynaklanan engelleri aşabilir ve daha sağlıklı, anlamlı ve sürdürülebilir ilişkiler kurabilir.",1,1,Qwen2.5-1.5B-Instruct,v3
"Soru: İnsan ihtiyaçlarını karşılamak için doğayı nasıl kullanıyor?
Bağlam: İnsanın Doğal Çevrede Yaptığı Değişikliklerin Sonuçları
İnsanın, doğayı ihtiyaçları doğrultusunda kullanırken doğaya müdahalesi de tarih boyunca farklı şekillerde olmuştur. Sanayi Devrimi’nden sonra nüfusun hızla artması ve gelişen teknoloji, insanın doğaya daha fazla müdahale etmesine neden olmuştur. Doğal çevre, insanın bilinçsiz bir şekilde kullanmasıyla bozulmaktadır. Özellikle hayatımızın her alanında fosil yakıtların kullanımının artması hava, su ve toprak kirliliğine neden olmaktadır.

İnsan; besin ihtiyaçlarını karşılamak, yeni yerleşme alanları açmak ya da sanayi tesisleri kurmak için ormanları tahrip etmektedir. İnsanın yapmış olduğu bu müdahaleler, ekosistemde dengeyi sağlayan bazı hayvan ve bitki türlerini yok etmiştir. Günümüzde nesli tükenme tehlikesi ile karşı karşıya olan bazı canlı türleri bulunmaktadır. Derisi için avlanan timsah, boynuzları için avlanan gergedan ve yaşam alanı daralan Bengal kaplanı bu duruma örnek verilebilir.

Son yüzyıla baktığımızda çevre kirliliğinin ortaya çıkmasındaki en büyük etken insanın daha iyi koşullarda yaşama hırsıdır. Hava, su ve toprakta meydana gelen bu kirlilik, başta insan olmak üzere bütün canlıları olumsuz etkilemektedir.

Doğa kendine has kimyasal, fiziksel ve biyolojik özelliklere sahiptir. Çeşitli katı, sıvı atıkların, ağır metallerin toprağa ve suya bırakılmasıyla oluşan kimyasal kirlenme sanayi bölgelerinde oldukça fazladır. Hava, su ve toprağın fiziksel özelliğinin gözle görülür şekilde bozulmasıyla ortaya çıkan fiziksel kirlenme özellikle maden bölgelerinde fazladır. Hava, su ve toprağın çeşitli mikroorganizmalarla kirlenmesi ve biyolojik yapısının bozulmasıyla oluşan biyolojik kirlenme çoğunlukla tarım topraklarının zirai ilaçlara maruz kalması sonucu oluşur.

Sanayileşmeyle birlikte özellikle kömür ve petrol gibi fosil yakıt tüketiminin artması, hava kirliliğine neden olmaktadır. Fabrikaların bacalarından, egzozlardan, termik santrallerden ve evlerden çıkan zehirli gazlar bu kirliliğin ana nedenidir. Havaya karışan bu zehirli gazlar, asit yağmurlarına neden olmaktadır. Ayrıca geniş çaplı orman yangınlarıyla ortaya çıkan gazlar da havayı kirletmektedir. Bu tarz olayların çok olması atmosferdeki karbondioksit oranını arttırmaktadır. Karbondioksit oranın artması sera etkisine, bu da dünyanın ısınmasına, buzulların erimesine ve iklimlerin değişmesine neden olmaktadır.

Güneş enerjisinin etkisiyle yeryüzündeki sular bir döngü hâlindedir. Su, canlılar tarafından kullanıldıktan sonra te
Cevap: İnsanlar beslenme, barınma, enerji ve hammadde gibi temel ihtiyaçlarını karşılamak için doğayı kullanır. Bununla birlikte, bu ihtiyaçların karşılanması sürecinde doğaya bilinçsizce müdahale edilmesi çevre sorunlarına yol açmaktadır.",0,8,İnsan ihtiyaçlarını karşılamak için doğayı nasıl kullanıyor?,"İnsanlar beslenme, barınma, enerji ve hammadde gibi temel ihtiyaçlarını karşılamak için doğayı kullanır. Bununla birlikte, bu ihtiyaçların karşılanması sürecinde doğaya bilinçsizce müdahale edilmesi çevre sorunlarına yol açmaktadır.",0,0,Qwen2.5-1.5B-Instruct,v3
"Soru: Öğrencinin, motivasyonunu koruması için hangi faktörler önemlidir?
Bağlam: Motivasyonunuzu Korumak ve Hedef Belirlemek
Başarılı bir öğrenci olmanın temel unsurlarından biri de motivasyonunuzu korumaktır. Motivasyon, ders çalışırken sizi teşvik eden ve hedeflerinize ulaşmanızı sağlayan güçtür. Hedefler belirlemek, motivasyonunuzu yüksek tutmanın en etkili yollarından biridir. Hem kısa vadeli hem de uzun vadeli hedefler belirlemek, çalışma sürecinizi daha organize hale getirir ve ilerlemenizi takip etmenizi sağlar. Kısa vadeli hedefler, günlük veya haftalık olarak belirlenebilir ve bu hedeflere ulaştıkça kendinizi ödüllendirebilirsiniz. Bu, motivasyonunuzu yüksek tutmanın ve ders çalışma sürecini daha keyifli hale getirmenin bir yoludur. Uzun vadeli hedefler ise, yıl sonu not ortalamanız veya belirli bir sınavda elde etmek istediğiniz başarı gibi daha büyük hedefler olabilir. Bu tür hedefler, sizi daha fazla çalışmaya teşvik eder ve derslerinizde daha başarılı olmanızı sağlar. Ayrıca, motivasyonunuzu artırmak için ders çalışırken kendinize küçük ödüller verebilirsiniz. Örneğin, belirli bir süre ders çalıştıktan sonra sevdiğiniz bir aktiviteyi yapabilirsiniz. Bu, çalışma sürecini daha dengeli ve sürdürülebilir hale getirir. Motivasyonunuzu yüksek tutmak, öğrencilik hayatınızda karşılaşacağınız zorlukları aşmanıza yardımcı olur ve sizi daha başarılı bir öğrenci yapar. Motivasyon ve hedef belirleme, başarılı bir öğrencilik hayatının anahtar unsurlarıdır ve bu unsurları doğru bir şekilde yönetmek, uzun vadede büyük başarılara ulaşmanızı sağlar.
Cevap: Öğrencinin motivasyonunu koruması için, kendine olan güvenini artırması, olumsuz düşüncelerden uzak durması, ilgi duyduğu alanlara odaklanması, başarılarını kutlaması, zorluklara karşı dirençli olması, destekleyici bir çevre oluşturması ve sağlıklı bir yaşam tarzı benimsemesi önemlidir.",1,9,"Öğrencinin, motivasyonunu koruması için hangi faktörler önemlidir?","Öğrencinin motivasyonunu koruması için, kendine olan güvenini artırması, olumsuz düşüncelerden uzak durması, ilgi duyduğu alanlara odaklanması, başarılarını kutlaması, zorluklara karşı dirençli olması, destekleyici bir çevre oluşturması ve sağlıklı bir yaşam tarzı benimsemesi önemlidir.",1,1,Qwen2.5-1.5B-Instruct,v3
"Soru: Eğitim sisteminde değerleri nasıl etkili bir şekilde öğretmek ve içselleştirmek mümkündür?
Bağlam: Model, değerleri sadece teorik olarak öğretmekle mi sınırlı kalır? Hayır, model sadece teorik olarak değerleri öğretmekle sınırlı kalmaz. Değerler, diğer unsurlar, beceriler ve alan içeriği ile entegre bir şekilde öğretim programlarına kaynaşık olarak işlenir. Bu sayede değerlerin bağlama uygun olarak desteklenmesi ve içselleştirilmesi kolaylaştırılır. 1 eğitim https://tymm.meb.gov.tr PROGRAMLAR ARASI BİLEŞENLER
Türkiye Yüzyılı Maarif Modeli'nde üç farklı programlar arası bileşen tanımlanmaktadır. Bu bileşenler
şunlardır:
2.Erdem-Değer-Eylem Çerçevesi
Sağlıklı bir kişilik yapısı; insanın kişisel anlamda tekâmülü, sosyal açıdan yaşadığı topluma uyumu ve fiziksel
çevresiyle etkileşimi ile doğrudan ilişkilidir. Bu noktada kişilik yapısının temel taşlarından biri olan değer;
insanın hem kendisi hem de çevresiyle ilişkilerinde duygu, düşünce ve davranışlarını biçimlendirir. Değer;
kişinin varoluşsal olarak anlam kazanmasına, hayata anlam katmasına, kendi içinde ahenkli olmasına,
ahlaklı ve erdemli bir kişilik yapısı kazanmasına ve böylece tekâmülüne hizmet eder. Diğer yandan içinde
yaşadığı toplumla bütünleşmesine ve nitelikli toplumsal ilişkiler geliştirmesine kılavuzluk eder. İnsanın
sosyal ve fiziksel çevresiyle ilişkilerinde olumlu kişilik özelliklerinin ortaya çıkmasını sağlayan değer; insan,
toplum ve çevre açısından gerekli bir yapıdır.
Erdemler, eğitim-öğretim etkinlikleri sonucunda kişiye kazandırılması hedeflenen kişiliğin güçlü
yanlarını ifade etmektedir. Bu erdemlere kişiler yaşantıları sonucu geliştirdikleri değerler aracılığıyla
ulaşabilmektedir. Kişinin sahip olduğu değerler ise eylemlerinde kendini göstermektedir. Bu bakış açısı
ile tutarlı olarak Türkiye Yüzyılı Maarif Modeli’nde kişiyi erdemlere ulaştıran ve dahası eylemleri aracılığıyla
gözlemlenebilen değerler, Erdem-Değer-Eylem Çerçevesi ile kavramsallaştırılmaktadır. Modelde yer alan
değerlerin temel dayanağını kendi medeniyet dünyamızın referansları olan millî ve manevi değerlerimiz
oluşturmuş, değerlerin evrensel boyutu da göz ardı edilmemiştir. Modelin ana hedefi; eylemlerden
değerlere, değerlerden erdemli insana, erdemli insandan ise nihai hedef olan ""Huzurlu Aile ve Toplum"" ile
""Yaşanabilir Çevrede Huzurlu İnsan"" a ulaşmaktır.
Erdem-Değer-Eylem Çerçevesi'nde çatı değerler etrafında kümelenen bir değer çerçevesi sunulmaktadır.
Çatı değerler, diğer bütün değerler ile yoğun kesişim noktaları olan değer yapılarını ifade etmektedir.
Modelde saygı, sorumluluk ve adale
Cevap: Eğitim sisteminde değerleri etkili bir şekilde öğretmek ve içselleştirmek için, değerler sadece teorik olarak öğretilmemeli, aksine öğretim programlarına entegre edilmelidir. Bu entegrasyon, değerleri diğer öğretim unsurları, beceriler ve alan içeriği ile birlikte ele alarak, bağlama uygun olarak desteklenmesini ve içselleştirilmesini kolaylaştırır. Türkiye Yüzyılı Maarif Modeli'nde olduğu gibi, değerler programın diğer ögelerinden, becerilerden ve alan içeriğinden ayrık bir şekilde değil programa kaynaşık olarak işlenerek, öğrencilerin bağlama uygun olarak değerleri desteklemesini ve içselleştirmesini kolaylaştırır. Örneğin, öğrenciler matematik problemleri çözerek sadece matematiksel becerilerini geliştirmekle kalmazlar, aynı zamanda problemlere karşı sorumluluk duygusu, çözüm odaklı bir yaklaşım ve adil bir bakış açısı geliştirerek bu değerleri de içselleştirebilirler. Bu şekilde değerler, teoriden pratiğe taşınarak somutlaşır ve öğrenciler tarafından daha kolay anlaşılıp benimsenir.",0,8,Eğitim sisteminde değerleri nasıl etkili bir şekilde öğretmek ve içselleştirmek mümkündür?,"Eğitim sisteminde değerleri etkili bir şekilde öğretmek ve içselleştirmek için, değerler sadece teorik olarak öğretilmemeli, aksine öğretim programlarına entegre edilmelidir. Bu entegrasyon, değerleri diğer öğretim unsurları, beceriler ve alan içeriği ile birlikte ele alarak, bağlama uygun olarak desteklenmesini ve içselleştirilmesini kolaylaştırır. Türkiye Yüzyılı Maarif Modeli'nde olduğu gibi, değerler programın diğer ögelerinden, becerilerden ve alan içeriğinden ayrık bir şekilde değil programa kaynaşık olarak işlenerek, öğrencilerin bağlama uygun olarak değerleri desteklemesini ve içselleştirmesini kolaylaştırır. Örneğin, öğrenciler matematik problemleri çözerek sadece matematiksel becerilerini geliştirmekle kalmazlar, aynı zamanda problemlere karşı sorumluluk duygusu, çözüm odaklı bir yaklaşım ve adil bir bakış açısı geliştirerek bu değerleri de içselleştirebilirler. Bu şekilde değerler, teoriden pratiğe taşınarak somutlaşır ve öğrenciler tarafından daha kolay anlaşılıp benimsenir.",1,1,Qwen2.5-1.5B-Instruct,v3
"Soru: Öğrenciler için proje ve ödev yönetiminin önemi nedir?
Bağlam: Proje ve Ödev Yönetimi: Büyük Projeleri ve Ödevleri Yönetme ve Son Teslim Tarihlerini Karşılamanın Yolları
Proje ve ödev yönetimi, öğrencilerin akademik başarılarını sürdürebilmeleri ve okulda verilen görevleri zamanında tamamlayabilmeleri için önemli bir beceridir. Büyük projeler ve ödevler genellikle çok aşamalı, detaylı ve planlı çalışmayı gerektiren görevlerdir. Bu tür görevlerde başarılı olmak için zaman yönetimi, organizasyon, planlama ve disiplinli çalışma gereklidir. Ayrıca, projelerin ve ödevlerin son teslim tarihlerini karşılamak, stresin azalmasına ve akademik performansın artmasına katkıda bulunur. Aşağıda, büyük projeler ve ödevleri yönetme konusunda etkili stratejiler ve son teslim tarihlerini karşılamanın yolları açıklanmaktadır.

Proje ve Ödev Yönetiminin Önemi
Proje ve ödevler, öğrencilerin öğrenme sürecinin önemli bir parçasıdır. Bu görevler, öğrencilerin konuya olan hakimiyetlerini test eder, araştırma yapma, problem çözme, eleştirel düşünme ve zaman yönetimi becerilerini geliştirir. Bunun yanı sıra, projeler ve ödevler genellikle uzun vadeli görevler olduğundan, bunları başarılı bir şekilde tamamlamak, öğrencilerin disiplinli çalışmayı öğrenmelerine yardımcı olur.

1. Zaman Yönetimi: Proje ve ödevlerin başarılı bir şekilde tamamlanabilmesi için en kritik faktörlerden biri zaman yönetimidir. Zaman yönetimi, görevleri küçük parçalara bölmeyi ve bu parçaları belirli bir zaman diliminde tamamlamayı içerir. Bu, son teslim tarihlerini karşılamayı ve stres seviyesini yönetmeyi kolaylaştırır.

2. Organizasyon: Projeler ve ödevler, birden fazla aşamadan oluşabilir ve bu aşamaların düzenli bir şekilde organize edilmesi gerekir. Organizasyon, görevlerin ne zaman yapılacağını ve hangi sırayla tamamlanacağını belirlemeyi içerir. İyi bir organizasyon, hem görevlerin kalitesini artırır hem de zamanında teslimat yapmayı sağlar.

Proje ve Ödev Yönetimi Stratejileri
Büyük projeler ve ödevleri etkili bir şekilde yönetmek için aşağıdaki stratejiler uygulanabilir:

1. Görevleri Parçalara Bölme: Büyük projeleri ve ödevleri yönetmenin en etkili yollarından biri, görevleri daha küçük, yönetilebilir parçalara bölmektir. Bu yaklaşım, büyük bir görevin göz korkutucu olmasını engeller ve öğrencilerin adım adım ilerlemesine olanak tanır. Her küçük görev tamamlandığında, bir ilerleme hissi oluşur ve bu da motivasyonu artırır.

Örneğin, bir araştırma projesi için:

Aşama 1: Konu seçimi ve araştırma.
Aşama 2: Kaynak toplama ve not alma.
Aşama 3: Ana
Cevap: Öğrenciler için proje ve ödev yönetimi, akademik başarılarını sürdürebilmeleri ve okulda verilen görevleri zamanında tamamlayabilmeleri için hayati önem taşır. Proje ve ödevler, öğrencilerin konuya olan hakimiyetlerini ölçmek, araştırma, problem çözme, eleştirel düşünme ve zaman yönetimi becerilerini geliştirmek için kullanılır. Bu görevler, öğrencilerin disiplinli çalışmayı öğrenmelerine, zamanı etkili bir şekilde kullanmayı ve görevleri önceliklendirmeyi öğrenmelerine yardımcı olur. Ayrıca, proje ve ödevleri başarılı bir şekilde tamamlamak, öğrencilerin özgüvenlerini artırır ve gelecekteki akademik ve mesleki başarıları için temel oluşturur.",1,9,Öğrenciler için proje ve ödev yönetiminin önemi nedir?,"Öğrenciler için proje ve ödev yönetimi, akademik başarılarını sürdürebilmeleri ve okulda verilen görevleri zamanında tamamlayabilmeleri için hayati önem taşır. Proje ve ödevler, öğrencilerin konuya olan hakimiyetlerini ölçmek, araştırma, problem çözme, eleştirel düşünme ve zaman yönetimi becerilerini geliştirmek için kullanılır. Bu görevler, öğrencilerin disiplinli çalışmayı öğrenmelerine, zamanı etkili bir şekilde kullanmayı ve görevleri önceliklendirmeyi öğrenmelerine yardımcı olur. Ayrıca, proje ve ödevleri başarılı bir şekilde tamamlamak, öğrencilerin özgüvenlerini artırır ve gelecekteki akademik ve mesleki başarıları için temel oluşturur.",1,1,Qwen2.5-1.5B-Instruct,v3
"Soru: Sınav döneminde çocukların akademik performanslarını artırmak için hangi stratejileri kullanabilirler?
Bağlam: Sınav Döneminde Dengeli Bir Yaşam Tarzının Önemi
Sınav dönemlerinde dengeli bir yaşam tarzı sürdürmek, çocukların hem fiziksel hem de zihinsel sağlığını korumak için kritik öneme sahiptir. Ebeveynler, çocuklarının sınavlara hazırlık sürecinde sağlıklı beslenmelerini ve yeterince uyumalarını sağlamalıdır. Düzenli ve dengeli bir beslenme, çocukların enerji seviyelerini yüksek tutar ve zihinsel performanslarını artırır. Özellikle sınav dönemlerinde, fast food ve abur cubur gibi sağlıksız yiyeceklerden kaçınmak, bunun yerine meyve, sebze, tam tahıllar ve protein açısından zengin besinler tüketmek önemlidir. Bu tür besinler, çocukların konsantrasyonunu ve hafızasını güçlendirir.
Yeterli uyku da sınav döneminde başarının anahtarlarından biridir. Ebeveynler, çocuklarının her gece yeterince uyuduğundan emin olmalı ve uyku düzenlerini bozmamaları için onları teşvik etmelidir. Yeterli uyku, beyin fonksiyonlarını optimize eder ve öğrenme kapasitesini artırır. Ayrıca, uyku eksikliği, stres ve kaygı seviyelerini artırarak sınav performansını olumsuz etkileyebilir. Bu nedenle, çocukların sınav döneminde kaliteli uyku almaları, onların genel sağlığı ve sınav başarısı için hayati önem taşır.
Fiziksel aktivite de sınav döneminde ihmal edilmemesi gereken bir diğer unsurdur. Ebeveynler, çocuklarının ders çalışırken kısa molalar vermelerini ve bu molalarda fiziksel olarak aktif olmalarını teşvik etmelidir. Düzenli egzersiz yapmak, stres seviyelerini azaltır ve genel olarak daha iyi bir ruh hali sağlar. Örneğin, yürüyüş yapmak, koşmak veya yoga gibi aktiviteler, hem bedeni hem de zihni dinlendirir. Fiziksel aktivite, aynı zamanda çocukların enerji seviyelerini artırır ve sınavlara daha dinç bir şekilde hazırlanmalarına yardımcı olur. Dengeli bir yaşam tarzı, sınav döneminde sadece akademik başarıyı desteklemekle kalmaz, aynı zamanda çocukların genel olarak daha mutlu ve sağlıklı bir yaşam sürmelerine katkıda bulunur.
Sonuç olarak, ebeveynler, çocuklarının sınav dönemlerinde dengeli bir yaşam tarzı sürdürmelerine yardımcı olarak onların hem akademik başarılarını hem de genel sağlıklarını destekleyebilirler. Sağlıklı beslenme, yeterli uyku ve düzenli fiziksel aktivite, bu süreçte en önemli unsurlar olarak öne çıkar. Ebeveynlerin bu konulara dikkat etmeleri, çocuklarının sınav dönemini daha rahat ve başarılı bir şekilde geçirmelerine olanak tanır.
Cevap: Çocuklar, zaman yönetimi tekniklerini öğrenebilir, ders çalışma planları yapabilir, düzenli olarak tekrar edebilir, konuları anlayarak öğrenmeye odaklanabilir ve deneme sınavlarına katılabilirler.",0,8,Sınav döneminde çocukların akademik performanslarını artırmak için hangi stratejileri kullanabilirler?,"Çocuklar, zaman yönetimi tekniklerini öğrenebilir, ders çalışma planları yapabilir, düzenli olarak tekrar edebilir, konuları anlayarak öğrenmeye odaklanabilir ve deneme sınavlarına katılabilirler.",0,0,Qwen2.5-1.5B-Instruct,v3
"Soru: Bütüncül program anlayışının uygulanması sürecinde hangi ilkeler temel alınır?
Bağlam: Bütüncül program anlayışının öğrenci merkezli yaklaşımı nasıl yansıtılır? Bütüncül program anlayışı, öğrencilerin doğuştan gelen özelliklerine saygı duyarak, her bir öğrencinin bütüncül gelişimini merkeze alır. Bu anlayış, öğrenciye özgü ihtiyaçlar ve ilgi alanları göz önünde bulundurularak esnek ve uyarlanabilir bir program sunar. 1 eğitim https://tymm.meb.gov.tr ÖĞRENME-ÖĞRETME YAŞANTILARI
Türkiye Yüzyılı Maarif Modeli’nde öğretim programları yapısal olarak bilgi, beceri, eğilimler ve değerler
arasında kurulan anlamlı ağlara dayanmakta ve bu yönüyle dinamik bir öğrenme-öğretme sürecine işaret
etmektedir. Bu dinamik süreç bütüncül program anlayışı gereği, öğrencilerin doğuştan gelen özelliklerine
saygı duyan ve her bir öğrencinin bütüncül gelişimini merkeze alan bir yapı sunmaktadır.
Programın belirtilen yapısı çerçevesinde temel amaç, tüm öğrencilerin ilgi ve ihtiyaçlarına yönelik anlamlı
öğrenmelere ulaşacakları bir öğrenme süreci geçirmelerini sağlamaktır. Öğrencinin ihtiyaçlarına göre
şekillenen bu süreç, doğası gereği, öğrencinin bütüncül gelişimine odaklı ve esnek bir program sunar.
Bu bakış açısına bağlı olarak programın uygulanma sürecinde beklenen; aktif öğrenmenin desteklendiği,
öğrenci merkezli bir anlayıştır. Öğrenciyi sorumluluklarının bilincinde olmasını sağlayarak merkeze alan
ve kendi öğrenme süreci üzerinde söz sahibi yapan bu anlayış çerçevesinde öğrencilerin yaparak ve
yaptıkları üzerinde düşünerek öğrenmeleri temel alınmaktadır. Düşünme ve yapma süreçleri arasında
güçlü ilişkiler kurmayı sağlayan bu anlayış, beceri odaklı programların uygulanmasında sağlam bir zemin
sunmaktadır.
Program, anlamlı ve kalıcı öğrenmeyi sağlamak amacıyla öğrenme sürecine yönelik bazı temel ilkeler
doğrultusunda hareket eder. Öğrenme sürecinin temel ilkeleri şunlardır:
Öğrencinin aktif katılımını sağlayacak öğrenci merkezli etkinlikler temel alınır.
Farklı öğrenci ihtiyaçlarını karşılayabilecek esnek ve zenginleştirilmiş öğrenme yaşantılarına dayanır.
Derin öğrenmeyi sağlamak amacıyla anlamlı öğrenme bağlamları içinde gerçekleşir.
Öğrencilerin bilgi ve becerilerini yapılandırması için araştırma ve sorgulamayı merkeze alır.
Bilgi, beceri, eğilim ve değerleri birlikte kullanarak bütüncül gelişime odaklanır.
Öğrenme sürecinin temel ilkeleri çerçevesinde öğrencilerin bilgi, beceri ve değerleri edinmeleri;
geliştirmeleri ve uygulamalarında bilginin farklı kanallardan sunulması, disiplinler arası ilişkilerin
kurulması ve deneyimlere dayalı, 
Cevap: Bütüncül program anlayışının uygulanması sürecinde şu temel ilkeler göz önünde bulundurulur: 

* Öğrencinin aktif katılımını sağlayacak öğrenci merkezli etkinlikler temel alınır.
* Farklı öğrenci ihtiyaçlarını karşılayabilecek esnek ve zenginleştirilmiş öğrenme yaşantılarına dayanır.
* Derin öğrenmeyi sağlamak amacıyla anlamlı öğrenme bağlamları içinde gerçekleşir.
* Öğrencilerin bilgi ve becerilerini yapılandırması için araştırma ve sorgulamayı merkeze alır.
* Bilgi, beceri, eğilim ve değerleri birlikte kullanarak bütüncül gelişime odaklanır.",1,9,Bütüncül program anlayışının uygulanması sürecinde hangi ilkeler temel alınır?,"Bütüncül program anlayışının uygulanması sürecinde şu temel ilkeler göz önünde bulundurulur: 

* Öğrencinin aktif katılımını sağlayacak öğrenci merkezli etkinlikler temel alınır.
* Farklı öğrenci ihtiyaçlarını karşılayabilecek esnek ve zenginleştirilmiş öğrenme yaşantılarına dayanır.
* Derin öğrenmeyi sağlamak amacıyla anlamlı öğrenme bağlamları içinde gerçekleşir.
* Öğrencilerin bilgi ve becerilerini yapılandırması için araştırma ve sorgulamayı merkeze alır.
* Bilgi, beceri, eğilim ve değerleri birlikte kullanarak bütüncül gelişime odaklanır.",1,1,Qwen2.5-1.5B-Instruct,v3
"Soru: Öğretmenler, öğrencilerin öğrenmelerini nasıl değerlendirmede aktif olarak yer almalarını sağlayabilir?
Bağlam: Geliştirici ölçme ve değerlendirme uygulamaları, öğrencilere hangi faydaları sağlar? Geliştirici ölçme ve değerlendirme uygulamaları, öğrencilerin süreç içindeki öğrenmelerini takip etmelerini, düzenli olarak geri bildirim almalarını ve kendi gelişimlerine dair bilgi sahibi olmalarını sağlar. Bu uygulamalar, öğrencilerin öğrenme hedeflerine ulaşmaları için destekleyici bir ortam yaratır. 1 eğitim https://tymm.meb.gov.tr ÖĞRENME KANITLARI (ÖLÇME VE DEĞERLENDİRME)
Ölçme ve değerlendirme hem öğretimin bir parçası hem de öğretimi tamamlayan bir süreçtir. Bir öğretim
programı uygulanırken uygulamanın her adımında öğrencinin gelişiminin incelenmesi, öğrenme-öğretme
sürecinin öğrenme çıktılarına ulaşılıp ulaşılmadığının izlenmesi gerekir. Ölçme ve değerlendirme faaliyetleri;
öğrencilerin bilgi ve beceri düzeylerinin ölçülmesinin yanı sıra öğrenme eksiklikleri ve eğilimlere ilişkin
bilgi sağlar. Bu nedenle ölçme ve değerlendirme faaliyetleri; öğretim sürecini en üst düzeyde destekleyecek,
geri bildirim sağlayan yapıcı ve beceri odaklı olacak şekilde planlanarak yürütülmelidir. Türkiye Yüzyılı
Maarif Modeli öğretim programlarında öğrenmeleri iyileştirmek için sürekli, geliştirici (biçimlendirici) ölçme
ve değerlendirme kullanılmış; öğretim tasarım ve uygulamasında birinci önceliğin öğrenme sürecinde
derinleşme olmasının teşvik edildiği bir anlayış benimsenmiştir.
Öğrencinin bir becerinin süreç bileşenlerindeki gelişiminin öğretmen tarafından sistematik olarak izlenmesine
dayanan anlayış, öğretmenin etkili geri bildirim vermesini ve öğretim faaliyetlerini düzenleyerek
öğrenciyi desteklemesini kolaylaştıracaktır. Öğrencilerin öğrenme ve öğretme süreçlerine aktif katılımı,
gerçekleştirilen ölçme ve değerlendirme faaliyetlerinin anlamlı olmasını sağlamaktadır. Bu nedenle ölçme
ve değerlendirme sürecinde öğrencilere ilgi çekici, yakın veya uzak çevresinde karşılaşabileceği problemler/
görevler verilmesi; yargılayıcı tutumdan uzak ve motive edici geri bildirimler sağlanması ve dijital
teknolojilerin kullanılması aktif bir öğrenme sürecini destekler. Öğrencilerin özellikle kendi öğrenmelerini
değerlendirmede sürece dâhil olması teşvik edilmelidir. Öz değerlendirmenin gerçekleşebilmesi için
öğretmen; öğrencilerin öğrenme çıktılarının amacını anlamalarına, hedeflenen öğrenme çıktısına ulaşma
ölçütlerini kavramalarına, hedeflenen öğrenme çıktısıyla ilişkili olarak öğrenmeleri hakkında değerlendirmede
bulunmaları, kendi öğrenme sürecini değerlendirme ölçüt
Cevap: Öğretmenler, öğrencilerin öğrenmelerini değerlendirmede aktif olarak yer almalarını sağlamak için çeşitli stratejiler kullanabilir. Öncelikle, öğrencilerin öğrenme çıktılarının amacını anlamalarına ve hedeflenen öğrenme çıktısına ulaşma ölçütlerini kavramalarına yardımcı olmalıdır. Daha sonra, öğrencilerin kendi öğrenme sürecini değerlendirme ölçütlerini öğretmen ile birlikte belirlemeleri ve düzenlemeleri için strateji geliştirmelerine yardımcı olabilirler. Ayrıca, öğrencilere öz değerlendirme, akran değerlendirme ve grup değerlendirme gibi etkinlikleri uygulayarak, kendi öğrenmelerini ve arkadaşlarının öğrenmelerini değerlendirme fırsatı tanıyabilirler. Bu sayede öğrenciler, kendi öğrenme sürecine daha aktif olarak katılır, öğrenmelerini daha iyi anlar ve daha etkili bir şekilde öğrenme hedeflerine ulaşır.",1,9,"Öğretmenler, öğrencilerin öğrenmelerini nasıl değerlendirmede aktif olarak yer almalarını sağlayabilir?","Öğretmenler, öğrencilerin öğrenmelerini değerlendirmede aktif olarak yer almalarını sağlamak için çeşitli stratejiler kullanabilir. Öncelikle, öğrencilerin öğrenme çıktılarının amacını anlamalarına ve hedeflenen öğrenme çıktısına ulaşma ölçütlerini kavramalarına yardımcı olmalıdır. Daha sonra, öğrencilerin kendi öğrenme sürecini değerlendirme ölçütlerini öğretmen ile birlikte belirlemeleri ve düzenlemeleri için strateji geliştirmelerine yardımcı olabilirler. Ayrıca, öğrencilere öz değerlendirme, akran değerlendirme ve grup değerlendirme gibi etkinlikleri uygulayarak, kendi öğrenmelerini ve arkadaşlarının öğrenmelerini değerlendirme fırsatı tanıyabilirler. Bu sayede öğrenciler, kendi öğrenme sürecine daha aktif olarak katılır, öğrenmelerini daha iyi anlar ve daha etkili bir şekilde öğrenme hedeflerine ulaşır.",1,1,Qwen2.5-1.5B-Instruct,v3
"Soru: Osmanlı yöneticileri 17. yüzyılda neden ıslahat yapma ihtiyacı hissetti?
Bağlam: 17. yüzyıl, Osmanlı İmparatorluğu için ""Arayış Yılları"" olarak adlandırılan bir dönemi ifade eder. Bu dönem, imparatorluğun önceki yüzyıllarda elde ettiği hızlı genişlemenin ardından, çeşitli iç ve dış sorunlarla yüzleşmeye başladığı bir süreçtir. Duraklama Dönemi olarak bilinen bu dönemde, Osmanlı Devleti'nin askeri, ekonomik ve idari yapısında zayıflamalar görülmüş; ancak bu sorunları çözmek amacıyla çeşitli ıslahat girişimleri de gündeme gelmiştir. Aynı zamanda, Osmanlı-Avusturya ve Osmanlı-İran savaşları gibi büyük dış tehditlerle mücadele edilmiştir.
Duraklama Dönemi
Duraklama Dönemi, genel olarak 17. yüzyılda Osmanlı İmparatorluğu’nun fetihlerinde yavaşlama, iç düzeninde bozulmalar ve dış tehditlere karşı zayıflamalar yaşadığı bir dönem olarak kabul edilir. Bu dönemin başlamasında birçok faktör etkili olmuştur. Öncelikle, Osmanlı Devleti’nin hızlı genişlemesi durunca yeni topraklardan elde edilen gelirler azalırken, mevcut toprakların yönetimi ve savunulması giderek zorlaşmıştır. Ayrıca, merkezi otoritenin zayıflaması, taşrada ayan ve derebeylerinin güçlenmesine yol açmış, bu durum, devletin kontrolünü zayıflatmıştır.

Duraklama Dönemi’nde, Osmanlı ordusunda ve donanmasında da ciddi zayıflamalar görülmüştür. Yeniçeri Ocağı’ndaki disiplinsizlikler, tımar sisteminin bozulması ve ordunun modernleşememesi, askeri alanda Osmanlı Devleti’nin rakiplerine karşı zayıf düşmesine neden olmuştur. Ayrıca, 17. yüzyıl boyunca süren ekonomik zorluklar, enflasyon, para değerinin düşmesi ve tarımsal üretimde yaşanan sorunlar, Osmanlı ekonomisini zor durumda bırakmıştır.

17. Yüzyıl Islahatları
Duraklama Dönemi'nde Osmanlı yöneticileri, devletin eski gücünü yeniden kazanabilmesi amacıyla çeşitli ıslahatlar yapma gereği duymuşlardır. Bu dönemde yapılan ıslahatlar, genellikle eski düzenin yeniden canlandırılmasını ve mevcut sistemdeki bozulmaların düzeltilmesini amaçlamıştır. Ancak, bu ıslahatların büyük bir kısmı, köklü değişiklikler yerine mevcut düzenin onarılmasına yönelik olduğu için uzun vadede beklenen başarıyı getirememiştir.

yüzyılda yapılan ıslahatlardan en önemlileri, Kuyucu Murat Paşa, II. Osman (Genç Osman) ve IV. Murad dönemlerinde gerçekleştirilmiştir. Kuyucu Murat Paşa, Celali İsyanları'nı bastırarak Anadolu’daki iç karışıklıkları kısmen de olsa sona erdirmiştir. II. Osman ise Yeniçeri Ocağı'nı ıslah etmeye çalışmış; ancak bu girişimi, Yeniçerilerin ayaklanmasıyla (1622’de) padişahın öldürülmesine yol açmıştır. IV. Murad ise, içki, tütün ve kahv
Cevap: 17. yüzyılda Osmanlı yöneticileri, devletin eski gücünü yeniden kazanabilmesi için çeşitli ıslahatlar yapma ihtiyacı duydu. Hızlı genişlemenin durması, yeni toprakların gelir getirmesinin azalması, mevcut toprakların yönetimi ve savunulmasının zorlaşması, merkezi otoritenin zayıflaması, taşrada ayan ve derebeylerinin güçlenmesi, Yeniçeri Ocağı'ndaki disiplinsizlikler, tımar sisteminin bozulması, ordunun modernleşememesi, enflasyon, para değerinin düşmesi ve tarımsal üretimde yaşanan sorunlar gibi iç ve dış sorunlarla karşı karşıya kalan Osmanlı İmparatorluğu, bu sorunları çözmek için çeşitli ıslahat girişimlerine yöneldi.",1,9,Osmanlı yöneticileri 17. yüzyılda neden ıslahat yapma ihtiyacı hissetti?,"17. yüzyılda Osmanlı yöneticileri, devletin eski gücünü yeniden kazanabilmesi için çeşitli ıslahatlar yapma ihtiyacı duydu. Hızlı genişlemenin durması, yeni toprakların gelir getirmesinin azalması, mevcut toprakların yönetimi ve savunulmasının zorlaşması, merkezi otoritenin zayıflaması, taşrada ayan ve derebeylerinin güçlenmesi, Yeniçeri Ocağı'ndaki disiplinsizlikler, tımar sisteminin bozulması, ordunun modernleşememesi, enflasyon, para değerinin düşmesi ve tarımsal üretimde yaşanan sorunlar gibi iç ve dış sorunlarla karşı karşıya kalan Osmanlı İmparatorluğu, bu sorunları çözmek için çeşitli ıslahat girişimlerine yöneldi.",1,1,Qwen2.5-1.5B-Instruct,v3
"Soru: Türkiye Yüzyılı Maarif Modeli'nin öğrencilerin sosyal-duygusal gelişimini desteklemek için hangi üç temel beceri bileşenini kullandığını açıklayın?
Bağlam: SDB2.3. Sosyal Farkındalık Becerisi, öğrencilerin toplumsal hayata nasıl uyum sağlamalarını sağlar? Sosyal Farkındalık Becerisi, öğrencilerin diğer insanların duygularını, düşüncelerini ve ihtiyaçlarını anlamalarını, onlarla empati yapmalarını ve toplumsal normlara uyum sağlamalarını sağlar. Bu beceri, öğrencilerin farklı kültürlere ve insanlara karşı saygılı olmalarını, toplumsal sorunlara duyarlı olmalarını ve aktif birer vatandaş olmalarını destekler. 1 eğitim https://tymm.meb.gov.tr Sosyal-Duygusal Öğrenme Becerileri
Eğitimin insanları karşılaştıkları zorluklarla baş edebilecek şekilde yetiştirmesinin yanı sıra geleceğin hayat koşullarına da hazırlaması gerektiği bilinmektedir. Geçmişin “öğrenen insan” modeli bugünün dünyasında “öğrenmeyi öğrenen,  sorgulayan, yeni durumlara kolaylıkla uyum sağlayan, sadece bilişsel değil sosyal ve duygusal yönden de gelişen insan” profiline karşılık gelmektedir. Bu nedenle sosyal-duygusal öğrenme becerileri, öğrencilerin okul içi ve okul dışı  hayatlarında başarılı olmaları için onları destekleyecek bir yeterlik kümesi olarak ele alınmaktadır. Nitekim “sosyal-duygusal öğrenme becerileri"" kavramında geçen “öğrenme” kelimesi, becerilerin öğrenme yaşantıları sonucunda geliştiğini  göstermektedir. Bu bakış açısıyla oluşturulan Türkiye Yüzyılı Maarif Modeli’nde sosyal-duygusal öğrenme becerileri, ayrı bir içerik veya öğrenme çıktısı olarak değil öğretim programlarının tamamına nüfuz eden ve bu yönüyle öğretim programında yer alan diğer becerilerin gelişimini destekleyen bir beceri seti olarak işlev görmektedir.

Türkiye Yüzyılı Maarif Modeli sosyal-duygusal öğrenme becerilerini alan becerileri ve kavramsal beceriler ile harmanlayarak kazandırmayı amaçlayan ve öğrencilerin öğrenme çıktısına ulaşmasını sağlarken sosyal-duygusal yönden de  gelişimini destekleyen bir yapıdadır. Bu yapı, aynı zamanda dinamik niteliğiyle öğrencilerin bireysel farklılıklarına, okul ve çevrenin koşullarına, zamanın ruhuna ve geleceğin beklentilerine uyarlanabilir özelliktedir. Sosyal-duygusal  öğrenme becerileri, sürdürülebilir olması için tüm eğitim kademelerinde sarmal bir yapıda geliştirilmektedir. Nitekim bu beceriler yaşantılar yoluyla öğrenilebilir, öğretilebilir, gelişebilir ve değişebilir yapıdadır. Sosyal-duygusal öğrenme  becerilerinin bu yapısı, modelde yer alan gelişim sürecinin tamamlayıcı ve bütüncül yönünü yansıtmaktadır. Sosyal duygusal öğrenme becerilerini geliştirmeye yönelik öğretim uygulamaları; öğretmenleri, öğrencileri, ok
Cevap: Türkiye Yüzyılı Maarif Modeli, öğrencilerin sosyal-duygusal gelişimini desteklemek için üç temel bileşen kullanır: Benlik Becerileri, Sosyal Yaşam Becerileri ve Ortak/Birleşik Beceriler. 

**Benlik Becerileri**, bireyin kendisini tanıması, duygularını yönetmesi ve öz yansıtma yapması için gerekli becerileri kapsar. Bu beceriler, öğrencilerin kendi güçlü ve zayıf yönlerini fark etmelerini, duygusal dengeyi sağlamalarını ve olumsuz düşünceleri ve davranışları değiştirmelerini sağlar. 

**Sosyal Yaşam Becerileri**, öğrencilerin başkalarıyla etkili iletişim kurmalarını, iş birliği yapmalarını ve sosyal farkındalık geliştirmelerini destekler. Bu beceriler, öğrencilerin başkalarının duygularını anlamalarını, empati kurmalarını ve farklı kültürlere saygı göstermelerini sağlar. 

**Ortak/Birleşik Beceriler**, öğrencilerin uyum sağlamalarını, esneklik göstermelerini ve sorumlu kararlar vermelerini destekler. Bu beceriler, öğrencilerin yeni durumlara kolaylıkla uyum sağlamalarını, zorlukların üstesinden gelmelerini ve etik değerlere uygun davranışlar sergilemelerini sağlar. 

Bu üç bileşen, öğrencilerin sosyal-duygusal gelişimini destekleyerek onları daha başarılı, uyumlu ve aktif bireyler olarak yetiştirmeyi amaçlar.",1,9,Türkiye Yüzyılı Maarif Modeli'nin öğrencilerin sosyal-duygusal gelişimini desteklemek için hangi üç temel beceri bileşenini kullandığını açıklayın?,"Türkiye Yüzyılı Maarif Modeli, öğrencilerin sosyal-duygusal gelişimini desteklemek için üç temel bileşen kullanır: Benlik Becerileri, Sosyal Yaşam Becerileri ve Ortak/Birleşik Beceriler. 

**Benlik Becerileri**, bireyin kendisini tanıması, duygularını yönetmesi ve öz yansıtma yapması için gerekli becerileri kapsar. Bu beceriler, öğrencilerin kendi güçlü ve zayıf yönlerini fark etmelerini, duygusal dengeyi sağlamalarını ve olumsuz düşünceleri ve davranışları değiştirmelerini sağlar. 

**Sosyal Yaşam Becerileri**, öğrencilerin başkalarıyla etkili iletişim kurmalarını, iş birliği yapmalarını ve sosyal farkındalık geliştirmelerini destekler. Bu beceriler, öğrencilerin başkalarının duygularını anlamalarını, empati kurmalarını ve farklı kültürlere saygı göstermelerini sağlar. 

**Ortak/Birleşik Beceriler**, öğrencilerin uyum sağlamalarını, esneklik göstermelerini ve sorumlu kararlar vermelerini destekler. Bu beceriler, öğrencilerin yeni durumlara kolaylıkla uyum sağlamalarını, zorlukların üstesinden gelmelerini ve etik değerlere uygun davranışlar sergilemelerini sağlar. 

Bu üç bileşen, öğrencilerin sosyal-duygusal gelişimini destekleyerek onları daha başarılı, uyumlu ve aktif bireyler olarak yetiştirmeyi amaçlar.",1,1,Qwen2.5-1.5B-Instruct,v3
"Soru: Dijital okuryazarlık becerileri, öğrencilerin dijital ortamda güvenli, etik ve etkili bir şekilde nasıl hareket etmelerini sağlar?
Bağlam: Okuryazarlık Becerileri
Türkiye Yüzyılı Maarif Modeli'nde yer alan okuryazarlık becerilerine ait süreç bileşenleri üç düzeyde öğrencilere kazandırılmak üzere kurgulanmıştır. Bu üç düzey; okuryazarlık türünde geçen temel bilgi, terim, kavram ve olguları tanımlama, anlama, bunların farkında olma ve duyarlılık göstermeye yönelik farkındalık düzeyi; öğrencilerin bu bilgi, terim, kavram ve olgulara yönelik bütüncül ilişkiyi fark etmelerine yönelik işlevsellik düzeyi ve edinilen bilgilere yönelik  öğrencilerin eyleme geçeceği eylemsellik düzeyidir. Bu düzeyler, gelişime uygun ve sarmal bir yapıda kurgulanmıştır. Bu sarmal sürecin farkındalıkla başlayıp eylemsellik ile tamamlanması beklenmektedir. Ancak bazı durumlarda  farkındalıkla başlayan süreç, eylemsellik aşamasına gelmeden işlevsellikte kalabilir. Bu süreç, işlevsellik aşamasından daha ileri düzey ve kapsamı daha geniş farkındalığa dönüşerek devam edebilir.
...
Bilgi Görseli:  Sistem Okuryazarlığı Bağlamında Okuryazarlık Türleri
Türkiye Yüzyılı Maarif Modeli'nde sistem düşüncesinin öğrencilere kazandırılmasına yönelik belirlenen okuryazarlık becerilerinin süreç bileşenlerinin öğrenme-öğretme sürecinde yapılan etkinliklerle bütünleştirilerek kullanılması  gerekmektedir. Bu nedenle program kapsamında belirlenen öğrenme çıktılarına yönelik sınıf içinde ve dışında yapılacak olan tüm etkinliklerde uygun yerlere okuryazarlık süreç bileşenleri nüfuz ettirilerek okuryazarlık becerilerinin  kazandırılması hedeflenmektedir.
Devamını Oku
Okuryazarlık Becerileri
OB1.Bilgi Okuryazarlığı
OB1.1. Bilgi İhtiyacını Fark Etme
Süreç bileşenleri
OB1.1.SB1. Bilgi ihtiyacını fark etmek
OB1.1.SB2. Bilgi türlerini fark etmek (sanatsal, gündelik vb.)
OB1.2. Bilgiyi Toplama
Süreç bileşenleri
OB1.2.SB1. İstenen bilgiye ulaşmak için kullanacağı araçları belirlemek
OB1.2.SB2. Belirlediği aracı kullanarak olay, konu ve durum ile ilgili bilgileri bulmak
OB1.2.SB3. Bir olay, konu ve durum ile ilgili ulaşılan bilgileri doğrulamak
OB1.2.SB4. Bir olay, konu ve durum ile ilgili ulaşılan bilgileri kaydetmek
OB1.3. Bilgiyi Özetleme
Süreç bileşenleri
OB1.3.SB1. Bilgiyi çözümlemek
OB1.3.SB2. Bilgiyi sınıflandırmak
OB1.3.SB3. Bilgiyi yorumlamak (kendi cümleleri ile aktarmak)
OB1.4. Bilgiyi Sentezleme
Süreç bileşenleri
OB1.4.SB1. Bilgi parçalarını belirlemek
OB1.4.SB2. Bilgi parçaları arasında ilişki kurmak
OB1.4.SB3. Bilgi parçalarını birleştirerek özgün bir bütün oluşturmak
OB1.5. Bilgiyi Kullanarak Eleştirel Düşünme

Cevap: Dijital okuryazarlık becerileri, öğrencilerin dijital bilgiye erişim, dijital bilgiyi analiz etme, dijital iletişim kurma, dijital içerik oluşturma ve dijital araçları kullanma konularında yetkin olmalarını sağlar. Bu da öğrencilerin dijital dünyada güvenli, etik ve etkili bir şekilde hareket etmelerini ve dijital bilgiyi eleştirel bir şekilde değerlendirmelerini sağlar.",0,8,"Dijital okuryazarlık becerileri, öğrencilerin dijital ortamda güvenli, etik ve etkili bir şekilde nasıl hareket etmelerini sağlar?","Dijital okuryazarlık becerileri, öğrencilerin dijital bilgiye erişim, dijital bilgiyi analiz etme, dijital iletişim kurma, dijital içerik oluşturma ve dijital araçları kullanma konularında yetkin olmalarını sağlar. Bu da öğrencilerin dijital dünyada güvenli, etik ve etkili bir şekilde hareket etmelerini ve dijital bilgiyi eleştirel bir şekilde değerlendirmelerini sağlar.",1,1,Qwen2.5-1.5B-Instruct,v3
"Soru: Açık öğretim lisesinde ders geçme sistemi nasıl çalışır?
Bağlam: TÜRK MİLLÎEĞİTİM SİSTEMİNİN YAPISI
Bugünkü  Türk  eğitim  sistemi,  1739  sayılı  Millî  Eğitim  Temel  Kanununa  göre şekillenmiştir(Kalkınma Bakanlığı, 2009).Millî Eğitim Temel Kanunu ile birlikte örgünve yaygıneğitim şeklinde iki ana başlıkaltında tasarlanmıştır. Örgün EğitimÖrgün eğitim; belirli yaş grubundaki ve aynı seviyedeki bireylere, amaca göre hazırlanmış programlarla, okul çatısı altında düzenli olarak yapılan eğitimdir. Örgün eğitim; okul öncesi, ilkokul, ortaokul, ortaöğretim ve yükseköğretim kurumlarını kapsar.Okulöncesi  Eğitim: Okul  öncesi  eğitim;  isteğe  bağlı  olarak  zorunlu  ilköğretim  çağına gelmemiş,  3-5  yaş  grubundaki  çocukların  eğitimini  kapsar.  Okul  öncesi  eğitim  kurumları bağımsız anaokulları olarak kurulabildikleri gibi, gerekli görülen yerlerde ilköğretim okullarına bağlı ana sınıfları halinde veya ilgili diğer öğretim kurumlarına bağlı uygulama sınıfları olarak da açılmaktadır. Okul öncesi eğitimin amacı; çocukların bedensel, zihinsel,duygusal gelişimini ve  iyi  alışkanlıklar  kazanmasını,  onların  ilköğretime  hazırlanmasını,  koşulları  elverişsiz çevrelerden gelen çocuklar için ortak bir yetişme ortamı sağlanmasını, Türkçenin doğru ve güzel konuşulmasını sağlamaktır. Okul öncesi eğitim kurumları, bağımsız anaokulları olarak, örgün ve yaygın eğitim kurumları bünyesinde uygun fiziksel kapasiteye göre ana sınıfları ve uygulamalı sınıflar olarak açılmaktadır.İlköğretim Kurumları: Mecburi ilköğretim çağı 6-13 yaş grubundaki çocukları kapsar. Bu çağ çocuğun 5 yaşını bitirdiği yılın eylül ayı sonunda başlar, 13 yaşını bitirip 14 yaşına girdiği yılın öğretim  yılı  sonunda  biter.  İlköğretimin  amacı;  her  Türk  çocuğunun  iyi  birer  vatandaş olabilmesi  için, gerekli temel  bilgi,  beceri, davranış  ve alışkanlık kazanmasını, millî  ahlak anlayışına uygun olarak yetişmesini, ilgi, istidat ve kabiliyetleri yönünden hayata ve bir üst öğrenime hazırlanmasını sağlamaktır. İlköğretim kurumları; dört yıl süreli ve zorunlu ilkokullar ile dört yıl süreli zorunlu ve farklı programlar arasında tercihe imkân veren ortaokullar ile imam hatip ortaokullarından oluşur.Ortaokullar  ile  imam-hatip ortaokullarında lise eğitimini destekleyecek şekilde öğrencilerin yetenek, gelişim ve tercihlerine göre seçimlik dersler oluşturulur.
Ortaöğretim: Ortaöğretim; ilköğretime dayalı, en az dört yıllık zorunlu, örgün veya yaygın öğrenim veren genel, mesleki ve teknik öğretim kurumlarının tümünü kapsar. Ortaöğretimin amaç ve görevleri; M
Cevap: Açık öğretim lisesinde, ders geçme ve kredi sistemi uygulanır. Öğrenciler, kendi hızlarında ve istedikleri zaman dersleri takip edebilir, sınavlara girebilir ve dersleri geçerek krediler kazanabilirler. Belirli sayıda krediyi tamamlayan öğrenciler, lise diplomasını almaya hak kazanırlar.",1,9,Açık öğretim lisesinde ders geçme sistemi nasıl çalışır?,"Açık öğretim lisesinde, ders geçme ve kredi sistemi uygulanır. Öğrenciler, kendi hızlarında ve istedikleri zaman dersleri takip edebilir, sınavlara girebilir ve dersleri geçerek krediler kazanabilirler. Belirli sayıda krediyi tamamlayan öğrenciler, lise diplomasını almaya hak kazanırlar.",1,1,Qwen2.5-1.5B-Instruct,v3
"Soru: Tarih bilimi, insanlık tarihinin hangi yönlerini ele alır?
Bağlam: Tarih bilimi, insanlık tarihini, geçmişte yaşanan olayları ve bu olayların neden-sonuç ilişkilerini inceleyen, belgeler ve bulgular ışığında yorumlayan bir disiplindir. Tarih, yalnızca geçmiş olayları kayıt altına almakla kalmaz, aynı zamanda bu olayların insan toplulukları üzerindeki etkilerini de analiz eder. Tarih bilimi, insanın sosyal, kültürel, ekonomik ve siyasi gelişimini anlamak için önemli bir araçtır.

Tarih Biliminin Tanımı
Tarih, geçmişteki olayların yer ve zaman gösterilerek, neden-sonuç ilişkisi içinde belgelere dayandırılarak incelenmesi ve anlatılmasıdır. Bu süreçte tarihçiler, objektif kalmaya özen gösterir ve geçmişi anlamaya çalışırken mümkün olduğunca tarafsız bir bakış açısı benimser. Tarih bilimi, sadece olayları sıralamakla yetinmez; aynı zamanda bu olayların arka planını, etkilerini ve sonuçlarını da değerlendirir. Bu nedenle tarih, birçok farklı bilim dalıyla etkileşim halindedir ve disiplinler arası bir karakter taşır.

Tarih Biliminin Yöntemleri
Tarih bilimi, olayları incelerken belirli yöntemler kullanır. Bu yöntemler arasında kaynak taraması, eleştirel analiz ve yorumlama önemli bir yer tutar. Kaynak taraması, bir olayın belgelerle, yazılı ya da sözlü tanık ifadeleriyle desteklenmesi sürecidir. Bu kaynaklar, birincil ve ikincil olmak üzere ikiye ayrılır. Birincil kaynaklar, olayların yaşandığı dönemde üretilmiş belgeler, mektuplar, resmi kayıtlar gibi doğrudan kanıtlardır. İkincil kaynaklar ise olaylar hakkında sonradan yapılmış çalışmalar, araştırmalar ve analizlerdir.

Tarihçi, kaynakları topladıktan sonra bu verileri eleştirel bir süzgeçten geçirir. Bu süreçte, kaynakların güvenilirliği, tarafsızlığı ve doğruluğu sorgulanır. Eleştirel analiz, tarihçinin olayları daha iyi anlamasına ve doğru bir sonuca ulaşmasına yardımcı olur. Ardından, elde edilen bilgiler yorumlanır ve olaylar arasındaki bağlantılar kurularak tarihsel bir anlatı oluşturulur. Tarihçinin yorumu, olayların anlamını ve önemini ortaya koyarken, aynı zamanda o dönemin koşullarını, toplumun yapısını ve insan davranışlarını da açıklar.

Tarih Yazıcılığı
Tarih yazıcılığı, geçmişte yaşanan olayların, belgeler ve kaynaklar ışığında kaleme alınması sürecidir. Bu süreçte, tarihçiler belirli bir yöntem izler ve elde ettikleri bilgileri belirli bir düzen içinde sunarlar. Tarih yazıcılığı, farklı dönemlerde ve farklı toplumlarda çeşitli evrelerden geçmiştir. Eski çağlarda, tarih yazıcılığı genellikle olayların kronolojik olarak sıralanması ve kahramanlık hikay
Cevap: Tarih bilimi, insanlığın sosyal, kültürel, ekonomik, politik ve teknolojik gelişimini ele alır. Bu alanları inceleyerek, insan toplumlarının zaman içinde nasıl değiştiğini, nasıl ilerlediğini ve nasıl geriye gittiğini anlayabiliriz.",1,9,"Tarih bilimi, insanlık tarihinin hangi yönlerini ele alır?","Tarih bilimi, insanlığın sosyal, kültürel, ekonomik, politik ve teknolojik gelişimini ele alır. Bu alanları inceleyerek, insan toplumlarının zaman içinde nasıl değiştiğini, nasıl ilerlediğini ve nasıl geriye gittiğini anlayabiliriz.",1,1,Qwen2.5-1.5B-Instruct,v3
"Soru: Eğitim programlarındaki tamamlayıcı unsurların geliştirilmesi ve tamamlanması hangi aşamalarda gerçekleşmektedir?
Bağlam: Uzmanlar tarafından geliştirilmesi için çeşitli araştırmalar ve çalışmalar yürütülen unsurlar nelerdir? Uzmanlar tarafından geliştirilmesi için çeşitli araştırmalar ve çalışmalar yürütülen unsurlar, programlar arası bileşenlerdir. Bu bileşenlerin etkili bir şekilde uygulanması için uzmanlar tarafından sürekli değerlendirme ve güncelleme çalışmaları yapılır. 1 eğitim https://tymm.meb.gov.tr PROGRAMLAR ARASI BİLEŞENLER
Programlar arası bileşenler, insanın kişisel, sosyal, entelektüel ve ahlaki açıdan bütüncül gelişimini sağlamayı
hedefleyen yapısıyla öğretim programlarının tamamlayıcısı niteliğindedir. Bu yönüyle toplumsal
hayatın ihtiyaç duyduğu bilgi ve becerileri kapsayan geniş temel yaklaşımlı öğretim programlarının özünü
oluşturmaktadır. Öğretim programlarında yer verilen programlar arası bileşenler, öğretim sürecinin dinamik
bir yapıda ilerlemesini sağlamakta ve aynı zamanda eğitimin örtük hedeflerini özetlemektedir. Türkiye
Yüzyılı Maarif Modeli’nde programlar arası bileşenler güçlü, çeşitli ve kapsayıcı bir şekilde ele alınmıştır.
Gelişim sürecinin tamamlayıcı ve bütüncül yönünü yansıtan sosyal-duygusal öğrenme becerilerinin gelişimi;
toplumun millî ve manevi değerlerinin öğrenciler tarafından içselleştirilmesi; her yaştan insanın sahip
olması gereken sistem okuryazarlığı bağlamında farklı okuryazarlık becerilerinin kazandırılması programlar
arası bileşenlerin temel hedefleridir.
Öğretim programlarında programlar arası bileşenler olarak yer alan beceri ve değerlerin her bir ders ve
kademenin doğasına uygun olarak azami ölçüde kullanılmasına özen gösterilmiştir. Türkiye Yüzyılı Maarif
Modeli'nin kapsadığı tüm eğitim kademeleri bütüncül bir yapı olarak ele alınmış, bu kademeler içerisinde
okul öncesinden ortaöğretimin sonuna kadar sarmal bir yapıda programlar arası bileşenlerin geliştirilmesi
hedeflenmiştir. Bu nedenle programlar arası bileşenler; herhangi bir ünitede/temada/öğrenme alanında,
ders veya eğitim kademesinde değil tüm bu süreç içerisinde geliştirilmesi ve tamamlanması gereken bir
yapı olarak ele alınmıştır.
Cevap: Eğitim programlarındaki 'programlar arası bileşenler', herhangi bir ünitede, temada, öğrenme alanında, ders veya eğitim kademesinde değil, tüm bu süreç içerisinde geliştirilmesi ve tamamlanması gereken bir yapı olarak ele alınmıştır. Bu yaklaşım, programlar arası bileşenlerin tüm eğitim sürecinde etkin bir şekilde kullanılmasını ve öğrencilerin bütüncül gelişimine katkı sağlamasını amaçlar.",0,8,Eğitim programlarındaki tamamlayıcı unsurların geliştirilmesi ve tamamlanması hangi aşamalarda gerçekleşmektedir?,"Eğitim programlarındaki 'programlar arası bileşenler', herhangi bir ünitede, temada, öğrenme alanında, ders veya eğitim kademesinde değil, tüm bu süreç içerisinde geliştirilmesi ve tamamlanması gereken bir yapı olarak ele alınmıştır. Bu yaklaşım, programlar arası bileşenlerin tüm eğitim sürecinde etkin bir şekilde kullanılmasını ve öğrencilerin bütüncül gelişimine katkı sağlamasını amaçlar.",1,1,Qwen2.5-1.5B-Instruct,v3
"Soru: Sistemlerin sürdürülebilirliğini etkileyen problemleri nasıl çözebiliriz?
Bağlam: Bir sürecin değişkenlik gösteren yönlerini nasıl belirleriz? Bir sürecin değişkenlik gösteren yönlerini belirlemek için, sürecin farklı unsurlarını, bunların nasıl değiştiğini ve birbirleriyle nasıl ilişkili olduklarını analiz ederiz. Bu, verilerin incelenmesini, görsel örüntülerin tanınmasını ve süreçte yer alan faktörlerin belirlenmesini içerir. 1 eğitim https://tymm.meb.gov.tr OB7.7. Örüntüleri Betimleme ve Analiz Etme
Süreç bileşenleri
OB7.7.SB1. Değişkenliği tanımak ve betimlemek
OB7.7.SB2. Görsel örüntüleri betimlemek
OB7.7.SB3. Örüntüleri ortaya çıkaracak veya vurgulayacak şeyler yapmak
OB7.7.SB4. Örüntüleri modellemek (nicelendirmek)
OB7.8. Bilgiye Ulaşma İçin Veriyi Yorumlama
Süreç bileşenleri
OB7.8.SB1. Örüntüleri bağlam içinde yorumlamak
OB7.8.SB2. Veriyle ilgili yorumunu gerekçelendirmek
OB7.8.SB3. Veriden kapsamlı anlam çıkarımı yapmak
OB7.9. Yeni Bilgiyi Kullanma ve Yapılandırma
Süreç bileşenleri
OB7.9.SB1. Yeni bilgiyle ne yapacağına karar vermek
OB7.9.SB2. Veriden hareketle bir eylem ortaya koymak (bulguları iletmek, bir kararı gerekçelendirmek
veya yeni bir araştırma önermek vb.)
OB8. Sürdürülebilirlik Okuryazarlığı
OB8.1. Sürdürülebilirliği ve Sürdürülebilir Kalkınmayı Anlama
Süreç bileşenleri
OB8.1.SB1. Sürdürülebilir ve sürdürülebilir olmayan süreçlerin farkında olmak
OB8.2. Sürdürülebilir ve Sürdürülebilir Olmayan Sistemleri Anlama
Süreç bileşenleri
OB8.2.SB1. Sürdürülebilir ve sürdürülebilir olmayan süreçleri tanımlamak
OB8.2.SB2. Ekosistemin kompleks, tahmin edilemeyen ve belirsiz süreçlerinin farkında olmak
OB8.3. Sürdürülebilir ve Sürdürülebilir Olmayan Sistemleri Çözümleme
Süreç bileşenleri
OB8.3.SB1. Sürdürülebilir ve sürdürülebilir olmayan sistemlerin parçaları (sosyal, ekonomik ve çevresel boyutları göz önünde bulundurarak) arasındaki ilişkileri belirlemek
OB8.3.SB2. Sürdürülebilirliği sağlayan sistem parçaları arasındaki döngüleri anlamak
OB8.4. Sürdürülebilir ve Sürdürülebilir Olmayan Sistemleri Yapılandırma
Süreç bileşenleri
OB8.4.SB1. Sürdürülebilir ve sürdürülebilir olmayan sistemleri inceleyerek hiyerarşik, nedensel ya da mantıksal ilişkiler ortaya koymak
OB8.4.SB2. Sürdürülebilir sistemleri oluşturmak/ortaya koymak
OB8.5. Sürdürülebilir Olmayan Sistemlere Yönelik Problemleri ve Sorunları Tartışma
Süreç bileşenleri
OB8.5.SB1. Sürdürülebilir olmayan sistemlerin problemlerine ve sorunlarına yönelik farklı bakış açılarından
(çevresel, sosyal, ekonomik, ahlaki, etik, sağlık, v.b.) mantıksal 
Cevap: Sistemlerin sürdürülebilirliğini etkileyen problemleri çözmek için öncelikle problemi yapılandırmak, özetlemek ve gözleme dayalı tahminlerde bulunmak gerekir. Problemi yapılandırmak, sorunun ne olduğunu, nedenlerini ve etkilerini belirlemek anlamına gelir. Örneğin, bir şehirdeki hava kirliliği problemini çözmek için, kirliliğin kaynaklarını, kirleticilerin türlerini, kirlilik seviyelerini ve insan sağlığı üzerindeki etkilerini belirlemek gerekir. Problemi özetlemek, sorunu anlaşılır ve öz bir şekilde ifade etmek demektir. Örneğin, şehirdeki hava kirliliği problemini, 'şehirde hava kirliliği seviyeleri, insan sağlığını tehdit eden düzeylere ulaşmıştır' şeklinde özetleyebiliriz. Gözleme dayalı tahminlerde bulunmak, sorunun nedenlerini ve olası sonuçlarını gözlemlemek ve analiz etmek demektir. Örneğin, şehirdeki hava kirliliği problemini çözmek için, trafik yoğunluğunun, sanayi emisyonlarının ve hava şartlarının kirlilik seviyelerini nasıl etkilediğini gözlemlemek ve analiz etmek gerekir. Ardından, çözüme yönelik önermeler üzerinden akıl yürütmek, yansıtma yapmak ve yeni çözüm önerileri geliştirmek gerekir. Örneğin, şehirdeki hava kirliliği problemini çözmek için, toplu taşıma kullanımını teşvik etmek, sanayi emisyonlarını azaltmak, yeşil alanları artırmak ve hava kalitesini izlemek gibi farklı önermeler geliştirebilir, bu önermelerin olumlu ve olumsuz etkilerini değerlendirebilir ve yeni çözüm önerileri geliştirebiliriz.",1,9,Sistemlerin sürdürülebilirliğini etkileyen problemleri nasıl çözebiliriz?,"Sistemlerin sürdürülebilirliğini etkileyen problemleri çözmek için öncelikle problemi yapılandırmak, özetlemek ve gözleme dayalı tahminlerde bulunmak gerekir. Problemi yapılandırmak, sorunun ne olduğunu, nedenlerini ve etkilerini belirlemek anlamına gelir. Örneğin, bir şehirdeki hava kirliliği problemini çözmek için, kirliliğin kaynaklarını, kirleticilerin türlerini, kirlilik seviyelerini ve insan sağlığı üzerindeki etkilerini belirlemek gerekir. Problemi özetlemek, sorunu anlaşılır ve öz bir şekilde ifade etmek demektir. Örneğin, şehirdeki hava kirliliği problemini, 'şehirde hava kirliliği seviyeleri, insan sağlığını tehdit eden düzeylere ulaşmıştır' şeklinde özetleyebiliriz. Gözleme dayalı tahminlerde bulunmak, sorunun nedenlerini ve olası sonuçlarını gözlemlemek ve analiz etmek demektir. Örneğin, şehirdeki hava kirliliği problemini çözmek için, trafik yoğunluğunun, sanayi emisyonlarının ve hava şartlarının kirlilik seviyelerini nasıl etkilediğini gözlemlemek ve analiz etmek gerekir. Ardından, çözüme yönelik önermeler üzerinden akıl yürütmek, yansıtma yapmak ve yeni çözüm önerileri geliştirmek gerekir. Örneğin, şehirdeki hava kirliliği problemini çözmek için, toplu taşıma kullanımını teşvik etmek, sanayi emisyonlarını azaltmak, yeşil alanları artırmak ve hava kalitesini izlemek gibi farklı önermeler geliştirebilir, bu önermelerin olumlu ve olumsuz etkilerini değerlendirebilir ve yeni çözüm önerileri geliştirebiliriz.",1,1,Qwen2.5-1.5B-Instruct,v3
"Soru: Tarih bilimi, insanın hangi gelişim alanlarını anlamak için önemli bir araçtır?
Bağlam: Tarih bilimi, insanlık tarihini, geçmişte yaşanan olayları ve bu olayların neden-sonuç ilişkilerini inceleyen, belgeler ve bulgular ışığında yorumlayan bir disiplindir. Tarih, yalnızca geçmiş olayları kayıt altına almakla kalmaz, aynı zamanda bu olayların insan toplulukları üzerindeki etkilerini de analiz eder. Tarih bilimi, insanın sosyal, kültürel, ekonomik ve siyasi gelişimini anlamak için önemli bir araçtır.

Tarih Biliminin Tanımı
Tarih, geçmişteki olayların yer ve zaman gösterilerek, neden-sonuç ilişkisi içinde belgelere dayandırılarak incelenmesi ve anlatılmasıdır. Bu süreçte tarihçiler, objektif kalmaya özen gösterir ve geçmişi anlamaya çalışırken mümkün olduğunca tarafsız bir bakış açısı benimser. Tarih bilimi, sadece olayları sıralamakla yetinmez; aynı zamanda bu olayların arka planını, etkilerini ve sonuçlarını da değerlendirir. Bu nedenle tarih, birçok farklı bilim dalıyla etkileşim halindedir ve disiplinler arası bir karakter taşır.

Tarih Biliminin Yöntemleri
Tarih bilimi, olayları incelerken belirli yöntemler kullanır. Bu yöntemler arasında kaynak taraması, eleştirel analiz ve yorumlama önemli bir yer tutar. Kaynak taraması, bir olayın belgelerle, yazılı ya da sözlü tanık ifadeleriyle desteklenmesi sürecidir. Bu kaynaklar, birincil ve ikincil olmak üzere ikiye ayrılır. Birincil kaynaklar, olayların yaşandığı dönemde üretilmiş belgeler, mektuplar, resmi kayıtlar gibi doğrudan kanıtlardır. İkincil kaynaklar ise olaylar hakkında sonradan yapılmış çalışmalar, araştırmalar ve analizlerdir.

Tarihçi, kaynakları topladıktan sonra bu verileri eleştirel bir süzgeçten geçirir. Bu süreçte, kaynakların güvenilirliği, tarafsızlığı ve doğruluğu sorgulanır. Eleştirel analiz, tarihçinin olayları daha iyi anlamasına ve doğru bir sonuca ulaşmasına yardımcı olur. Ardından, elde edilen bilgiler yorumlanır ve olaylar arasındaki bağlantılar kurularak tarihsel bir anlatı oluşturulur. Tarihçinin yorumu, olayların anlamını ve önemini ortaya koyarken, aynı zamanda o dönemin koşullarını, toplumun yapısını ve insan davranışlarını da açıklar.

Tarih Yazıcılığı
Tarih yazıcılığı, geçmişte yaşanan olayların, belgeler ve kaynaklar ışığında kaleme alınması sürecidir. Bu süreçte, tarihçiler belirli bir yöntem izler ve elde ettikleri bilgileri belirli bir düzen içinde sunarlar. Tarih yazıcılığı, farklı dönemlerde ve farklı toplumlarda çeşitli evrelerden geçmiştir. Eski çağlarda, tarih yazıcılığı genellikle olayların kronolojik olarak sıralanması ve kahramanlık hikay
Cevap: Tarih bilimi, insanın sosyal, kültürel, ekonomik ve siyasi gelişimini anlamak için önemli bir araçtır. Tarih, insanın zaman içinde nasıl yaşadığını, toplumları nasıl kurduğunu, ekonomilerini nasıl yönettiğini ve politik sistemlerini nasıl geliştirdiğini gösteren bir aynadır. Tarihçi, bu alanları inceleyerek, insan toplumlarının zaman içindeki dönüşümünü, başarılarını ve başarısızlıklarını anlamaya çalışır. Örneğin, bir toplumun ekonomik gelişmesini anlamak için tarihçiler, o toplumun ticaret yollarını, üretim yöntemlerini, teknolojik ilerlemelerini ve sosyal sınıf yapısını inceler. Bu şekilde, tarih bilimi insanın geçmişini anlamak, bugünü değerlendirmek ve geleceği şekillendirmek için gerekli olan bilgiyi sağlar.",1,9,"Tarih bilimi, insanın hangi gelişim alanlarını anlamak için önemli bir araçtır?","Tarih bilimi, insanın sosyal, kültürel, ekonomik ve siyasi gelişimini anlamak için önemli bir araçtır. Tarih, insanın zaman içinde nasıl yaşadığını, toplumları nasıl kurduğunu, ekonomilerini nasıl yönettiğini ve politik sistemlerini nasıl geliştirdiğini gösteren bir aynadır. Tarihçi, bu alanları inceleyerek, insan toplumlarının zaman içindeki dönüşümünü, başarılarını ve başarısızlıklarını anlamaya çalışır. Örneğin, bir toplumun ekonomik gelişmesini anlamak için tarihçiler, o toplumun ticaret yollarını, üretim yöntemlerini, teknolojik ilerlemelerini ve sosyal sınıf yapısını inceler. Bu şekilde, tarih bilimi insanın geçmişini anlamak, bugünü değerlendirmek ve geleceği şekillendirmek için gerekli olan bilgiyi sağlar.",1,1,Qwen2.5-1.5B-Instruct,v3
"Soru: Organizasyon becerilerini geliştirmek için hangi adımlar atılabilir?
Bağlam: Zaman Yönetimi ve Organizasyon Becerileri
İyi bir öğrenci olmanın en önemli bileşenlerinden biri de etkili zaman yönetimidir. Zamanınızı iyi yönetmek, ders çalışmak için yeterli zamanı ayırmanızı ve aynı zamanda sosyal aktiviteler için de vakit bulmanızı sağlar. Zaman yönetimi, önceliklerinizi belirlemek ve bu önceliklere göre hareket etmek anlamına gelir. Bir öğrenci olarak, derslerinizi, ödevlerinizi, sınavlarınızı ve diğer sorumluluklarınızı göz önünde bulundurarak bir plan yapmalısınız. Haftalık veya günlük çalışma planları hazırlamak, işlerinizi düzenli bir şekilde yapmanıza yardımcı olur. Bu planlar, hem akademik başarıyı artırır hem de stresi azaltır. Zaman yönetimi konusunda başarılı olmak için, zamanınızı hangi faaliyetlere harcadığınızı dikkatlice incelemeniz önemlidir. Zamanınızı verimli kullanmak, ders çalışma saatlerinizi düzenlemek ve gereksiz zaman kaybını en aza indirmek anlamına gelir. Organizasyon becerileri de zaman yönetiminin önemli bir parçasıdır. Ders notlarınızı düzenli tutmak, ödevlerinizi takip etmek ve sınav tarihlerine hazırlanmak, başarılı bir öğrenci olmanın anahtarıdır. Ayrıca, çalışma alanınızı düzenli tutmak ve çalışmak için uygun bir ortam yaratmak da önemlidir. Bu şekilde, dikkatinizi dağıtan unsurlardan uzak durarak daha verimli çalışabilirsiniz. Zaman yönetimi ve organizasyon becerileri, hem derslerde hem de genel olarak yaşamda başarılı olmanın temel unsurlarından biridir.
Cevap: Organizasyon becerilerini geliştirmek için, notları düzenli tutmak, ödevleri ve sınav tarihlerini takip etmek, bir çalışma programı oluşturmak ve çalışma alanını düzenli tutmak gibi adımlar atılabilir. Notları düzenli tutmak, bilgileri kolayca bulmanızı ve tekrar etmenizi sağlar. Ödevleri ve sınav tarihlerini takip etmek, zamanında teslim edilmelerini ve ek stresten kaçınmanızı sağlar. Bir çalışma programı oluşturmak, zamanı etkili bir şekilde yönetmeyi ve görevleri organize etmeyi kolaylaştırır. Çalışma alanını düzenli tutmak, dikkat dağınıklığına engel olur ve daha verimli çalışmayı sağlar.",1,9,Organizasyon becerilerini geliştirmek için hangi adımlar atılabilir?,"Organizasyon becerilerini geliştirmek için, notları düzenli tutmak, ödevleri ve sınav tarihlerini takip etmek, bir çalışma programı oluşturmak ve çalışma alanını düzenli tutmak gibi adımlar atılabilir. Notları düzenli tutmak, bilgileri kolayca bulmanızı ve tekrar etmenizi sağlar. Ödevleri ve sınav tarihlerini takip etmek, zamanında teslim edilmelerini ve ek stresten kaçınmanızı sağlar. Bir çalışma programı oluşturmak, zamanı etkili bir şekilde yönetmeyi ve görevleri organize etmeyi kolaylaştırır. Çalışma alanını düzenli tutmak, dikkat dağınıklığına engel olur ve daha verimli çalışmayı sağlar.",1,1,Qwen2.5-1.5B-Instruct,v3
"Soru: CBS'nin coğrafi bilgiyi ele alma yaklaşımı nedir ve bu yaklaşımın avantajları nelerdir?
Bağlam: Coğrafi Bilgi Sistemi (CBS) Nedir?
Coğrafi Bilgi Sistemleri (CBS), İngilizce Geographical Information Systems (GIS) ifadesinin Türkçe’ye çevrilmiş hali olup, kullanıcıların çok farklı disiplinlerden olması nedeniyle, bu kavram da değişik şekillerde tanımlanmaktadır. Özellikle CBS’nin dünyada konumsal bilgi ile ilgilenen kişi, kurum ve kuruluşlar arasında geniş bir merak uyandırması, gelişmelerdeki hızlı değişiklikler, özellikle ticari beklentiler, farklı uygulama ve fikirler, CBS’nin standart bir tanımının yapılmasına henüz izin vermemiştir. CBS, bazı araştırmacılara göre konumsal bilgi sistemlerin tümünü içeren ve coğrafi bilgiyi irdeleyen bir bilimsel kavram, bazılarına göre; konumsal bilgileri dijital yapıya kavuşturan bilgisayar tabanlı bir araç, bazılarına göre de; organizasyona yardımcı olan bir veri tabanı yönetim sistemi olarak nitelendirilmektedir. Buna göre en genel haliyle CBS’tanımı aşağıdaki şekildedir;

“Coğrafi Bilgi Sistemleri; konuma dayalı gözlemlerle elde edilen grafik ve grafik-olmayan bilgilerin toplanması, saklanması, işlenmesi ve kullanıcıya sunulması işlevlerini bütünlük içerisinde gerçekleştiren bir bilgi sistemidir.
CBS Bileşenleri
CBS’nin beş temel bileşeni vardır. Bunlar;

a) Donanım (hardware)
CBS’nin işlemesini mümkün kılan bilgisayar ve buna bağlı yan ürünlerin bütünü donanım olarak adlandırılır. Bütün sistem içerisinde en önemli araç olarak gözüken bilgisayar yanında yan donanımlara da ihtiyaç vardır. Örneğin, yazıcı (printer), çizici (plotter), tarayıcı (scanner), sayısallaştırıcı (digitizer), veri kayıt üniteleri (data collector) gibi cihazlar bilgi teknolojisi araçları olarak CBS için önemli sayılabilecek donanımlardır. Bugün bir çok CBS yazılımı farklı donanımlar üzerinde çalışmaktadır. Merkezileştirilmiş bilgisayar sistemlerinden masaüstü bilgisayarlara, kişisel bilgisayarlardan ağ (network) donanımlı bilgisayar sistemlerine kadar çok değişik donanımlar mevcuttur.

b) Yazılım (software)
Diğer bir deyişle bilgisayarda koşabilen program, coğrafik bilgileri depolamak, analiz etmek ve görüntülemek gibi ihtiyaç ve fonksiyonları kullanıcıya sağlamak üzere, yüksek düzeyli programlama dilleriyle gerçekleştirilen algoritmalardır. Yazılımların pek çoğunun ticari amaçlı firmalarca geliştirilip üretilmesi yanında üniversite ve benzeri araştırma kurumlarınca da eğitim ve araştırmaya yönelik geliştirilmiş yazılımlar da mevcuttur. Dünyadaki CBS pazarının önemli bir kısmı yazılım geliştiren firmaların elindedir. Bu bakımdan 
Cevap: CBS, yeryüzüne ait bilgileri coğrafi anlamda birbiriyle ilişkilendirilmiş tematik harita katmanları gibi kabul ederek saklar. Bu katmanlı yaklaşım, farklı coğrafi bilgilerin kolayca birleştirilmesini, analiz edilmesini ve görselleştirilmesini sağlar. Bu da farklı coğrafi veriler arasındaki ilişkileri keşfetmeyi ve kompleks coğrafi sorunları çözmeyi kolaylaştırır.",1,9,CBS'nin coğrafi bilgiyi ele alma yaklaşımı nedir ve bu yaklaşımın avantajları nelerdir?,"CBS, yeryüzüne ait bilgileri coğrafi anlamda birbiriyle ilişkilendirilmiş tematik harita katmanları gibi kabul ederek saklar. Bu katmanlı yaklaşım, farklı coğrafi bilgilerin kolayca birleştirilmesini, analiz edilmesini ve görselleştirilmesini sağlar. Bu da farklı coğrafi veriler arasındaki ilişkileri keşfetmeyi ve kompleks coğrafi sorunları çözmeyi kolaylaştırır.",0,0,Qwen2.5-1.5B-Instruct,v3
"Soru: Bir kavram haritası nasıl oluşturulur?
Bağlam: Çok İyi Bir Öğrenci Nasıl Olunur?
Yöntem: Verimli Çalışmak ve Öğrenmek:
Kelime hazineni genişletmek için elinden geldiğince çok oku. Seni zorlayan kitapları okumak kelime hazineni ve kavrama yeteneğini geliştirebilir, bu da öğretmen dil bilimsel olarak zor metinleri ödev verdiğinde işine yarar. Eğer kitap okumaya düşkün biri değilsen kendi seviyenden başla ve ilerle.
Isınmak için hoşuna giden bir şey oku. Okumayı seven bir arkadaşın varsa ondan tavsiye iste.
Okul kütüphanesine veya yerel kütüphaneye git ve kütüphaneciden diğer alanlarda sevdiğin ve sevmediğin şeylere dayalı tavsiyeler iste. Örneğin, ""Süper kahraman ve gizem filmlerini çok seviyorum, bu tür konuları olan kitaplarınız var mı?"" diyebilirsin.
Yeni şeyler öğrenmeni sağlayacak konularla ilgili kavram haritaları oluştur:
 Kavram haritaları yeni olgulara bağlam vererek eski ve yeni bilgiler arasında bağlantı kurmanı sağlar, bu yüzden onları daha kolay hatırlarsın. Bu uygulama özellikle büyük projeler için beyin fırtınası yapman gerektiğinde çok işine yarar. Kavram haritası oluşturmak için konuyu ortaya yaz, farklı yönlere doğru uzanan çizgiler ekle ve çizgilerin üstüne fikirlerini yaz.
Mümkün olduğunca fazla fikir bul. Takılırsan daha fazla bilgi için araştırma yap.
Bu uygulamayı bir tür kelime veya fikir ilişkilendirme olarak düşün.
Dikkatin dağılmadan ders çalışmak için sessiz bir yer seç. Ders çalışmak için ne kadar fazla zaman harcarsan o kadar fazla şey öğrenir ve o kadar iyi notlar alırsın. Ancak ders çalışma sürenin kalitesi verimli olmalıdır, bu yüzden sakin ve odaklanmış bir ortam oluşturmak için tüm dikkat dağıtıcıları kaldır (cep telefonları, televizyon, gürültülü/tempolu müzik ve konuşkan arkadaşlar/aile üyeleri).
Ders çalışmak için sessiz bir yer bulamazsan ses engelleyici kulaklık tak (ancak müzik çalma).
Akranlarının çoğu başka şeyler yaparken sen ders çalışmak için zaman bul. Örneğin, öğlen yemeğini erken bitirirsen kütüphaneye veya çok kalabalık olmayan sessiz bir yere git.
Ertelemekten kaçın ve olumlu ol. ""Sonra yaparım."" demek cezbedicidir ama çoğu zaman daha sonra asla yapılmaz. Eve gelince veya son ders bitince çalışmaya başlamaya dikkat et. Belirli bir konuyla ilgili sorun yaşıyorsan önce ona çalış ve olumlu ol!
Hâlâ erteliyorsan bir arkadaşın veya aile üyenden seni sorumlu tutmasını iste. ""Hâlâ çalıştığımdan emin olmak için beni bir saat sonra kontrol edebilir misin?"" gibi bir şey söyleyebilirsin.
Bir şeyi anlamakta zorluk çekiyorsan kendine olumlu onaylar ver.
Cevap: Bir kavram haritası oluşturmak için öncelikle konuyu yazılır ve ardından konuyla ilgili fikirleri temsil eden dallar eklenir. Her dala da ilgili fikirler yazılır. Örneğin, ""Çevre Kirliliği"" konusu için, ""Hava Kirliliği"", ""Su Kirliliği"", ""Toprak Kirliliği"" gibi dallar eklenebilir ve her dalın altında ilgili fikirler yazılır.",0,8,Bir kavram haritası nasıl oluşturulur?,"Bir kavram haritası oluşturmak için öncelikle konuyu yazılır ve ardından konuyla ilgili fikirleri temsil eden dallar eklenir. Her dala da ilgili fikirler yazılır. Örneğin, ""Çevre Kirliliği"" konusu için, ""Hava Kirliliği"", ""Su Kirliliği"", ""Toprak Kirliliği"" gibi dallar eklenebilir ve her dalın altında ilgili fikirler yazılır.",1,1,Qwen2.5-1.5B-Instruct,v3
"Soru: Anadolu'da kurulan ilk Türk beylikleri hangi alanlarda etkili olmuştur?
Bağlam: Türklerin İslamiyet’i kabulü ve bu kabulün ardından kurulan ilk Türk-İslam devletleri, hem Türk tarihini hem de İslam dünyasının gelişimini derinden etkilemiştir. Bu süreç, Türklerin Orta Asya’dan İslam coğrafyasına doğru yayılmalarıyla başlamış, Karahanlılar, Gazneliler ve Büyük Selçuklular gibi büyük devletlerin kurulmasıyla devam etmiştir. Anadolu’da kurulan ilk Türk beylikleri ise, bu sürecin önemli bir parçası olarak Anadolu’nun İslamlaşmasında ve Türkleşmesinde kritik rol oynamıştır.

Türklerin İslamiyet’i Kabulü
Türklerin İslamiyet’i kabul süreci, 8. yüzyılda Abbasi Halifeliği döneminde başlamıştır. O dönemde, Türkler Abbasi ordusunda görev alarak İslam dünyasıyla daha yakın ilişkiler kurmuşlardır. Bu ilişkiler sonucunda, 10. yüzyıldan itibaren Türk boyları İslamiyet’i kabul etmeye başlamışlardır. Karahanlı Devleti, İslamiyet’i resmi din olarak kabul eden ilk Türk devleti olmuştur. Bu kabul, Türkler arasında İslamiyet’in hızla yayılmasına ve İslam dünyasında önemli bir güç haline gelmelerine zemin hazırlamıştır.

Karahanlılar
Karahanlılar, 10. yüzyılda Orta Asya’da kurulan ve İslamiyet’i benimseyen ilk Türk devleti olarak tarihe geçmiştir. Devletin kurucusu Bilge Kül Kadir Han’dır. Karahanlılar, Müslümanlığı resmi din olarak kabul etmiş ve bu sayede İslamiyet’in Orta Asya’da yayılmasında büyük rol oynamışlardır. Karahanlılar döneminde, medreseler kurulmuş, İslam eğitim ve öğretimi yaygınlaşmış, aynı zamanda cami ve medrese gibi dini yapılar inşa edilmiştir. Bu dönemde yazılan Kutadgu Bilig ve Divan-ı Lügat'it-Türk gibi eserler, Türk-İslam kültürünün ilk önemli ürünleri arasında yer alır.

Gazneliler
Gazneliler, 10. yüzyılda kurulan ve İslamiyet’i kabul eden ikinci büyük Türk-İslam devleti olmuştur. Devletin kurucusu Alp Tigin, daha sonra en önemli hükümdarlarından biri olan Gazneli Mahmud, Hindistan’a düzenlediği seferlerle tanınmıştır. Gazneli Mahmud, Hindistan’daki zenginlikleri ele geçirirken, aynı zamanda İslamiyet’i de bölgeye yaymıştır. Bu seferler, Hindistan’da İslam kültürünün yayılmasında ve kalıcı hale gelmesinde etkili olmuştur. Gazneliler, aynı zamanda İslam dünyasında bilim, sanat ve kültürün gelişmesine de katkıda bulunmuşlardır.

Büyük Selçuklular
Büyük Selçuklu Devleti, 11. yüzyılda Oğuz Türkleri tarafından kurulmuştur. Selçuklular, İslam dünyasında askeri ve siyasi güç olarak hızla yükselmiş, 1071’de Malazgirt Savaşı’nda Bizans İmparatorluğu’nu yenerek Anadolu’nun kapılarını Türklere açmışlardır. Bu zafer, Anadolu’nun İs
Cevap: Anadolu'da kurulan ilk Türk beylikleri, Anadolu'nun fethi ve İslamlaşmasında, İslam kültürünün yerleşmesinde ve mimari, sanat, bilim alanlarında gelişmelerin başlamasında etkili olmuştur.",1,9,Anadolu'da kurulan ilk Türk beylikleri hangi alanlarda etkili olmuştur?,"Anadolu'da kurulan ilk Türk beylikleri, Anadolu'nun fethi ve İslamlaşmasında, İslam kültürünün yerleşmesinde ve mimari, sanat, bilim alanlarında gelişmelerin başlamasında etkili olmuştur.",1,1,Qwen2.5-1.5B-Instruct,v3
"Soru: Spor veya ders dışı aktiviteler ders çalışmaya engel oluyorsa ne yapılabilir?
Bağlam: Çok İyi Bir Öğrenci Nasıl Olunur?
Yöntem: Verimli Çalışmak ve Öğrenmek:
Ders çalışırken kısa aralar ver. Beynin dinlenmek ve bilgiyi sindirmek için zamana ihtiyaç duyar, bu yüzden saatte bir 10 dakikalık ara ver. Belirli bir konuda takılı kalırsan tazelenmiş bir şekilde dönebilmen için kısa bir ara vermenin tam zamanıdır. 10 dakikalık kısa aran 30 dakikalık bir ertelemeye dönüşmesin diye telefonunda alarm kur.
Önceden okuma yap ve her ders için soru hazırla. Öğretmeninin yarın hangi konuyu anlatacağına bak ve derse girmeden önce onu oku. Bu şekilde materyale aşina olur ve anlamadığın şeylerin açıklanması için sorular sorabilirsin.
Önemli bilgilere dikkat çekmek için fosforlu kalem kullan veya sorularını yapışkanlı not kağıtlarına yaz.
Bir konuyu daha iyi anlayabilmen için performans ödevi yap. Öğretmenin artı puan alman için ek ödev veya okuma öneriyorsa onları yap. Bir ders notun 98 bile olsa hâlâ notunu yükseltebilir ve materyali daha iyi anlayabilirsin.
Düşük bir notu yükseltmek için uğraşıyorsan artı puan için yapabileceğin bir şey olup olmadığını öğretmenine sor. Çabandan etkilenecektir!
Ara sınav ve sınavlara önceden çalış. Önemli bir sınavın varsa sınavdan birkaç gün ila bir hafta önce ders çalışmaya başla. Zamanını bölümlere ayırarak bir ders çalışma planı yap ve ona bağlı kal. Bir gece öncesine kadar bekleme çünkü hızlandırma beynine bilgiyi tam anlamıyla kavraması için yeterince zaman vermez.
Spor veya ders dışı aktiviteler yapıyorsan antrenörüne veya öğretmenine derslerine zaman ayırdığın için erken çıkman veya biraz geç gelmen gerekebileceğini bildir. Katılımın zorunluysa (tiyatro oyunları veya şampiyonluk maçları gibi) ders çalışma zamanını etkinlik çerçevesinde planla.
Beynine dinlenme zamanı sağlamak için küçük aralar vermeyi unutma!
Kendin için küçük sınavlar ve ara sınavlar hazırla. Bazı problemleri yazmak için zaman ayır ya da birinden onları senin için yazmanı isteyebilirsin. Unutma, bilgiyle ne kadar çok karşı karşıya gelir ve onu düşünürsen aklında kalma ihtimali o kadar artar.
Örneğin, matematiğe çalışıyorsan bir arkadaşından çözmen için birkaç denklem yazmasını iste. Sınav sırasında zaman sorunu yaşıyorsan zaman tut.
Türkçe dersinde birbiriyle bağlantılı kelimeler ve çeşitli cümle yapıları kullanarak paragraf yazma alıştırması yap. En sevdiğin filmle ilgili bir değerlendirme veya ilgili olduğun bir şeyle ilgili fikirlerini yazarak bunu eğlenceli hâle getir.
Cevap: Spor veya ders dışı aktiviteler ders çalışmaya engel oluyorsa, antrenörünüze veya öğretmeninize durumunuzu bildirerek derslere zaman ayırdığınız için erken çıkmanız veya biraz geç gelmeniz gerekebileceğini söyleyebilirsiniz.",0,7,Spor veya ders dışı aktiviteler ders çalışmaya engel oluyorsa ne yapılabilir?,"Spor veya ders dışı aktiviteler ders çalışmaya engel oluyorsa, antrenörünüze veya öğretmeninize durumunuzu bildirerek derslere zaman ayırdığınız için erken çıkmanız veya biraz geç gelmeniz gerekebileceğini söyleyebilirsiniz.",0,0,Qwen2.5-1.5B-Instruct,v3
"Soru: Türkiye'de taş evlere hangi bölgelerde rastlanabilir?
Bağlam: Meskenlerde Kullanılan Yapı Malzemeleri
İnsanların barınma, korunma, dinlenme ve çalışma gibi ihtiyaçlarını karşıladığı yapıların tümüne mesken denir. Mesken tipleri bölgelere göre farklılık gösterir. Bunda bölgede yaşayan insanların sosyal ve ekonomik faaliyetleri ile bölgedeki doğal çevre koşulları etkilidir. Kırsal yerleşmelere ait meskenlerde doğal çevre koşullarının etkisi daha belirgindir. Şehirsel yerleşmelerdeki mesken tiplerinde ise ekonomik ve teknolojik koşullar etkilidir. Yapı malzemelerine göre başlıca mesken tipleri şunlardır:
Taş meskenler, en fazla Akdeniz Havzası’nda bulunan ülkelerde bulunur. Özellikle kalker, granit, bazalt, andezit gibi kayaçların fazla olduğu yerlerde bu meskenlere daha çok rastlanır. Bu kayaçlar; çimento, çamur gibi farklı malzemelerle de karıştırılarak mesken yapılabilmektedir. Ülkemizde Akdeniz iklim bölgesinde, Doğu Anadolu, İç Anadolu ve Güneydoğu Anadolu’daki volkanik araziler çevresinde taş evlere rastlanabilir.
Ahşap mesken, ağaç malzemenin kullanıldığı ve daha çok orman örtüsünün fazla olduğu kırsal yerleşmelerde görülür. Bu tür meskenler, ekvatoral ve muson iklim bölgelerinde, ülkemizde ise Karadeniz iklim bölgesinde yaygındır.
Toprak meskenler, yağışın az ve sıcaklık farkının fazla olduğu alanlarda görülür. Buralarda mesken yapımı için ağaç ya da taş malzeme bulmak zordur. Bu yüzden kırsal
yerleşmelerde en kolay mesken yapı malzemesi olarak toprak kullanılır. Kil, mil, balçık en çok kullanılan toprak yapı malzemesidir. Kerpiç evler, toprak evlerin en tipik örneğidir. Toprak meskenler dünyada karasal iklim bölgelerinde, ülkemizde ise Orta ve Güneydoğu Anadolu’da yaygındır.
malzemelerin kullanılmasıyla yapılır. Dünyada ve ülkemizde genellikle şehirlerde görülen ve doğal çevrenin etkilerinin en aza indirildiği mesken tipidir.
Diğer mesken tipleri; yeryüzü şekilleri, iklim ve bitki örtüsünün etkisiyle farklı tipte yapı malzemelerinin kullanıldığı meskenlerde görülür. Örneğin Kuzey Kutbu’na yakın bölgelerde igloo adı verilen meskenler bulunur. Eskimolar tarafından buz ve kar kullanılarak yapılmıştır.
Tüf ya da kalker gibi kolay oyulabilen kayaçların şekillendirilmesiyle oluşturulmuş meskenler de bulunur.
Cevap: Türkiye'de taş evlere Akdeniz iklim bölgesinde, Doğu Anadolu, İç Anadolu ve Güneydoğu Anadolu'daki volkanik araziler çevresinde rastlanabilir. Akdeniz bölgesinde, kalker ve granit gibi kayaçlar bolca bulunur ve bu kayaçlar, geleneksel mimaride yaygın olarak kullanılır. Doğu Anadolu, İç Anadolu ve Güneydoğu Anadolu'daki volkanik arazilerde ise andezit ve bazalt gibi kayaçlar bulunur ve bu kayaçlar, taş evlerin yapımında kullanılır.",1,9,Türkiye'de taş evlere hangi bölgelerde rastlanabilir?,"Türkiye'de taş evlere Akdeniz iklim bölgesinde, Doğu Anadolu, İç Anadolu ve Güneydoğu Anadolu'daki volkanik araziler çevresinde rastlanabilir. Akdeniz bölgesinde, kalker ve granit gibi kayaçlar bolca bulunur ve bu kayaçlar, geleneksel mimaride yaygın olarak kullanılır. Doğu Anadolu, İç Anadolu ve Güneydoğu Anadolu'daki volkanik arazilerde ise andezit ve bazalt gibi kayaçlar bulunur ve bu kayaçlar, taş evlerin yapımında kullanılır.",1,1,Qwen2.5-1.5B-Instruct,v3
"Soru: Yeni öğretim programlarında hangi konular için ayrı ayrı amaçlar, hedefler, öğretmen ve öğrenci etkinlikleri ve değerlendirme süreci belirlenmiştir?
Bağlam: ÖĞRETİM PROGRAMLARI VE TARİHSEL SÜREÇ
Kapsamlı Program Geliştirme Çalışmaları (1984-)Modern programlardan vazgeçilmesinden sonra yeni bir öğretim programı geliştirmek içinMillî Eğitim Bakanlığınca komisyonlar kurulmuştur. Bu komisyonlarda; alan öğretmenleri, bakanlık  müfettişleri  ve  üniversitelerin  ilgili  bölümlerinden  gelen  öğretim  üyeleri  görev almıştır.  Komisyonlar  kurulduktan  sonra  ilk  iş  olarak  yeni  ders  kitapları  yazımını tamamlamıştır. Yeni ders kitapları oluşturulurken 1964-1984 yılları arasında uygulamada olan modern programların amaç ve konu başlıkları büyük ölçüde dikkate alınmıştır(Ünal, Coştu, & Karataş, 2004).Oluşturulan  komisyonlardan  her  biri,  kendi  alanlarıyla  ilgili  ders  kitabına  dayalı müfredatlar  oluşturmuş  ve  bu  yeni  müfredatların  amaç,  hedef  ve  içerikleri  1985  yılında yayınlanmıştır. Ancak programların amaçları çok yüzeysel ve genel cümlelerle verildiğinden öğretmenler konu bazındaki hedefleri ve konuların öğretimi sürecindeki eğitim durumlarını kendileri geliştirmek zorunda kalmışlardır(Ünal, Coştu, & Karataş, 2004).1990'lı yıllara gelindiğinde Millî Eğitim Sistemimizi yeniden düzenleme çalışmaları içinde Program Geliştirme ve Ölçme Değerlendirmeye ayrı bir önem verildiği görülmektedir. Millî Eğitim Bakanlığı tarafından 1990 yılında toplanan Ölçme-Değerlendirme ve Program Geliştirme İhtisas Komisyonları toplantısında Türkçe, Matematik, Güzel Sanatlar, Sanat Tarihi, Psikoloji, Fen Bilgisi, Tarih, Felsefe Grubu ve Sosyal Bilgiler alanında olmak üzere toplam 9 program geliştirme ihtisas komisyon oluşturulmuş ve çalışmalara başlanmıştır(Demirel, 1992).Bu  çalışmalardan  sonra  yabancı  dil  grubu  içinde  çalışmalarını  sürdüren  Almanca komisyonunun  yanı  sıra  Fransızca  ve  İngilizce  dersleri  için  de  program  geliştirme  ihtisas 
komisyonları  oluşturularak  komisyon  sayısı  12'ye  çıkarılmış  ve  her  komisyona  ders programlarını hazırlamak için birer yıllık süre verilmiştir. Yeni ders programlanın 1983 yılında kabul edilen program modeline göre hazırlanması önerilmişse de kimi bilim adamları tarafından yapılan  itirazlar  üzerine  komisyonlar  çalışmalarında  serbest  bırakılmışlardır.  Böylece  tek modelli program anlayışından çok modelli program anlayışına geçişte program geliştirmede ortak noktalarda hala birleşilemediği ve bunun sonucu olarak da Türk Millî Eğitim Sistemi için uygulanabilir nitelikte bir program modeli arayışının devam ettiği  görülmektedir(Demirel, 1992).Ders  geçm
Cevap: Yeni öğretim programlarında her konu için ayrı ayrı amaçlar, hedefler, öğretmen ve öğrenci etkinlikleri ve değerlendirme süreci belirlenmiştir.",1,10,"Yeni öğretim programlarında hangi konular için ayrı ayrı amaçlar, hedefler, öğretmen ve öğrenci etkinlikleri ve değerlendirme süreci belirlenmiştir?","Yeni öğretim programlarında her konu için ayrı ayrı amaçlar, hedefler, öğretmen ve öğrenci etkinlikleri ve değerlendirme süreci belirlenmiştir.",1,1,Qwen2.5-1.5B-Instruct,v3
"Soru: Uyku, öğrenme kapasitesini nasıl etkiler?
Bağlam: Sağlıklı Yaşam ve Fiziksel Aktivitenin Önemi
Başarılı bir öğrenci olmanın bir diğer önemli unsuru, sağlıklı bir yaşam tarzı benimsemektir. Sağlıklı bir yaşam, fiziksel ve zihinsel olarak iyi olma halini içerir ve bu da akademik başarıya doğrudan etki eder. Düzenli uyku, dengeli beslenme ve fiziksel aktivite, hem zihinsel hem de fiziksel sağlığınızı korumanıza yardımcı olur. Yeterli uyku, beyninizin daha iyi çalışmasını sağlar ve öğrenme kapasitenizi artırır. Bir öğrenci olarak, her gece en az 7-8 saat uyumaya özen göstermelisiniz. Uyku düzeninizi oluşturmak, derslerde daha dikkatli olmanızı ve sınavlara daha iyi hazırlanmanızı sağlar. Ayrıca, düzenli olarak egzersiz yapmak da zihinsel performansınızı artırır. Fiziksel aktivite, stres seviyenizi azaltır ve genel olarak daha sağlıklı hissetmenizi sağlar. Öğrencilik hayatı genellikle stresli olabilir, bu yüzden stresi yönetmek için egzersiz yapmayı alışkanlık haline getirmelisiniz. Dengeli beslenme de sağlıklı bir yaşam tarzının önemli bir parçasıdır. Vücudunuzun ihtiyaç duyduğu besinleri almak, enerjinizi yüksek tutar ve zihinsel performansınızı artırır. Fast food gibi sağlıksız yiyeceklerden kaçınmak, bunun yerine taze meyve, sebze, tam tahıllar ve protein açısından zengin gıdalar tüketmek, başarılı bir öğrenci olmanıza yardımcı olur. Sağlıklı bir yaşam tarzı, sadece derslerde değil, genel olarak yaşamda da başarıyı destekler.
Cevap: Yeterli uyku, beynin daha iyi çalışmasını sağlar ve öğrenme kapasitesini artırır.  Uyku sırasında beyin, gün boyunca öğrenilen bilgileri işler ve güçlendirir.  Yeterince uyumayan öğrenciler, derslerde konsantre olmakta zorlanır, öğrenmekte güçlük çeker, motivasyonları düşer ve sınavlarda başarısız olabilirler.",1,9,"Uyku, öğrenme kapasitesini nasıl etkiler?","Yeterli uyku, beynin daha iyi çalışmasını sağlar ve öğrenme kapasitesini artırır.  Uyku sırasında beyin, gün boyunca öğrenilen bilgileri işler ve güçlendirir.  Yeterince uyumayan öğrenciler, derslerde konsantre olmakta zorlanır, öğrenmekte güçlük çeker, motivasyonları düşer ve sınavlarda başarısız olabilirler.",1,1,Qwen2.5-1.5B-Instruct,v3
"Soru: Dünya'nın batıdan doğuya doğru dönüşü rüzgarları nasıl etkiler?
Bağlam: Dünya’nın Günlük (Eksen) Hareketi
Dünya, kuzey ve güney kutup noktalarından geçtiği varsayılan yer ekseni etrafında batıdan doğuya doğru döner. Dünya’nın bir tam dönüşü 24 saat sürer. Bu süreye bir gün adı verilir.
Dünya’nın ekseni etrafındaki dönüşüne bağlı olarak iki türlü hız ortaya çıkar. Dünya’nın günlük hareketi esnasında birim zamanda aldığı yola çizgisel (dönüş) hız denir. Çizgisel hız Ekvator’dan kutuplara doğru azalır. Dünya’nın günlük hareketi esnasında birim zamanda oluşturduğu açıya da açısal hız denir. Dünya 24 saatte 360° döndüğünden üzerindeki tüm noktaların açısal hızları eşittir.
Dünya günlük hareketini batıdan doğuya doğru yapar. Bu yönlü hareketin sonuçları şunlardır:
• Doğuda yerel saat ileride, batıda ise geridedir.
• Güneş doğuda erken doğar, erken batar; batıda ise geç doğar, geç batar.
• Sürekli rüzgârlar Kuzey Yarım Küre’de sağa, Güney Yarım Küre’de ise sola sapar.
Dünya’nın Günlük (Eksen) Hareketinin Sonuçları
• Gece ve gündüz birbirini takip eder.
• Güneş ışınlarının günlük geliş açıları değişir.
• Günlük sıcaklık farkları meydana gelir. Bunun sonucunda;
– Fiziksel çözülme oluşur.
– Günlük basınç farkları oluşur.
– Meltem rüzgârları oluşur.
• Merkez kaç kuvveti meydana gelir. Bunun sonucunda;
– Sürekli rüzgârların (Alize, Batı, Kutup) yönlerinde sapmalar meydana gelir.
– Okyanus akıntıları (Gulf – stream, Labrador, vs.) halkalar oluşturur ve yönlerinde sapmalar olur.
• Yerel saat farkları meydana gelir.
• Cisimlerin gün içindeki gölge uzunlukları değişir.
• Güneş doğuda erken doğar, batar ve batıda geç doğar, batar.
• Dinamik basınç kuşakları meydana gelir.
Cevap: Dünya'nın batıdan doğuya doğru dönüşü nedeniyle Kuzey Yarım Küre'de sürekli rüzgarlar sağa, Güney Yarım Küre'de ise sola sapar. Bu etkiye Coriolis etkisi denir. Coriolis etkisi, Dünya'nın dönüşünün neden olduğu bir eylemsizlik kuvvetidir ve rüzgarlar gibi hareket eden nesnelerin yörüngesini etkiler.",0,8,Dünya'nın batıdan doğuya doğru dönüşü rüzgarları nasıl etkiler?,"Dünya'nın batıdan doğuya doğru dönüşü nedeniyle Kuzey Yarım Küre'de sürekli rüzgarlar sağa, Güney Yarım Küre'de ise sola sapar. Bu etkiye Coriolis etkisi denir. Coriolis etkisi, Dünya'nın dönüşünün neden olduğu bir eylemsizlik kuvvetidir ve rüzgarlar gibi hareket eden nesnelerin yörüngesini etkiler.",0,0,Qwen2.5-1.5B-Instruct,v3
"Soru: Farklı ölçme ve değerlendirme yöntemleri kullanmanın öğretim üzerindeki etkisi nedir?
Bağlam: ÖĞRENME KANITLARI (ÖLÇME VE DEĞERLENDİRME)
Ölçme ve değerlendirme hem öğretimin bir parçası hem de öğretimi tamamlayan bir süreçtir. Bir öğretim
programı uygulanırken uygulamanın her adımında öğrencinin gelişiminin incelenmesi, öğrenme-öğretme
sürecinin öğrenme çıktılarına ulaşılıp ulaşılmadığının izlenmesi gerekir. Ölçme ve değerlendirme faaliyetleri;
öğrencilerin bilgi ve beceri düzeylerinin ölçülmesinin yanı sıra öğrenme eksiklikleri ve eğilimlere ilişkin
bilgi sağlar. Bu nedenle ölçme ve değerlendirme faaliyetleri; öğretim sürecini en üst düzeyde destekleyecek,
geri bildirim sağlayan yapıcı ve beceri odaklı olacak şekilde planlanarak yürütülmelidir. Türkiye Yüzyılı
Maarif Modeli öğretim programlarında öğrenmeleri iyileştirmek için sürekli, geliştirici (biçimlendirici) ölçme
ve değerlendirme kullanılmış; öğretim tasarım ve uygulamasında birinci önceliğin öğrenme sürecinde
derinleşme olmasının teşvik edildiği bir anlayış benimsenmiştir.
Öğrencinin bir becerinin süreç bileşenlerindeki gelişiminin öğretmen tarafından sistematik olarak izlenmesine
dayanan anlayış, öğretmenin etkili geri bildirim vermesini ve öğretim faaliyetlerini düzenleyerek
öğrenciyi desteklemesini kolaylaştıracaktır. Öğrencilerin öğrenme ve öğretme süreçlerine aktif katılımı,
gerçekleştirilen ölçme ve değerlendirme faaliyetlerinin anlamlı olmasını sağlamaktadır. Bu nedenle ölçme
ve değerlendirme sürecinde öğrencilere ilgi çekici, yakın veya uzak çevresinde karşılaşabileceği problemler/
görevler verilmesi; yargılayıcı tutumdan uzak ve motive edici geri bildirimler sağlanması ve dijital
teknolojilerin kullanılması aktif bir öğrenme sürecini destekler. Öğrencilerin özellikle kendi öğrenmelerini
değerlendirmede sürece dâhil olması teşvik edilmelidir. Öz değerlendirmenin gerçekleşebilmesi için
öğretmen; öğrencilerin öğrenme çıktılarının amacını anlamalarına, hedeflenen öğrenme çıktısına ulaşma
ölçütlerini kavramalarına, hedeflenen öğrenme çıktısıyla ilişkili olarak öğrenmeleri hakkında değerlendirmede
bulunmaları, kendi öğrenme sürecini değerlendirme ölçütlerini öğretmen ile birlikte belirlemeleri
ve düzenlemeleri için strateji geliştirmelerine yardımcı olmalıdır. Her öğrenci farklı kişisel yeteneklere, ilgi
alanlarına ve öğrenme ihtiyaçlarına sahiptir. Ölçme ve değerlendirme yöntemlerinin öğrencilerin yetenek,
ihtiyaç ve özel gereksinimlerine göre çeşitlendirilmesi; öğretim programlarının adil, etkili ve her öğrenciyi
destekleyici bir şekilde işlenmesine katkı sağlam
Cevap: Farklı öğrencilerin yetenek, ihtiyaç ve özel gereksinimlerine göre çeşitlendirilmiş ölçme ve değerlendirme yöntemleri kullanımı, öğretim programlarının adil, etkili ve her öğrenciyi destekleyici bir şekilde işlenmesine katkı sağlar. Öğretmenler, çeşitli yöntemler kullanarak öğrenci öğrenimini farklı boyutlardan değerlendirir, öğrenci ihtiyaçlarına uygun geri bildirimler sağlar ve öğrenmelerini en üst düzeye çıkarır.",1,9,Farklı ölçme ve değerlendirme yöntemleri kullanmanın öğretim üzerindeki etkisi nedir?,"Farklı öğrencilerin yetenek, ihtiyaç ve özel gereksinimlerine göre çeşitlendirilmiş ölçme ve değerlendirme yöntemleri kullanımı, öğretim programlarının adil, etkili ve her öğrenciyi destekleyici bir şekilde işlenmesine katkı sağlar. Öğretmenler, çeşitli yöntemler kullanarak öğrenci öğrenimini farklı boyutlardan değerlendirir, öğrenci ihtiyaçlarına uygun geri bildirimler sağlar ve öğrenmelerini en üst düzeye çıkarır.",1,1,Qwen2.5-1.5B-Instruct,v3
"Soru: Yerleşmeler hangi temel özellikler göz önünde bulundurularak sınıflandırılabilir?
Bağlam: YERLEŞME DOKU VE TİPLERİ
Yerleşme sınıflandırması tartışmaya açık bir konudur. Tanımlama için kullanılan fonksiyonel ölçütler ya da yerleşme şeklinin görünümleri, betimlemede sınırlı oranda değer taşımaktadır. Bunun yanında sınıflandırmaların kalıcı oldukları da ileri sürülemez. Çünkü yerleşmelerin nitelikleri değişebilir. Yerleşme sınıflandırmasında kullanılan terimlerin üzerinde tam bir uzlaşma sağlanamadığı açıktır. Kırsal, kentsel, endüstriyel, toplu, dağınık ve plânlı gibi terimler, farklı insanlar tarafından değişik şekillerde yorumlanabilmektedir. Yine de yerleşmeler, büyüklükleri, işlevleri, şekilleri, lokasyonları, yaşları, sahip oldukları konutların yapı malzemeleri ve kültürel nitelikleri bakımından sınıflandırılabilirler ve bütün bunlar doğal olarak birçok amaca hizmet edebilir. Ancak Türkiye’de yaygın olarak kullanılan ayrım; kentsel yerleşmeler ve kırsal yerleşmeler şeklindedir.

1. KIRSAL YERLEŞMELER
Kentsel yerleşim alanı dışında kalan tarlalar, bağ-bahçeler, ormanlar, otlaklar, kırsal konutlar ve boş arazi kullanım özelliği bulunan yerlere kır denir. Bu özellikteki alanlarda geçimini daha çok tarım, hayvancılık ve ormancılık ile sağlayanların oluşturdukları köy ve köy altı yerleşmelerine kırsal yerleşme adı verilir. Kırsal alanlarda en büyük yerleşme birimleri köyler olup köyden daha küçük yerleşim birimleri de bulunur (Kom, yayla, mezra, kom gibi).

Kırsal Yerleşmeler Sürekliliğine Göre İkiye Ayrılır:
a- Kalıcı kırsal yerleşmeler (mahalle, divan, mezra, çiftlik)
b- Geçici kırsal yerleşmeler (yayla, kom, ağıl, oba, yazlık, site)

Kır yerleşmelerinin ortak özellikleri:
• Nüfus sayıları ve yoğunlukları azdır.
• Ekonomileri tarım ve hayvancılığa dayanır.
• Yayıldıkları alanlar dardır.
• Sosyal dayanışma ve işbirliği kuvvetlidir.
• Sınırları ve ortak malları vardır.
• Bazıları geçici yerleşmeler olup özel mülkiyet alanları vardır.
• Köylerde mesleki farklılık az, etnik yapı bakımından sade yapıdadır.

a) Köy Yerleşmeleri
Köyler; cami, okul, otlak, bataklık, yayla ve orman gibi ortak malları olan, toplu ya da dağınık olarak insanların tarlaları, bağları ve bahçeleriyle birlikte oluşturdukları yerleşmelerdir. Ülkemizde kır yerleşmelerinin en büyüğüdür. Türkiye’de ki en küçük yönetim birimi olan köyün yönetiminin başında muhtar bulunur. Nüfus genellikle 2000 ‘den azdır. Kırsal yerleşmelerin en büyük olanıdır.

b) Köy Altı Yerleşmeleri
Köy altı yerleşmesi tek ev ile köy arasında geçiş tipidir. Bu yerleşme tipinin ortaya çıkm
Cevap: Yerleşmeler büyüklük, işlev, şekil, lokasyon, yaş, konutların yapı malzemeleri ve kültürel nitelikleri gibi özellikler göz önüne alınarak sınıflandırılabilir. Büyüklük, yerleşmenin nüfusu ve kapladığı alan ile ilgilidir. İşlev, yerleşmenin ekonomik faaliyetleri ve toplumsal rolleri ile ilgilidir. Şekil, yerleşmenin fiziksel görünümü ve düzenlemesi ile ilgilidir. Lokasyon, yerleşmenin coğrafi konumu ve çevresi ile ilgilidir. Yaş, yerleşmenin kuruluş tarihi ve zamanla geçirdiği değişimler ile ilgilidir. Konutların yapı malzemeleri, yerleşmenin mimari özelliklerini ve kullanılan inşaat malzemelerini yansıtır. Kültürel nitelikler, yerleşmenin gelenekleri, inançları, sanatı ve yaşam tarzını ifade eder. Bu özellikler birlikte ele alındığında yerleşmelerin çeşitliliğini ve karmaşıklığını daha iyi anlamamıza yardımcı olur.",1,9,Yerleşmeler hangi temel özellikler göz önünde bulundurularak sınıflandırılabilir?,"Yerleşmeler büyüklük, işlev, şekil, lokasyon, yaş, konutların yapı malzemeleri ve kültürel nitelikleri gibi özellikler göz önüne alınarak sınıflandırılabilir. Büyüklük, yerleşmenin nüfusu ve kapladığı alan ile ilgilidir. İşlev, yerleşmenin ekonomik faaliyetleri ve toplumsal rolleri ile ilgilidir. Şekil, yerleşmenin fiziksel görünümü ve düzenlemesi ile ilgilidir. Lokasyon, yerleşmenin coğrafi konumu ve çevresi ile ilgilidir. Yaş, yerleşmenin kuruluş tarihi ve zamanla geçirdiği değişimler ile ilgilidir. Konutların yapı malzemeleri, yerleşmenin mimari özelliklerini ve kullanılan inşaat malzemelerini yansıtır. Kültürel nitelikler, yerleşmenin gelenekleri, inançları, sanatı ve yaşam tarzını ifade eder. Bu özellikler birlikte ele alındığında yerleşmelerin çeşitliliğini ve karmaşıklığını daha iyi anlamamıza yardımcı olur.",1,1,Qwen2.5-1.5B-Instruct,v3
"Soru: Milli Mücadele'nin önemli adımları nelerdi?
Bağlam: Kurtuluş Savaşı’na Hazırlık Dönemi, Osmanlı İmparatorluğu'nun Birinci Dünya Savaşı'ndaki yenilgisinin ardından, işgallerle karşı karşıya kalan Anadolu halkının bağımsızlık mücadelesini örgütlediği ve Türk milletinin egemenliğini yeniden kazanmak için attığı ilk adımları kapsayan bir süreçtir. Bu dönem, Mondros Ateşkes Anlaşması’nın ardından başlayan işgallere karşı direnişin ve Mustafa Kemal Paşa’nın önderliğinde Milli Mücadele'nin başlatıldığı kritik bir zaman dilimini ifade eder. Ayrıca, bu dönemde gerçekleştirilen kongreler ve Misak-ı Milli (Ulusal Ant) gibi önemli kararlar, Türkiye Büyük Millet Meclisi’nin (TBMM) açılmasıyla taçlandırılmıştır.

Mondros Ateşkes Anlaşması ve İşgaller
Mondros Ateşkes Anlaşması, 30 Ekim 1918’de Osmanlı İmparatorluğu ile İtilaf Devletleri arasında imzalanmıştır. Bu anlaşma, Osmanlı Devleti’nin Birinci Dünya Savaşı’ndan çekilmesini ve fiilen teslim olmasını sağlamıştır. Anlaşma, Osmanlı Devleti’nin askeri ve stratejik olarak zayıf düşmesini öngören ağır hükümler içeriyordu. Özellikle Boğazların İtilaf Devletleri’nin kontrolüne bırakılması, Osmanlı ordusunun terhis edilmesi ve önemli limanların işgal edilmesi, imparatorluğun egemenliğini büyük ölçüde zedeledi.

Mondros Ateşkes Anlaşması’nın ardından, İtilaf Devletleri Osmanlı topraklarını işgal etmeye başladılar. İzmir, Yunan ordusu tarafından 15 Mayıs 1919’da işgal edildi. Bu işgal, Anadolu’da büyük bir tepkiye yol açtı ve halk arasında direniş hareketleri ortaya çıkmaya başladı. Anadolu’nun çeşitli bölgelerinde işgal güçlerine karşı direniş örgütlenmeleri kuruldu. Kuvay-ı Milliye (Milli Kuvvetler) adı verilen bu direniş grupları, işgallere karşı silahlı mücadeleye giriştiler.

Mustafa Kemal Paşa’nın Samsun’a Çıkışı ve Milli Mücadele
Mustafa Kemal Paşa, Mondros Ateşkes Anlaşması’nın ardından İstanbul’da Osmanlı hükümetinin etkisizliğini ve işgallere karşı kayıtsız kalışını görmüş ve Anadolu’da bir direniş hareketi başlatılması gerektiğine karar vermiştir. 19 Mayıs 1919 tarihinde Samsun’a çıkarak Milli Mücadele’yi başlatmıştır. Samsun’a çıkışı, Kurtuluş Savaşı’nın fiili başlangıcı olarak kabul edilir.

Mustafa Kemal, Samsun’dan sonra Amasya’ya geçerek 22 Haziran 1919’da Amasya Genelgesi’ni yayımlamıştır. Amasya Genelgesi, Milli Mücadele’nin amaçlarını ve yöntemlerini belirleyen ilk belgedir. Bu genelgede, “Vatanın bütünlüğü, milletin bağımsızlığı tehlikededir.” ifadesiyle, milletin egemenliğinin sağlanması gerektiği vurgulanmış ve Türk milletini direnişe çağıran ilk
Cevap: Milli Mücadele, kongreler ve Misak-ı Milli gibi önemli adımlarla güçlendirilmiştir. Erzurum ve Sivas Kongreleri, Anadolu'daki direniş hareketlerini birleştirerek milli birlik ve beraberliği sağladı. Misak-ı Milli, Türk milletinin bağımsızlık ve egemenlik sınırlarını belirleyen önemli bir belge olarak kabul edilir ve Kurtuluş Savaşı'nın meşruiyetini sağladı.",1,9,Milli Mücadele'nin önemli adımları nelerdi?,"Milli Mücadele, kongreler ve Misak-ı Milli gibi önemli adımlarla güçlendirilmiştir. Erzurum ve Sivas Kongreleri, Anadolu'daki direniş hareketlerini birleştirerek milli birlik ve beraberliği sağladı. Misak-ı Milli, Türk milletinin bağımsızlık ve egemenlik sınırlarını belirleyen önemli bir belge olarak kabul edilir ve Kurtuluş Savaşı'nın meşruiyetini sağladı.",1,1,Qwen2.5-1.5B-Instruct,v3
"Soru: Estetik erdeminin kapsamı nedir?
Bağlam: Erdem-Değer-Eylem Çerçevesi
D7.Estetik
Sanatsal bakış açısı kazanmayı, sanatsal ve kültürel varlığı koruyup zenginleştirmeyi, doğal güzelliklerin ve çevrenin korunması ile ilgili duyarlı olmayı ve sorumluluk üstlenmeyi, estetik aracılığıyla özgün üretkenliği ve ruhsal gelişimi desteklemeyi, sanatı hayatın bir parçası hâline getirmeyi kapsar.
D7.1. Duyusal derinliği anlamak
Eylem
D7.1.1. Estetikle ilgili güzellik, sanat, uyum, simetri, özgünlük,
zevk, denge ve eleştiri gibi kavramları açıklar.
D7.1.2. Estetiğin sanat ve doğada önemli bir yere sahip
olduğunu fark eder.
D7.1.3. Renk, desen, doku gibi duyusal özelliklerin estetik algı
ile ilişkisini fark eder.
D7.1.4. Güzelliğin göreceli olduğunu fark eder.
D7.1.5. Sanat eserini kendi deneyim ve değerleriyle ilişkilendirerek
yorumlar.
D7.1.6. Sanat eserlerini inceleyerek sanatçıyla ilgili çıkarımlarda
bulunur.
D7.1.7. Estetik açıdan nitelikli tasarımları ve çevresel güzellikleri
takdir eder.
D7.2. Üretkenliği ve ruhsal gelişimi desteklemek
Eylem
D7.2.1. İnsanın ruhsal esenliğine sanatın etkisini fark eder.
D7.2.2. Çevresindeki doğal güzelliklerin ve sanatsal ögelerin
kişiliğine etkilerini değerlendirir.
D7.2.3. Sanat eserleriyle donatılmış bir çevrenin insanın
gelişimine ve olgunlaşmasına katkı sağlayacağını fark eder.
D7.2.4. Estetik bakış açısıyla özgün eserler ortaya koyar.
D7.3. Sanatsal ve görsel zevkleri hayatın bir parçası hâline getirmek
Eylem
D7.3.1. Geleneksel sanatlara ve yerel kültüre yönelik etkinliklere
katılır.
D7.3.2. Çevresindeki estetik unsurların korunmasında aktif
görev alır.
D7.3.3. Hayatını görsel sanatlar, mimari, müzik, edebiyat gibi
alanlarda estetik unsurlarla zenginleştirir.
D8.Mahremiyet
Kendisinin, ailesinin ve başkalarının kişisel alanını ve bilgilerini korumayı; başkalarının özgürlüklerini ihlal etmemeyi, kişisel sınırlarına saygı duymayı ve millî ve manevi değerlerde mahremiyetin sınırlarını kapsar.
D8.1. Kişisel özgürlük alanını korumak
Eylem
D8.1.1. Her ferdin karar alma ve fikir belirtme hakkının olduğunu
savunur.
D8.1.2. Özel hayatın korunmasını güvence altına alan yasaları
araştırır.
D8.1.3. Özel alanını ihlal edebilecek fiziksel temasları ayırt eder.
D8.1.4. Özel konuşma, mesajlaşma vb.nin başkalarıyla paylaşılmaması
gerektiğini bilir.
D8.1.5. Sosyal ilişkilerinde kişisel sınırlarını belirler.
D8.2. Kişisel bilgilerin gizliliğini korumak
Eylem
D8.2.1. Sosyal medyada kişisel bilgi, belge ve fotoğraflarının
erişilebilirliğini 
Cevap: Estetik erdem, sanatsal bakış açısı geliştirmeyi, sanatsal ve kültürel mirası korumayı, doğal güzelliklere karşı duyarlılığı artırmayı, özgün üretim ve ruhsal gelişimi desteklemeyi ve sanatı hayata entegre etmeyi içerir. Yani, estetik sadece güzelliği takdir etmekle kalmaz, aynı zamanda sanattan ve doğadan beslenerek kendini ve çevresini daha iyi bir şekilde ifade etmeyi, yaratmayı ve değerlendirmeyi kapsar.",1,9,Estetik erdeminin kapsamı nedir?,"Estetik erdem, sanatsal bakış açısı geliştirmeyi, sanatsal ve kültürel mirası korumayı, doğal güzelliklere karşı duyarlılığı artırmayı, özgün üretim ve ruhsal gelişimi desteklemeyi ve sanatı hayata entegre etmeyi içerir. Yani, estetik sadece güzelliği takdir etmekle kalmaz, aynı zamanda sanattan ve doğadan beslenerek kendini ve çevresini daha iyi bir şekilde ifade etmeyi, yaratmayı ve değerlendirmeyi kapsar.",1,1,Qwen2.5-1.5B-Instruct,v3
"Soru: Bir bireyin, ülkesinin kaynaklarını gelecek nesiller için de koruyabilecek şekilde kullanmanın önemini anlamasını sağlayan temel kavram nedir?
Bağlam: Millî ve dinî bayramları kutlamanın amacı nedir? Millî ve dinî bayramlar, insanlar arasında birlik ve beraberliği güçlendirir, kültürel değerleri yaşatır ve eğlenceli anlar sunar. 1 eğitim https://tymm.meb.gov.tr Erdem-Değer-Eylem Çerçevesi
Eylem
D19.1.1. Türk bayrağındaki renk ve sembolleri açıklar.
D19.1.2. Türk bayrağına ve İstiklal Marşı’na saygı gösterir.
D19.1.3. Ülkesinin sınırlarını ve sınır komşularını tanır.
D19.1.4. Türkçeyi kurallarına uygun kullanır.
D19.1.5. Vatanını sevmenin işini en iyi şekilde yapmayı
gerektirdiğini bilir.
D19.1.6. Ülkesinin menfaatini şahsi menfaatinin üstünde
tutar.
D19.1.7. Vatandaşlık haklarını ve üzerine düşen sorumlulukları
yerine getirir.
D19.1.8. Türk kültürünün devamlılığı için çaba gösterir.
D19.2. Millî kimliğini tanımak
Eylem
D19.2.1. Ülkesinin tarihini araştırıp öğrenmeye istekli olur.
D19.2.2. Millî bayramların ve anma günlerinin önemini
bilir.
D19.2.3. Millî ve dinî bayramları coşkuyla kutlar.
D19.2.4. Şehit ve gazilere saygı gösterir.
D19.2.5. Atalarının başarılarını takdir eder.
D19.2.6. Bilim, sanat, spor ve kültür alanında ülkesini
temsil edenleri takdir eder.
D19.3. Ülke varlıklarına sahip çıkmak
Eylem
D19.3.1. Ülkesinin ekonomik değerlerini bilir ve korur.
D19.3.2. Koruma alanları, müzeler, el işleri, yemekler gibi
somut ve ninniler, türküler, bilmeceler, destanlar gibi somut
olmayan kültürel mirasını tanıyarak bunların gelecek
nesillere aktarılması için çabalar.
D19.3.3. Ülkesinin göl, dağ, canlı türleri, endemik bitki
örtüsü gibi doğal güzelliklerini bilir ve korur.
D19.3.4. Millî ve manevi değerlerin gelecek nesillere
aktarılmasında sorumluluk üstlenir.
D19.4. Bağımsızlığı korumak
Eylem
D19.4.1. Ülke kaynaklarını sürdürülebilir bir şekilde kullanmanın
gerekliliğini fark eder.
D19.4.2. Ülkesinin kalkınmasını ve gelişmesini destekler.
D19.4.3. Yerli ve millî ürünleri kullanmayı tercih eder.
D20.Yardımseverlik
İnsanlara ve canlılara duyarlı olmayı, onları sevmeyi, onlara merhamet etmeyi, cömertliği, dayanışmayı, fedakârlık yapmayı, iyiliksever olmayı kapsar
D20.1. Cömert olmak
Eylem
D20.1.1. İmkânları ölçüsünde maddi varlıklarını ihtiyaç
sahipleriyle paylaşır.
D20.1.2. Sahip olduğu bilgi, deneyim, eşya ve mali kaynaklar
gibi değerleri başkalarıyla paylaşır.
D20.1.3. İnsanlara yardım etmekten mutluluk duyar.
D20.2. Dayanışma ve fedakârlık göstermek
Eylem
D20.2.1. İmkânları kullanırken ihtiyaç sahiplerine öncelik
verir.
D20.2.2. Yardıma muhtaç insanlar
Cevap: Ülke kaynaklarının sürdürülebilir bir şekilde kullanılması, gelecek nesillerin de bu kaynaklardan faydalanabilmesini sağlamak için oldukça önemlidir. Bu kavram, bireylerin kaynakları israf etmeden, doğayı ve çevreyi koruyarak kullanmalarını teşvik eder. Böylece, hem günümüz hem de gelecek nesiller için sağlıklı bir yaşam ortamı sağlanmış olur.",0,8,"Bir bireyin, ülkesinin kaynaklarını gelecek nesiller için de koruyabilecek şekilde kullanmanın önemini anlamasını sağlayan temel kavram nedir?","Ülke kaynaklarının sürdürülebilir bir şekilde kullanılması, gelecek nesillerin de bu kaynaklardan faydalanabilmesini sağlamak için oldukça önemlidir. Bu kavram, bireylerin kaynakları israf etmeden, doğayı ve çevreyi koruyarak kullanmalarını teşvik eder. Böylece, hem günümüz hem de gelecek nesiller için sağlıklı bir yaşam ortamı sağlanmış olur.",1,1,Qwen2.5-1.5B-Instruct,v3
"Soru: Bağlam temelli öğrenme, öğrenme sürecine nasıl bir yaklaşım getirir?
Bağlam: Bağlam temelli öğrenme süreci nasıl işliyor? Bağlam temelli öğrenmede, öğrenciler, sunulan bağlamlar içinde düşünür, tartışır, sonuç çıkarır ve ulaştıkları sonuçları değerlendirir. Bu süreç, öğrencilerin bilgiyi aktif olarak kullanmalarını ve eleştirel düşünme becerilerini geliştirmelerini sağlar. 1 eğitim https://tymm.meb.gov.tr Programın uygulanmasında temel alınan anlayışın öğrenme süreçlerine yansıtılmasında bazı temel
öğrenme yaklaşımları dayanak olarak kabul edilmiştir. Seçilen yaklaşımların her biri, öğrenci özerkliğini
vurgulamakta, öğretmen rolünü rehber olarak tanımlamakta ve öğrenci merkezli bir bakış açısıyla bilgi,
beceri, eğilim ve değerler ekseninde anlamlı öğrenmelere ulaşılmasını desteklemektedir. Bu açıdan
benzer anlayışı paylaşan, birbirini destekleyen ve güçlendiren yaklaşımlar seçilmiştir. Bununla birlikte
dersin niteliğine, öğrenme çevresinin özelliğine göre bu yaklaşımlardan başka farklı yaklaşımlar da
kullanılabilir. Bütüncül program anlayışı ve programın öğrenmeye yönelik temel aldığı varsayımlar ile
uyumlu olarak seçilen öğrenme yaklaşımları; farklı disiplinler ve ağırlıklarda ele alınabilir, bu yaklaşımları
besleyen öğretim yöntem ve teknikleri ile birlikte kullanılabilir. Temel alınan yaklaşımlar; yaşantı temelli,
proje temelli, bağlam temelli, sorgulamaya dayalı ve iş birlikli öğrenme olarak belirlenmiştir.
Yaşantı temelli öğrenme,  öğrenmeyi deneyimlerle şekillenen bir süreç olarak görür. Yaşantı temelli
öğrenme sürecinde bilgi; değiştirilir, dönüştürülür ve deneyimlerle bağlantılı olarak yeniden yapılandırılır.
Bu süreç; bilgi, beceri ve deneyimlerden bütüncül olarak yararlanılmasını gerektirdiği için programın
uygulanmasına temel olan yaklaşımlardan biri olarak görülür. Öğrenme, döngüsel bir süreç içinde
deneyimlerin kavramsallaştırılması ve dönüştürülmesi yoluyla gerçekleşir. Öğrenci, bu döngünün
kendisine uygun aşamasından başlayarak öğrenme sürecini istediği adımlar üzerinde yapılandırabilir.
Yaşantı temelli öğrenmenin öğrenci deneyimlerini merkeze alan ve öğrencilere uygun öğrenme yolları
sunan yapısı, programın uygulanmasına güçlü bir katkı sağlar.
Bağlam temelli öğrenme,  bilginin anlamlı ve gerçek yaşam durumlarını içeren bir yapı etrafında
öğrenilmesini sağlamak üzere geliştirilmiş bir yaklaşımdır. Öğrenme sürecinde öğrencilerin ilgi ve
deneyimleriyle ilişkili olarak ortaya konan bir senaryo ya da örnek olay, öğrencinin bilgiyi yapılandırması
için bir arayüz olarak kullanılır. Yaklaşımda, öğrenil
Cevap: Bağlam temelli öğrenme, öğrencilere, bilgiyi gerçek yaşam durumlarıyla ilişkilendirebilecekleri bir çerçeve sunar ve öğrenmeyi daha anlamlı hale getirir. Bu yaklaşım, öğrencilerin kendi deneyimlerini öğrenme sürecine entegre etmelerine olanak tanır ve öğrenmenin aktif bir şekilde gerçekleşmesini sağlar. Örneğin, bir edebiyat dersinde bir romanı ele alırken, öğrenciler romanın yazıldığı dönemin sosyal yapısını, yazarın yaşam öyküsünü ve romanın ana temalarını inceleyerek daha derinlemesine bir anlayışa ulaşabilirler.",0,8,"Bağlam temelli öğrenme, öğrenme sürecine nasıl bir yaklaşım getirir?","Bağlam temelli öğrenme, öğrencilere, bilgiyi gerçek yaşam durumlarıyla ilişkilendirebilecekleri bir çerçeve sunar ve öğrenmeyi daha anlamlı hale getirir. Bu yaklaşım, öğrencilerin kendi deneyimlerini öğrenme sürecine entegre etmelerine olanak tanır ve öğrenmenin aktif bir şekilde gerçekleşmesini sağlar. Örneğin, bir edebiyat dersinde bir romanı ele alırken, öğrenciler romanın yazıldığı dönemin sosyal yapısını, yazarın yaşam öyküsünü ve romanın ana temalarını inceleyerek daha derinlemesine bir anlayışa ulaşabilirler.",1,1,Qwen2.5-1.5B-Instruct,v3
"Soru: Yerleşmenin yükselti sınırı, hangi faktöre bağlı olarak değişir?
Bağlam: YERLEŞMEYİ SINIRLANDIRAN FAKTÖRLER
Yeryüzünde yerleşme alanlarının dağılışı düzenli değildir. Bazı bölgelerde yerleşme alanları daha yoğunken bazı bölgelerde daha seyrektir ya da hiç yoktur. Yerleşme alanlarının dağılışını sınırlandıran bazı faktörler bulunur. Bunlar; su yüzeyleri, yeryüzü şekilleri, yükselti, kutuplar, çöller, ormanlar ve bataklıklardır.

1. Denizler ve Okyanuslar: Dünya yüzeyinin yaklaşık %71’i okyanus, deniz ve göllerle kaplıdır. Bu yüzden su yüzeyleri, yerleşme alanlarını sınırlandıran en önemli faktörlerden biridir. Ancak son yıllarda bazı kıyılarda denizlerin doldurulmasıyla yerleşilebilir alanlar ve tarım alanları elde edilmektedir.

2. Yer Şekilleri: Yüksek ve engebeli araziler yerleşme alanlarının kurulmasını zorlaştırır. Yükseklere çıkıldıkça sıcaklığın azalması ve engebeli arazilerde ulaşımın zorlaşması yaşamı olumsuz etkiler. Bu yüzden insanlar, yerleşme için daha çok yükseltinin az ve arazinin düz olduğu yerleri tercih ederler. Örneğin yeryüzünün en yüksek yeri olan Himalaya Dağları, engebe ve yükseltiden dolayı yerleşme alanlarının oldukça seyrek görüldüğü bir yerdir.
3. Yükselti: Yerden yükseldikçe sıcaklık değerleri düşer. Buna bağlı olarak yerleşme alanları seyrekleşir ve belli bir yükseltiden sonra tamamen sona erer. Yükselti değerlerine bağlı olarak yerleşmelerin sona erdiği yerlere yerleşmenin yükselti sınırı veya yerleşme üst sınırı denir. Yerleşmenin yükselti sınırı, Ekvator’dan kutuplara doğru gidildikçe deniz seviyesine doğru alçalır. Ekvatoral bölgede 1.000 – 4.000 metreler arası yerleşmeye daha uygun iken orta kuşak ve kutuplara yakın bölgelerde daha çok deniz seviyesine yakın alanlar yerleşim alanı olarak tercih edilmektedir.
Ekvatoral bölge ve bu bölgenin yakın çevresinde yerleşmenin yüksekte kurulduğu şehirlerden bazıları şunlardır: Bolivya / La Paz (Lâ Pas) 3690 m, Peru / Cerro de Paska (Serro dı Paska) 4380 m, Meksika / Mexico City (Meksiko Sity) 2240 m.
4. Kutuplar: Kutup noktaları ve kutuplar çevresinde sıcaklıklar yıl boyunca 0 °C’nin altında olduğu için bu alanlar buzullarla kaplıdır. Toprağın donmuş hâlde ve kalın buz örtüsüyle kaplı olduğu bu bölgelerde yüzeyde bitki örtüsü de bulunmaz. Bu nedenle kutuplar yerleşme için uygun değildir. Ayrıca Güney Kutbu’ndaki Antarktika, bazı devletlerin araştırma üssü ve istasyonlarının dışında sürekli yerleşme alanlarının olmadığı tek kıtadır.

Dikson (Rusya), Yenisey Nehri’nin Kuzey Buz Denizi’ne döküldüğü yerde kurulmuştur. Bu özelliği ile Kuzey Kutbu’na 
Cevap: Yerleşmenin yükselti sınırı, ekvatordan kutuplara doğru gidildikçe deniz seviyesine doğru alçalır. Bu, ekvatordan kutuplara doğru gidildikçe sıcaklığın azalması ve iklim koşullarının daha sert olmasıyla ilgilidir. Yüksek rakımlarda sıcaklık düşer, bu da bitki örtüsünün azalması, tarımın zorlaşması ve ulaşımın imkansız hale gelmesi gibi sorunlara yol açar. Bu nedenle, yerleşmenin yükselti sınırı, coğrafi konum, iklim koşulları ve bölgeye özgü diğer faktörlere bağlı olarak değişebilir.",0,8,"Yerleşmenin yükselti sınırı, hangi faktöre bağlı olarak değişir?","Yerleşmenin yükselti sınırı, ekvatordan kutuplara doğru gidildikçe deniz seviyesine doğru alçalır. Bu, ekvatordan kutuplara doğru gidildikçe sıcaklığın azalması ve iklim koşullarının daha sert olmasıyla ilgilidir. Yüksek rakımlarda sıcaklık düşer, bu da bitki örtüsünün azalması, tarımın zorlaşması ve ulaşımın imkansız hale gelmesi gibi sorunlara yol açar. Bu nedenle, yerleşmenin yükselti sınırı, coğrafi konum, iklim koşulları ve bölgeye özgü diğer faktörlere bağlı olarak değişebilir.",1,1,Qwen2.5-1.5B-Instruct,v3
"Soru: Eğitim hakkı hangi yasal dokümanla güvence altına alınır?
Bağlam: Türk Millî Eğitim Sisteminin Yasal Çerçevesi 
Türkiye'de eğitim; adalet, güvenlik ve sağlık gibi devletin temel işlevlerinden biri olup devletin denetimi  ve  gözetimi  altında  yapılmaktadır(MEB,  2014). Eğitim  hakkı,  T.C. Anayasası ile güvence altına alınmış; Millî Eğitim Bakanlığının Teşkilât ve Görevleri Hakkında Kanun, Millî Eğitim Temel Kanunu başta olmak üzere eğitim sistemini düzenleyen Kanunlar, temel politika belgesi niteliğinde olan Kalkınma Planları, Hükümet Programları ve Millî Eğitim Şûra Kararları, Ulusal Program,  AB Müktesebatı,  eğitimin  tür ve kademelerini  ve işleyişe dönük  esasları  düzenleyen  diğer  mevzuatla  Türk  Eğitim  Sisteminin  bugünkü  yapısı kurulmuştur.
Cevap: Eğitim hakkı, genellikle bir ülkenin Anayasası ile güvence altına alınır. Anayasa, eğitim hakkını temel hak ve özgürlükler arasında yer alarak, herkes için garanti eder. Bu, eğitim hakkının herkes için vazgeçilmez ve dokunulmaz bir hak olduğunu gösterir.",1,9,Eğitim hakkı hangi yasal dokümanla güvence altına alınır?,"Eğitim hakkı, genellikle bir ülkenin Anayasası ile güvence altına alınır. Anayasa, eğitim hakkını temel hak ve özgürlükler arasında yer alarak, herkes için garanti eder. Bu, eğitim hakkının herkes için vazgeçilmez ve dokunulmaz bir hak olduğunu gösterir.",1,1,Qwen2.5-1.5B-Instruct,v3
"Soru: Sosyal destek sistemi sınav kaygısını nasıl azaltabilir?
Bağlam: Sınav Kaygısını Azaltmaya Yönelik Uzman Tavsiyeleri
Uzmanlar, YKS adaylarının sınav kaygısıyla başa çıkabilmeleri için çeşitli önerilerde bulunuyor. Bu öneriler, öğrencilerin sınav sürecini daha az stresli bir şekilde geçirmelerine ve başarılarını artırmalarına yardımcı olmayı amaçlıyor. İlk olarak, sınav kaygısını azaltmanın en etkili yollarından biri, sınav hazırlık sürecinde düzenli bir uyku ve beslenme programına sahip olmaktır. Uyku, öğrencilerin zihinsel ve fiziksel olarak dinlenmelerini sağlar ve sınav gününde en iyi performanslarını göstermelerine yardımcı olur. Yeterli uyku alamayan öğrencilerde, kaygı seviyeleri artabilir ve bu durum sınav sırasında odaklanma problemlerine yol açabilir.
Beslenme de sınav kaygısını yönetmede önemli bir rol oynar. Dengeli bir beslenme düzeni, öğrencilerin enerji seviyelerini korumalarına yardımcı olur ve sınav sırasında zihinsel netlik sağlar. Özellikle sınav öncesinde ağır yiyeceklerden kaçınmak ve hafif, besleyici öğünler tercih etmek, kaygının fiziksel belirtilerini azaltır. Ayrıca, kafein ve şeker tüketiminin sınırlandırılması da kaygıyı kontrol altına almak için önerilen bir stratejidir.
Sınav kaygısını azaltmak için yapılan bir diğer öneri, sınav öncesinde sınav ortamını simüle eden deneme sınavları yapmaktır. Deneme sınavları, öğrencilerin sınav gününde karşılaşacakları ortam ve sorulara daha aşina olmalarını sağlar. Bu tür pratikler, öğrencilerin sınav günüyle ilgili belirsizlikleri azaltır ve kaygılarını minimuma indirir. Ayrıca, deneme sınavları, öğrencilerin sınav stratejilerini geliştirmelerine ve zaman yönetimi konusunda daha yetkin hale gelmelerine yardımcı olur.
Uzmanlar, sınav kaygısıyla başa çıkmada sosyal destek sistemlerinin de önemine vurgu yapmaktadır. Aile, arkadaşlar ve öğretmenler, öğrencilerin sınav kaygısını yönetmelerinde önemli bir rol oynar. Öğrencilerin, kaygılarını paylaşabilecekleri ve destek alabilecekleri bir çevreye sahip olmaları, onların kaygı düzeylerini azaltır ve sınav sürecini daha rahat geçirmelerine olanak tanır. Bu nedenle, öğrencilerin kendilerini destekleyen insanlarla sınav sürecinde iletişimde kalmaları önerilir.
Son olarak, sınav günü yaklaştıkça öğrencilerin kendilerine zaman ayırmaları ve stres seviyelerini azaltacak aktivitelerde bulunmaları önemlidir. Spor yapmak, yürüyüşe çıkmak veya sevilen bir hobiyle ilgilenmek, kaygıyı azaltmada etkili olabilir. Bu tür aktiviteler, öğrencilerin zihinsel yorgunluklarını giderir ve sınav günü daha taze bir zihinle sınava 
Cevap: Sosyal destek öğrencilerin kaygılarını paylaşmalarını, destek almalarını ve sınav sürecini daha rahat geçirmelerini sağlar. Öğrencilerin, kaygılarını paylaşabilecekleri ve destek alabilecekleri bir çevreye sahip olmaları, onların kaygı düzeylerini azaltır ve sınav sürecini daha rahat geçirmelerine olanak tanır.",0,8,Sosyal destek sistemi sınav kaygısını nasıl azaltabilir?,"Sosyal destek öğrencilerin kaygılarını paylaşmalarını, destek almalarını ve sınav sürecini daha rahat geçirmelerini sağlar. Öğrencilerin, kaygılarını paylaşabilecekleri ve destek alabilecekleri bir çevreye sahip olmaları, onların kaygı düzeylerini azaltır ve sınav sürecini daha rahat geçirmelerine olanak tanır.",1,1,Qwen2.5-1.5B-Instruct,v3
"Soru: Frigler hangi alanda önemli bir yer edinmiştir?
Bağlam: Uygarlığın doğuşu, insanlık tarihinin en önemli dönüm noktalarından biridir. Tarımın keşfi, yerleşik hayata geçiş ve şehir devletlerinin kurulması, insanların sosyal, ekonomik ve kültürel olarak gelişmelerini sağladı. Bu süreçte, Mezopotamya, Mısır, Anadolu, İran, Hint, Çin, Yunan ve Roma gibi ilk büyük uygarlıklar ortaya çıktı. Bu uygarlıklar, sadece kendi dönemlerinin değil, aynı zamanda sonraki medeniyetlerin de temelini atarak insanlık tarihine büyük katkılarda bulundular.

Mezopotamya Uygarlıkları
Mezopotamya, Fırat ve Dicle nehirleri arasında yer alan bölge olup, ""uygarlığın beşiği"" olarak bilinir. Bu bölgede Sümerler, Akadlar, Babilliler ve Asurlular gibi pek çok medeniyet gelişti. Sümerler, yazıyı bulan ilk toplum olarak bilinirler ve çivi yazısını icat ederek tarih çağlarını başlatmışlardır. Aynı zamanda, ilk şehir devletleri (site) burada kurulmuştur. Babilliler ise Hammurabi Kanunları ile bilinir ve hukuk alanında önemli bir miras bırakmışlardır. Asurlular ise askeri alanda ve merkezi yönetimde güçlü bir yapı oluşturmuş, geniş bir imparatorluk kurmuşlardır.

Mısır Uygarlığı
Mısır Uygarlığı, Nil Nehri'nin sağladığı verimli topraklar üzerinde gelişmiştir. Bu uygarlık, firavunlar tarafından yönetilen güçlü bir merkezi devlet yapısına sahipti. Mısırlılar, yazı sistemleri hiyeroglifleri geliştirmişlerdir. Aynı zamanda, matematik, tıp, mimarlık ve astronomi alanlarında ileri bir bilgi birikimine sahiptiler. Mısır’ın en önemli miraslarından biri de devasa piramitlerdir. Bu piramitler, sadece mimari açıdan değil, aynı zamanda dinî ve kültürel açıdan da büyük öneme sahiptir.

Anadolu Uygarlıkları
Anadolu, coğrafi konumu nedeniyle tarihin birçok döneminde önemli bir geçiş bölgesi olmuştur. Bu bölgede Hititler, Urartular, Frigler ve Lidyalılar gibi önemli uygarlıklar yaşamıştır. Hititler, güçlü bir askeri yapıya sahip olup, ilk yazılı antlaşma olan Kadeş Antlaşması’nı Mısırlılarla imzalamışlardır. Urartular ise Van Gölü civarında güçlü bir krallık kurmuşlar ve ileri düzeyde sulama sistemleri geliştirmişlerdir. Frigler, özellikle tarım ve hayvancılıkla uğraşmış, Lidyalılar ise tarihte bilinen ilk madeni parayı kullanmışlardır.

İran, Hint ve Çin Uygarlıkları
İran, Pers İmparatorluğu’nun doğduğu topraklardır. Persler, büyük bir imparatorluk kurarak Batı Asya'da egemen olmuşlardır. Zerdüştlük, İran'da doğmuş ve bu uygarlığın dini inanışları üzerinde derin etkiler bırakmıştır. Hint Uygarlığı ise, İndus Vadisi'nde gelişmiş ve burada Harappa ve Mohen
Cevap: Frigler,  Anadolu'nun  zengin topraklarında tarım ve hayvancılıkla uğraşmışlar  ve  bu  faaliyetler  ekonomilerinin  temelini  oluşturmuştur.  Ayrıca,  demir işçiliğinde  de  ustalaşmışlar  ve  demir  araçlar  üretmişlerdir.",0,7,Frigler hangi alanda önemli bir yer edinmiştir?,"Frigler,  Anadolu'nun  zengin topraklarında tarım ve hayvancılıkla uğraşmışlar  ve  bu  faaliyetler  ekonomilerinin  temelini  oluşturmuştur.  Ayrıca,  demir işçiliğinde  de  ustalaşmışlar  ve  demir  araçlar  üretmişlerdir.",1,1,Qwen2.5-1.5B-Instruct,v3
"Soru: Program dışı etkinlikler öğrencilere nasıl bir ortam sunar?
Bağlam: PROGRAM DIŞI ETKİNLİKLER
Türkiye Yüzyılı Maarif Modeli’nde program dışı etkinlikler ile zihinsel, sosyal-duygusal, fiziksel ve ahlaki
gelişimi desteklemek; kazanılan becerilerin gerçek hayatta uygulanmasına olanak tanımak, okullarda
yürütülen akademik çalışmaları zenginleştirmek, zamanı etkili kullanmak ve estetik duyarlılığı artırmak
amaçlanmaktadır. Belirtilen amaç doğrultusunda program dışı etkinlikler, bütüncül eğitimin destekleyicisi
olarak görülmektedir. Öğrencilerin kendilerini tanımalarına yardımcı olan program dışı etkinlikler,
öğrencilere yaşam becerilerini keşfetmeleri ve geliştirmeleri için fırsatlar sunar. Program dışı etkinliklerin
çok yönlü oluşu, öğretim programlarının dayandığı bütüncül eğitim anlayışına hizmet etmektedir.
Program dışı etkinlikler, eğitimi sınıf ve okul sınırlarının ötesine taşımaktadır. Bu etkinlikler öğrencileri
gelecekte karşılaşacakları zorluk ve fırsatlara da hazırlamaktadır. Bu nedenle eğitim sürecindeki tüm
paydaşların program dışı etkinliklere katılımı teşvik edip desteklemeleri önemlidir. Türkiye Yüzyılı Maarif
Modeli’nde beceri, eğilim ve değerler; sorumlu karar verme süreciyle uyumlu bir bütün oluşturur. Öğretim
programlarında yer verilen program dışı etkinlikler, öğrencilerin bütüncül gelişimlerine sağlayacağı
katkılar açısından aşağıda sıralanan alanlarda kendini göstermektedir.
Bireysel Gelişimin Desteklenmesi:  Program dışı etkinlikler, bireysel gelişim için etkili bir ortam sağlar.
Öğrencilere ilgi ve yeteneklerini keşfetme, öz güven oluşturma ve güçlü bir şahsiyet geliştirme fırsatları
sunar. Bu etkinlikler sayesinde öğrenciler sınırlarını zorlayabilir ve yeni ufuklar keşfedebilirler.
Zihinsel Gelişimin Desteklenmesi: Bütüncül gelişim entelektüel büyümeyi kapsar ve program dışı
etkinliklerin zihinsel yeteneklerin beslenmesindeki rolü büyüktür. Akademik başarının yanı sıra zihinsel
gelişimi destekleyecek program dışı etkinliklere katılmak; karar vermeyi, eleştirel düşünmeyi ve problem
çözmeyi geliştirir.
Sosyal-Duygusal Gelişimin Desteklenmesi: Program dışı etkinlikler; öğrencilerde stres, kaygı ve zorluklarla
başa çıkma becerisini geliştirerek onların akranları ve çevreleriyle etkileşim kurmalarına, sosyal beceriler
edinmelerine, millî ve manevi değerleri yansıtmalarına imkân sağlar. Böylece öğrenciler bir takımın parçası
olarak çalışmayı, birlikte daha iyi yaşamayı, çatışmaları çözmeyi ve saygılı bir şekilde iletişim kurmayı
öğrenirler.
Fiziksel Gelişimin Desteklenmesi:  Program 
Cevap: Program dışı etkinlikler, öğrencilere  kendilerini ifade edebilecekleri,  yeteneklerini sergileyebilecekleri ve  yeni arkadaşlıklar kurabilecekleri bir ortam sunar.  Bu etkinlikler,  öğrencilerin  farklı kişilerle etkileşime girmelerini,  yeni deneyimler yaşama,  yaratıcılıklarını sergileme ve  kendilerini daha iyi tanımalarını sağlar.  Program dışı etkinlikler,  öğrencilerin  eğitim sürecinde  daha  keyifli ve  motivasyon verici bir ortamda bulunmalarına yardımcı olur.",0,8,Program dışı etkinlikler öğrencilere nasıl bir ortam sunar?,"Program dışı etkinlikler, öğrencilere  kendilerini ifade edebilecekleri,  yeteneklerini sergileyebilecekleri ve  yeni arkadaşlıklar kurabilecekleri bir ortam sunar.  Bu etkinlikler,  öğrencilerin  farklı kişilerle etkileşime girmelerini,  yeni deneyimler yaşama,  yaratıcılıklarını sergileme ve  kendilerini daha iyi tanımalarını sağlar.  Program dışı etkinlikler,  öğrencilerin  eğitim sürecinde  daha  keyifli ve  motivasyon verici bir ortamda bulunmalarına yardımcı olur.",1,1,Qwen2.5-1.5B-Instruct,v3
"Soru: Bir birey, 'Sabır' erdemini nasıl gösterebilir?
Bağlam: Bir bireyin kendi kararlarından sorumlu olması nasıl bir davranıştır? Bir bireyin kendi kararlarından sorumlu olması, kararların sonuçlarını kabul etmesini ve kendi eylemlerinin sonuçlarını üstlenmesini gerektirir. Bu, bireyin kendi düşüncelerinin ve eylemlerinin farkında olmasını, hatalarından ders çıkarmasını ve gelecekte daha bilinçli kararlar vermesini sağlar. Kendi kararlarından sorumlu olmak, bireyin özgüvenini artırır, bağımsız bir yaşam sürmesini sağlar ve toplumsal sorumluluk bilincini geliştirir. Ayrıca, bireyin başkalarıyla daha uyumlu ilişkiler kurmasını, güvenilir bir insan olmasını ve toplumda saygın bir konum elde etmesini sağlar. 1 eğitim https://tymm.meb.gov.tr Erdem-Değer-Eylem Çerçevesi
Eylem
D11.2.1. Kendi kararlarını alma yeteneği gösterir.
D11.2.2. Duygu, düşünce, inanç ve izlenimlerini etki altında
kalmadan ifade eder.
D11.2.3. Bir gruba ait olmak için kendisi olmaktan ödün
vermez.
D11.2.4. Hak ve özgürlüklerini kullanma ve koruma konusunda
taviz vermez.
D11.2.5. Verdiği kararların sorumluluğunu alır.
D11.2.6. Düşünce, inanç, duygu ve izlenimlerine göre harekete
geçme gücünü kendinde bulur.
D11.2.7. Gerektiğinde hayır diyebilme becerisi sergiler.
D11.2.8. Her alanda millî ve manevi değerlerine sahip çıkar.
D11.3. Kişisel ve toplumsal haklara saygı göstermek
Eylem
D11.3.1. Özgürlüklerini kullanırken diğer insanlara ve topluma
karşı sorumluluklarına önem verir
D11.3.2. Özgürlüklerini kullanırken diğer insanların özgürlük
alanlarını ihlal etmez.
D11.3.3. Toplumsal düzenin sağlanması için kurallara uyar.
D11.3.4. Kendine zarar verecek duygu, düşünce ve davranışların
özgürlükle bağdaşmadığını bilir.
D12.Sabır
Olumlu bakış açısına olmayı, zor ve kötü durumlara karşı dayanmayı, istikrarlı davranmayı, süreci yönetmeyi, sorumlulukları yerine getirmeyi; duygu, düşünce ve eylemleri kontrol etmeyi kapsar.
D12.1. Olumlu bakış açısına sahip olmak
Eylem
D12.1.1. Yaşadığı problemlerin geçici olduğunu fark eder.
D12.1.2. Kendisini zorlukların üstesinden gelebilecek yeterlilikte
görür.
D12.1.3. Değiştirebileceği ve değiştiremeyeceği olayları ayırt
eder.
D12.1.4. Sorun odaklı değil, çözüm odaklı düşünür.
D12.1.5. Yaşadığı zorlukları, öğrenme için fırsat olarak görür.
D12.1.6. Olumlu düşünmenin insan sağlığına katkısını bilir.
D12.1.7. Zorluklarla karşılaşan insanlara sabırlı olmayı tavsiye
eder.
D12.2. Düşünce, duygu ve davranışlarında kontrollü olmak
Eylem
D12.2.1. Duygularını dengeleyerek tepkilerini yönetir.
D
Cevap: Sabır, olumlu bakış açısına sahip olmayı, zor ve kötü durumlara karşı dayanmayı, istikrarlı davranmayı, süreci yönetmeyi, sorumlulukları yerine getirmeyi; duygu, düşünce ve eylemleri kontrol etmeyi kapsayan bir erdemdir. Bir birey, sabır erdemini  yaşadığı problemlerin geçici olduğunu fark ederek gösterebilir. Zorlukların üstesinden gelebileceğine inanarak ve kendisini yeterli görerek  sabırlı davranabilir. Değiştirebileceği ve değiştiremeyeceği olayları ayırt ederek, sorun odaklı değil, çözüm odaklı düşünerek, yaşadığı zorlukları öğrenme fırsatı olarak görerek, olumlu düşünmenin insan sağlığına katkısını bilerek, zorluklarla karşılaşan insanlara sabırlı olmayı tavsiye ederek sabır erdemini sergileyebilir.  Sabır ayrıca duyguların kontrolü ile de ilgilidir. Duygularını dengeleyerek tepkilerini yöneten, hedeflerine ulaşmak için dürtülerini kontrol eden, olumsuz durumlar karşısında metanetli davranan, etkilenebileceği içsel ve dışsal faktörleri fark eden, süreci doğru yöneten, sabretmenin toplumsal düzene etkisini fark eden bireyler, sabır erdemini daha da etkili bir şekilde gösterirler. Sabır, aynı zamanda istikrarlı olmakla da yakından ilişkilidir. Görev ve sorumluluklarını yerine getirirken kararlı davranan, çalışmalarında sebat eden, olaylar ve durumlar karşısında motivasyonunu sürdüren, sabrın yanlışa boyun eğmek değil, onunla mücadele etmek anlamına geldiğini bilen, sabrın bilinçli ve etkin bir bekleyiş süreci olduğunu fark eden bireyler,  sabır erdemini tam anlamıyla benimsemiş bireylerdir.",1,9,"Bir birey, 'Sabır' erdemini nasıl gösterebilir?","Sabır, olumlu bakış açısına sahip olmayı, zor ve kötü durumlara karşı dayanmayı, istikrarlı davranmayı, süreci yönetmeyi, sorumlulukları yerine getirmeyi; duygu, düşünce ve eylemleri kontrol etmeyi kapsayan bir erdemdir. Bir birey, sabır erdemini  yaşadığı problemlerin geçici olduğunu fark ederek gösterebilir. Zorlukların üstesinden gelebileceğine inanarak ve kendisini yeterli görerek  sabırlı davranabilir. Değiştirebileceği ve değiştiremeyeceği olayları ayırt ederek, sorun odaklı değil, çözüm odaklı düşünerek, yaşadığı zorlukları öğrenme fırsatı olarak görerek, olumlu düşünmenin insan sağlığına katkısını bilerek, zorluklarla karşılaşan insanlara sabırlı olmayı tavsiye ederek sabır erdemini sergileyebilir.  Sabır ayrıca duyguların kontrolü ile de ilgilidir. Duygularını dengeleyerek tepkilerini yöneten, hedeflerine ulaşmak için dürtülerini kontrol eden, olumsuz durumlar karşısında metanetli davranan, etkilenebileceği içsel ve dışsal faktörleri fark eden, süreci doğru yöneten, sabretmenin toplumsal düzene etkisini fark eden bireyler, sabır erdemini daha da etkili bir şekilde gösterirler. Sabır, aynı zamanda istikrarlı olmakla da yakından ilişkilidir. Görev ve sorumluluklarını yerine getirirken kararlı davranan, çalışmalarında sebat eden, olaylar ve durumlar karşısında motivasyonunu sürdüren, sabrın yanlışa boyun eğmek değil, onunla mücadele etmek anlamına geldiğini bilen, sabrın bilinçli ve etkin bir bekleyiş süreci olduğunu fark eden bireyler,  sabır erdemini tam anlamıyla benimsemiş bireylerdir.",1,1,Qwen2.5-1.5B-Instruct,v3
"Soru: Sınav döneminde çocukların temel ihtiyaçları neden önemlidir?
Bağlam: Sınav Döneminde Ebeveynlerin Rolü ve Destekleyici Yaklaşımlar
Sınav dönemleri, öğrenciler için oldukça stresli olabilir ve bu dönemde ebeveynlerin desteği büyük önem taşır. Ebeveynler, çocuklarının sınavlara hazırlık sürecinde hem duygusal hem de fiziksel destek sağlayarak, onların başarılı olmalarına yardımcı olabilir. İlk olarak, sınav döneminde ebeveynlerin çocuklarına gösterdikleri anlayış ve sabır, bu sürecin daha az stresli geçmesini sağlar. Çocuklar, ebeveynlerinin kendilerini anladığını ve onlara destek olduğunu hissettiklerinde, sınav stresiyle daha kolay başa çıkabilirler. Ebeveynlerin bu dönemde çocuklarına güven vermesi de önemlidir. Çocuğunuzun sınavlarda başarılı olabileceğine dair güveninizi ifade etmek, onun özgüvenini artırır ve sınavlara daha motive bir şekilde hazırlanmasını sağlar.
Ebeveynlerin sınav dönemi boyunca çocuklarına nasıl destek olabileceklerini anlamaları için, onların sınav stresiyle nasıl başa çıktıklarını gözlemlemeleri gerekir. Bazı çocuklar sınavlara hazırlanırken yalnız çalışmayı tercih ederken, bazıları ise grup çalışmaları veya ebeveyn desteğiyle daha verimli olabilir. Ebeveynler, çocuklarının ihtiyaçlarına göre esnek davranmalı ve onlara en uygun ortamı sağlamalıdır. Ayrıca, sınav dönemi boyunca dengeli beslenme ve yeterli uyku gibi temel ihtiyaçların karşılanması da önemlidir. Ebeveynler, çocuklarının sağlıklı bir yaşam tarzını sürdürmesine yardımcı olarak, onların zihinsel ve fiziksel olarak en iyi durumda olmalarını sağlamalıdır. Bu, sınavlarda daha iyi performans göstermelerine katkıda bulunur. Sonuç olarak, sınav dönemi ebeveynler için çocuklarına destek olma ve onların başarılı olmalarını sağlama fırsatı sunar. Ebeveynler, çocuklarının sınav sürecini en iyi şekilde geçirmelerine yardımcı olmak için bu dönemde dikkatli ve destekleyici bir yaklaşım sergilemelidir.
Cevap: Dengeli beslenme ve yeterli uyku gibi temel ihtiyaçlar, çocukların zihinsel ve fiziksel sağlığını korur ve sınavlarda daha iyi performans göstermelerine yardımcı olur. Yeterince uyumayan ve beslenmeyen çocuklar, sınavlarda odaklanmakta ve konsantre olmakta zorlanabilirler. Ayrıca, yorgunluk ve uyku eksikliği, stres seviyelerini artırabilir ve onların sınav performanslarını olumsuz etkileyebilir. Bu nedenle, çocuğunuzun düzenli uyku alışkanlıklarına sahip olmasını ve sağlıklı beslenmesini sağlamak önemlidir.",1,9,Sınav döneminde çocukların temel ihtiyaçları neden önemlidir?,"Dengeli beslenme ve yeterli uyku gibi temel ihtiyaçlar, çocukların zihinsel ve fiziksel sağlığını korur ve sınavlarda daha iyi performans göstermelerine yardımcı olur. Yeterince uyumayan ve beslenmeyen çocuklar, sınavlarda odaklanmakta ve konsantre olmakta zorlanabilirler. Ayrıca, yorgunluk ve uyku eksikliği, stres seviyelerini artırabilir ve onların sınav performanslarını olumsuz etkileyebilir. Bu nedenle, çocuğunuzun düzenli uyku alışkanlıklarına sahip olmasını ve sağlıklı beslenmesini sağlamak önemlidir.",1,1,Qwen2.5-1.5B-Instruct,v3
"Soru: Programın uygulanma sürecinde hangi anlayış beklenir?
Bağlam: Anlamlı öğrenmeyi destekleyecek örgütsel düzenleyiciler nelerdir? Anlamlı öğrenmeyi destekleyecek örgütsel düzenleyiciler arasında kavram haritaları, akış diyagramları, sınıflandırma tabloları gibi araçlar bulunur. Bu araçlar, öğrencilerin bilgiyi yapılandırmalarına, ilişkilendirmelerine ve anlamalarına yardımcı olur. 1 eğitim https://tymm.meb.gov.tr ÖĞRENME-ÖĞRETME YAŞANTILARI
Türkiye Yüzyılı Maarif Modeli’nde öğretim programları yapısal olarak bilgi, beceri, eğilimler ve değerler
arasında kurulan anlamlı ağlara dayanmakta ve bu yönüyle dinamik bir öğrenme-öğretme sürecine işaret
etmektedir. Bu dinamik süreç bütüncül program anlayışı gereği, öğrencilerin doğuştan gelen özelliklerine
saygı duyan ve her bir öğrencinin bütüncül gelişimini merkeze alan bir yapı sunmaktadır.
Programın belirtilen yapısı çerçevesinde temel amaç, tüm öğrencilerin ilgi ve ihtiyaçlarına yönelik anlamlı
öğrenmelere ulaşacakları bir öğrenme süreci geçirmelerini sağlamaktır. Öğrencinin ihtiyaçlarına göre
şekillenen bu süreç, doğası gereği, öğrencinin bütüncül gelişimine odaklı ve esnek bir program sunar.
Bu bakış açısına bağlı olarak programın uygulanma sürecinde beklenen; aktif öğrenmenin desteklendiği,
öğrenci merkezli bir anlayıştır. Öğrenciyi sorumluluklarının bilincinde olmasını sağlayarak merkeze alan
ve kendi öğrenme süreci üzerinde söz sahibi yapan bu anlayış çerçevesinde öğrencilerin yaparak ve
yaptıkları üzerinde düşünerek öğrenmeleri temel alınmaktadır. Düşünme ve yapma süreçleri arasında
güçlü ilişkiler kurmayı sağlayan bu anlayış, beceri odaklı programların uygulanmasında sağlam bir zemin
sunmaktadır.
Program, anlamlı ve kalıcı öğrenmeyi sağlamak amacıyla öğrenme sürecine yönelik bazı temel ilkeler
doğrultusunda hareket eder. Öğrenme sürecinin temel ilkeleri şunlardır:
Öğrencinin aktif katılımını sağlayacak öğrenci merkezli etkinlikler temel alınır.
Farklı öğrenci ihtiyaçlarını karşılayabilecek esnek ve zenginleştirilmiş öğrenme yaşantılarına dayanır.
Derin öğrenmeyi sağlamak amacıyla anlamlı öğrenme bağlamları içinde gerçekleşir.
Öğrencilerin bilgi ve becerilerini yapılandırması için araştırma ve sorgulamayı merkeze alır.
Bilgi, beceri, eğilim ve değerleri birlikte kullanarak bütüncül gelişime odaklanır.
Öğrenme sürecinin temel ilkeleri çerçevesinde öğrencilerin bilgi, beceri ve değerleri edinmeleri;
geliştirmeleri ve uygulamalarında bilginin farklı kanallardan sunulması, disiplinler arası ilişkilerin
kurulması ve deneyimlere dayalı, etkileşimli, d
Cevap: Programın uygulanma sürecinde aktif öğrenmenin desteklendiği, öğrenci merkezli bir anlayış beklenir. Öğrenciyi sorumluluklarının bilincinde olmasını sağlayarak merkeze alan ve kendi öğrenme süreci üzerinde söz sahibi yapan bu anlayış çerçevesinde öğrencilerin yaparak ve yaptıkları üzerinde düşünerek öğrenmeleri temel alınmaktadır.",1,9,Programın uygulanma sürecinde hangi anlayış beklenir?,"Programın uygulanma sürecinde aktif öğrenmenin desteklendiği, öğrenci merkezli bir anlayış beklenir. Öğrenciyi sorumluluklarının bilincinde olmasını sağlayarak merkeze alan ve kendi öğrenme süreci üzerinde söz sahibi yapan bu anlayış çerçevesinde öğrencilerin yaparak ve yaptıkları üzerinde düşünerek öğrenmeleri temel alınmaktadır.",1,1,Qwen2.5-1.5B-Instruct,v3
"Soru: Proje temelli öğrenmenin, öğrencilerin farklı alanlardaki bilgilerini nasıl bir araya getirmesine yardımcı olduğunu açıklayın.
Bağlam: Öğrenciler iş birliğine dayalı bir ortamda nasıl etkileşim kurar? İş birliğine dayalı sınıflarda öğrenciler ortak bir amaç doğrultusunda etkileşime girer, birlikte çalışır, birbirlerinden öğrenirler.  Bu süreçte ilişkiler kurmaya, üst düzey düşünme becerileri ve sosyal-duygusal öğrenme becerilerini kullanmaya yönelirler. 1 eğitim https://tymm.meb.gov.tr Proje temelli öğrenme,  öğrencilerin farklı disiplinlerde öğrendikleri ön bilgileri sentezleyerek yeni bilgiyi
yapılandırmalarını ve bu süreçte de bilimsel araştırma basamaklarını kullanarak bir ürün oluşturmalarını
odağa alan bir yaklaşımdır. Proje temelli öğrenmede öğrenciler kişisel olarak ya da gruplar içinde proje
konu ve planlarını belirler, planlarına uygun adımlar atarak araştırma süreçlerini gerçekleştirir, konularıyla
ilgili ürünler oluşturur. Ayrıca bu süreçte gelişimlerini izler, çözüm ve ürünlerini değerlendirirler. Bu
süreçte sınıf içi ve dışı aktivitelerin birlikte yer aldığını, disiplinler arası yaklaşımın ve öğrenme ürününün
ön plana çıktığını da vurgulamak gerekir. Proje temelli öğrenme yaklaşımının bilimsel kavramlar ve ilkeler
ile günlük hayat deneyimleri arasında köprü kuran ve disiplinler arası ilişkileri ön plana çıkaran yapısı,
programın uygulanmasında derin öğrenmenin sağlanması ve sorgulamaya dayalı bir yapının kurulması
için güçlü bir katkı sağlar.
Sorgulamaya dayalı öğrenme,  bilginin öğrencilere sunulmasına değil öğrenciler tarafından bir
sorgulama süreci içinde oluşturulmasına dayanır. Sorgulama yoluyla bilgiye ulaşma süreci bilimsel
yöntemin izlenmesini gerektirir. Süreç bir soruyla başlar ve öğrenciler bu temel soruya cevap bulmak
için yeni sorular sorar, araştırır, değerlendirir ve sürecin her aşamasında farklı düşünme becerilerini
kullanır. Bu yaklaşımın uygulandığı sınıflar, yaşayan sınıflardır. Öğrenciler sınıf içinde dolaşır, birbiriyle
tartışır, materyaller oluşturur, araştırır ve sunum yaparlar. Yaklaşımın bilginin oluşturulmasında öğrenci
sorumluluğunu ve öğrencinin aktif katılımını vurgulayan yapısı, programın uygulanmasına güçlü bir zemin
oluşturur.
İş birlikli öğrenme,  öğrencilerin kendileri ve birbirlerinin öğrenmesini en üst düzeye çıkarmak amacıyla
küçük takımlar içinde birlikte çalışmalarını esas alan bir yaklaşımdır. İş birliğine dayalı sınıflarda öğrenciler
ortak bir amaç doğrultusunda etkileşime girer, birlikte çalışır, birbirlerinden öğrenirler. Bu süreçte ilişkiler
kurmaya, üst düzey düşünme becerileri ve sosyal-duygusal öğrenme becer
Cevap: Proje temelli öğrenme, öğrencilerin farklı disiplinlerde edindikleri bilgileri sentezleyerek yeni bilgiler oluşturmasını ve bu bilgileri bir ürün ortaya koymak için kullanmasını teşvik eder. Örneğin, bir öğrenci tarih, sanat ve teknoloji konularını birleştirerek, tarihi bir olayın görsel bir temsilini dijital olarak yaratabilir. Bu şekilde öğrenci, farklı disiplinlerde edindiği bilgileri gerçek dünya problemlerine uygulayarak, derin bir anlayış kazanır ve disiplinlerarası bağlantıları keşfeder.  Proje temelli öğrenme, öğrencilerin bilgiyi sadece ezberlemelerine değil, onu anlamlandırmalarına ve kendi bilgilerini oluşturmalarına yardımcı olur.",1,9,"Proje temelli öğrenmenin, öğrencilerin farklı alanlardaki bilgilerini nasıl bir araya getirmesine yardımcı olduğunu açıklayın.","Proje temelli öğrenme, öğrencilerin farklı disiplinlerde edindikleri bilgileri sentezleyerek yeni bilgiler oluşturmasını ve bu bilgileri bir ürün ortaya koymak için kullanmasını teşvik eder. Örneğin, bir öğrenci tarih, sanat ve teknoloji konularını birleştirerek, tarihi bir olayın görsel bir temsilini dijital olarak yaratabilir. Bu şekilde öğrenci, farklı disiplinlerde edindiği bilgileri gerçek dünya problemlerine uygulayarak, derin bir anlayış kazanır ve disiplinlerarası bağlantıları keşfeder.  Proje temelli öğrenme, öğrencilerin bilgiyi sadece ezberlemelerine değil, onu anlamlandırmalarına ve kendi bilgilerini oluşturmalarına yardımcı olur.",1,1,Qwen2.5-1.5B-Instruct,v3
"Soru: Günlük tutmak yabancı dil öğrenimine nasıl katkı sağlar?
Bağlam: Yabancı Dil Öğrenme Stratejileri: Yabancı Dil Öğrenmede Etkili Teknikler ve Pratik Yapma Yöntemleri
Yabancı dil öğrenmek, kişisel gelişimden kariyer fırsatlarına kadar birçok alanda büyük avantajlar sağlar. Ancak, bu süreç zaman, disiplin ve etkili stratejiler gerektirir. Doğru teknikler ve düzenli pratik ile dil öğrenme sürecini hızlandırabilir ve daha kalıcı sonuçlar elde edebilirsiniz. Aşağıda, yabancı dil öğrenmede kullanabileceğiniz etkili teknikler ve pratik yapma yöntemleri detaylandırılmıştır.

Yabancı Dil Öğrenmede Etkili Teknikler
Yabancı dil öğrenirken uygulayabileceğiniz çeşitli teknikler, dilin farklı yönlerini geliştirmenize yardımcı olabilir. Bu teknikler, kelime bilgisi, dilbilgisi, konuşma, dinleme, okuma ve yazma gibi dilin farklı bileşenlerine odaklanır:

1. Kelime Hazinesini Geliştirme:

Kelime Kartları (Flashcards): Kelime kartları, yeni kelimeleri öğrenmek ve hafızada tutmak için etkili bir araçtır. Her kartın bir yüzüne yeni bir kelime, diğer yüzüne ise anlamını yazın. Kartları düzenli olarak gözden geçirerek, yeni kelimeleri ezberleyin ve kullanımını öğrenin. Dijital platformlarda da benzer kelime kartı uygulamaları mevcuttur.
Kelime Listeleri: Tematik kelime listeleri oluşturarak, belirli bir konuda sık kullanılan kelimeleri öğrenin. Örneğin, yemek, seyahat, iş dünyası gibi konularda listeler hazırlayarak bu kelimeleri pratiğe dökün.
Günlük Kullanım: Günlük yaşamınızda öğrendiğiniz yeni kelimeleri kullanarak dil pratiği yapın. Cümleler kurarak ve bu kelimeleri konuşma veya yazma esnasında kullanarak öğreniminizi pekiştirin.
2. Dilbilgisi Öğrenme:

Dilbilgisi Kitapları ve Kaynakları: Temel dilbilgisi kurallarını öğrenmek için iyi bir dilbilgisi kitabı edinin. Bu kitapları çalışarak, cümle yapıları, zamanlar, fiil çekimleri gibi konuları öğrenin.
Alıştırmalar: Dilbilgisi alıştırmaları yaparak öğrendiğiniz kuralları pratiğe dökün. Çalışmalarınızı pekiştirmek için çevrimiçi dilbilgisi testlerini de kullanabilirsiniz.
Dilbilgisi Odaklı Konuşma Pratikleri: Öğrendiğiniz dilbilgisi kurallarını kullanarak cümleler kurun ve bu cümleleri tekrar edin. Bu, hem konuşma becerilerinizi geliştirir hem de dilbilgisini günlük konuşmalarda uygulamanıza yardımcı olur.
3. Dinleme Becerilerini Geliştirme:

Podcastler ve Videolar: Hedef dilde podcastler ve videolar dinlemek, dilin doğal akışını ve telaffuzunu öğrenmenize yardımcı olur. Seviyenize uygun içerikler seçerek dinleme becerilerinizi geliştirin. Özellikle ilgi alanlarınıza yönel
Cevap: Hedef dilde günlük tutarak yazma pratiği yapabilir, günlük olaylar, düşünceler ve hisler hakkında yazılar yazarak hem yazma becerilerinizi geliştirebilir hem de dilbilgisi kurallarını uygulayabilirsiniz.  Günlük tutmak, dil öğrenme sürecinde ilerlemenizi takip etmenizi, yeni kelimeler ve ifadeler öğrenmenizi ve düşüncelerinizi ifade etmenizi sağlar. Ayrıca, yabancı dilde yazma özgüveninizi artırmanıza yardımcı olur.",1,9,Günlük tutmak yabancı dil öğrenimine nasıl katkı sağlar?,"Hedef dilde günlük tutarak yazma pratiği yapabilir, günlük olaylar, düşünceler ve hisler hakkında yazılar yazarak hem yazma becerilerinizi geliştirebilir hem de dilbilgisi kurallarını uygulayabilirsiniz.  Günlük tutmak, dil öğrenme sürecinde ilerlemenizi takip etmenizi, yeni kelimeler ve ifadeler öğrenmenizi ve düşüncelerinizi ifade etmenizi sağlar. Ayrıca, yabancı dilde yazma özgüveninizi artırmanıza yardımcı olur.",1,1,Qwen2.5-1.5B-Instruct,v3
"Soru: Cesaretli bir öğrenci, zorluklarla nasıl başa çıkar?
Bağlam: Öğrenci profilini oluşturan iki bütünlük alanı, on profil özelliğine ayrılmıştır. Bu profil özellikleri ve bunları
oluşturan bileşenler aşağıda verilmiştir.
Ahlaklı
a) Adil: Herkesin eşit haklara sahip olduğuna inanır ve adaleti benimser.
b) Başkalarının haklarına saygı duyan: Dürüstlük, adalet ve empati gibi ahlaki değerleri hayatının bir
parçası hâline getirerek başkalarının hak ve mahremiyetlerine saygı gösterir.
c) Tabiata ve toplumsal sorunlara duyarlı: Tabiata ve toplumsal sorunlara karşı duyarlıdır, toplumun
daha adil ve eşit bir düzene sahip olması için çalışır.
ç) Güvenilir: Verdiği sözleri tutar, başkaları tarafından güvenilir biri olarak kabul edilir.
d) Saygılı: İnsanlara, diğer canlılara, çevreye, farklı inançlara, başkalarının haklarına, üzerinde emeği
olanlara saygı gösterir ve onları gözetir.
e) Doğru: Akla, mantığa, gerçeğe veya kurala uygun davranır; yasa, yöntem ve ahlaka bağlı, dürüst ve
namusludur.
f) Dürüst: Sözünde ve davranışlarında doğruluktan ayrılmaz, kendisine güven duyulur, yalan söylemekten
kaçınır.
Bilge
a) Bağımsız ve özgür düşünen: Kendi düşünce süreçlerini geliştirir, farklı görüşleri eleştirip analiz eder,
düşünce ve inançlarını özgürce ifade etme becerisi kazanırken kendi değer ve inançlarıyla uyumlu
bir şekilde düşünerek karar vermeyi öğrenir, başkalarının haklarına saygı duyar ve bağımsız düşünme
becerilerini kullanır.
b) Belagat sahibi: Dilin inceliklerini, söz sanatlarını ve iletişim becerilerini başarılı bir şekilde kullanır.
c) Bilgilerini paylaşan: Bilgi ve deneyimlerini aktarır, iletişim yoluyla bilgi alıverişine katkı sağlar.
ç) İlme ulaşan: Dünyayı anlama ve anlamlandırma için bilgiye ulaşmaya istekli bir şekilde ilerler.
d) Estetik duyarlılık sahibi: Çevresindeki sanat eserleri ve kültürel değerler konusunda bilinçli ve
duyarlıdır.
Cesaretli
a) Yiğit ve mert: Korkularına rağmen cesur davranır, yolundan dönmez ve zorluklarla yüzleşmekten
çekinmez.
b) Risk alan: Yeni deneyim ve fırsatlara cesaretle yaklaşır, risk almaktan çekinmez.
c) İnisiyatif alan: Kendi başına hareket etme yeteneğine sahiptir, fikir üretebilir. İşlerin başlatılması ve
yönlendirilmesi konusunda liderlik yapar.
ç) Öfkesini kontrol eden: Duygusal zekâsı sayesinde olumsuz duygularını başkalarına zarar vermeden
yönetir ve çatışmaları yapıcı bir şekilde çözer.
d) Destekleyici: İnsanlara destek sağlamada duyarlıdır, yardım etmek için çaba gösterir.
e) Girişimci: Gerekli durumlarda ilk adımı cesurca atan bir kişilik
Cevap: Cesaretli bir öğrenci, zorluklarla karşılaştığında korkularına rağmen cesur davranır, yılmaz ve çözüm odaklı düşünür. Risk almaktan çekinmez, inisiyatif alır ve sorunları çözmek için çaba gösterir. Destekleyici bir tutum sergiler ve başkalarına yardım etmeye isteklidir.",0,8,"Cesaretli bir öğrenci, zorluklarla nasıl başa çıkar?","Cesaretli bir öğrenci, zorluklarla karşılaştığında korkularına rağmen cesur davranır, yılmaz ve çözüm odaklı düşünür. Risk almaktan çekinmez, inisiyatif alır ve sorunları çözmek için çaba gösterir. Destekleyici bir tutum sergiler ve başkalarına yardım etmeye isteklidir.",1,1,Qwen2.5-1.5B-Instruct,v3
"Soru: Dijital okuryazarlığın temel bileşenleri nelerdir?
Bağlam: Okuryazarlık Becerileri
Türkiye Yüzyılı Maarif Modeli'nde yer alan okuryazarlık becerilerine ait süreç bileşenleri üç düzeyde öğrencilere kazandırılmak üzere kurgulanmıştır. Bu üç düzey; okuryazarlık türünde geçen temel bilgi, terim, kavram ve olguları tanımlama, anlama, bunların farkında olma ve duyarlılık göstermeye yönelik farkındalık düzeyi; öğrencilerin bu bilgi, terim, kavram ve olgulara yönelik bütüncül ilişkiyi fark etmelerine yönelik işlevsellik düzeyi ve edinilen bilgilere yönelik  öğrencilerin eyleme geçeceği eylemsellik düzeyidir. Bu düzeyler, gelişime uygun ve sarmal bir yapıda kurgulanmıştır. Bu sarmal sürecin farkındalıkla başlayıp eylemsellik ile tamamlanması beklenmektedir. Ancak bazı durumlarda  farkındalıkla başlayan süreç, eylemsellik aşamasına gelmeden işlevsellikte kalabilir. Bu süreç, işlevsellik aşamasından daha ileri düzey ve kapsamı daha geniş farkındalığa dönüşerek devam edebilir.
...
Bilgi Görseli:  Sistem Okuryazarlığı Bağlamında Okuryazarlık Türleri
Türkiye Yüzyılı Maarif Modeli'nde sistem düşüncesinin öğrencilere kazandırılmasına yönelik belirlenen okuryazarlık becerilerinin süreç bileşenlerinin öğrenme-öğretme sürecinde yapılan etkinliklerle bütünleştirilerek kullanılması  gerekmektedir. Bu nedenle program kapsamında belirlenen öğrenme çıktılarına yönelik sınıf içinde ve dışında yapılacak olan tüm etkinliklerde uygun yerlere okuryazarlık süreç bileşenleri nüfuz ettirilerek okuryazarlık becerilerinin  kazandırılması hedeflenmektedir.
Devamını Oku
Okuryazarlık Becerileri
OB1.Bilgi Okuryazarlığı
OB1.1. Bilgi İhtiyacını Fark Etme
Süreç bileşenleri
OB1.1.SB1. Bilgi ihtiyacını fark etmek
OB1.1.SB2. Bilgi türlerini fark etmek (sanatsal, gündelik vb.)
OB1.2. Bilgiyi Toplama
Süreç bileşenleri
OB1.2.SB1. İstenen bilgiye ulaşmak için kullanacağı araçları belirlemek
OB1.2.SB2. Belirlediği aracı kullanarak olay, konu ve durum ile ilgili bilgileri bulmak
OB1.2.SB3. Bir olay, konu ve durum ile ilgili ulaşılan bilgileri doğrulamak
OB1.2.SB4. Bir olay, konu ve durum ile ilgili ulaşılan bilgileri kaydetmek
OB1.3. Bilgiyi Özetleme
Süreç bileşenleri
OB1.3.SB1. Bilgiyi çözümlemek
OB1.3.SB2. Bilgiyi sınıflandırmak
OB1.3.SB3. Bilgiyi yorumlamak (kendi cümleleri ile aktarmak)
OB1.4. Bilgiyi Sentezleme
Süreç bileşenleri
OB1.4.SB1. Bilgi parçalarını belirlemek
OB1.4.SB2. Bilgi parçaları arasında ilişki kurmak
OB1.4.SB3. Bilgi parçalarını birleştirerek özgün bir bütün oluşturmak
OB1.5. Bilgiyi Kullanarak Eleştirel Düşünme

Cevap: Dijital okuryazarlığın temel bileşenleri dijital bilgiye ulaşma ve dijital bilgiyi tanıma, dijital iletişimi anlama, fikrî mülkiyet haklarını bilerek davranma, dijital bilgiyi anlamlandırma, dijital ortamlar için içerik oluşturma ve paylaşma, iletişim kurma ve paylaşma, dijital araçlarla iş görme, e-güvenlik önlemleri alma ve dijital bilgiyi kullanarak eleştirel düşünmedir. Bu bileşenler, öğrencilerin dijital dünyada güvenli, etik ve etkili bir şekilde hareket etmelerini sağlar.",1,9,Dijital okuryazarlığın temel bileşenleri nelerdir?,"Dijital okuryazarlığın temel bileşenleri dijital bilgiye ulaşma ve dijital bilgiyi tanıma, dijital iletişimi anlama, fikrî mülkiyet haklarını bilerek davranma, dijital bilgiyi anlamlandırma, dijital ortamlar için içerik oluşturma ve paylaşma, iletişim kurma ve paylaşma, dijital araçlarla iş görme, e-güvenlik önlemleri alma ve dijital bilgiyi kullanarak eleştirel düşünmedir. Bu bileşenler, öğrencilerin dijital dünyada güvenli, etik ve etkili bir şekilde hareket etmelerini sağlar.",1,1,Qwen2.5-1.5B-Instruct,v3
"Soru: Güneş sisteminin oluşumuyla ilgili en yaygın teori nedir?
Bağlam: Güneş Sistemi, Gezegenler ve Uyduları
Güneş sistemi, güneşin çekim kuvvetinin etkisiyle; gezegenler, gezegenlerin uyduları, kuyruklu yıldızlar ve meteorların yine güneş etrafında birikmesiyle oluşan gök cisimleri topluluğudur. Güneş sisteminin oluşumu ile ilgili olarak bir çok teori vardır. Ancak en çok bilinen ve doğruluk payı en yüksek olan teori 1796 ‘da matematikçi Simon Laplace tarafından bağımsız olarak ortaya atılan Kant-Laplace (Nebula) teorisidir. Bu teoride güneş sisteminin 4,6 milyar yıl önce dev bir moleküler bulutunun çökmesiyle oluştuğu ileri sürülmektedir.

Güneş’in çevresinde dönen, kendi ışık kaynakları bulunmayan, Güneş’ten aldığı ışığı yansıtan gök cisimlerine gezegen denir. Gezegenler yapısal özelliklerine göre iç (karasal) gezegenler ve dış (gaz) gezegenler olmak üzere iki gruba ayrılır. Güneş’e olan uzaklıklarına göre Güneş sistemindeki ilk dört gezegen olan Merkür, Venüs, Dünya ve Mars iç gezegenler olarak adlandırılır. Bunlar yüksek yoğunlukta, metalik element bileşiminde sert ve kaya yüzeyine sahiptir. Dünya, karasal gezegenlerin en büyüğüdür.

Mars ve asteroit kuşağının ötesinde yer alan gezegenler ise dış gezegenler olarak adlandırılır. Bunlar gaz hâlinde olan Jüpiter, Satürn, Uranüs ve Neptün’dür. Bu gezegenler katı gezegenlerden daha büyüktür. Hidrojen ve diğer gazların yoğunlaşmasıyla oluşmuşlardır.

Güneş sisteminde bulunan gezegenler ve diğer gök cisimleri çekim kuvvetinin etkisiyle güneş etrafında ve belli bir yörünge üzerinde dönmektedirler. Çapı 30 ışık yılı yani 283,821,914,177,430 km olan güneş sisteminde güneş de dahil olmak üzere toplam 10 gezegen vardır. Bu gezegenler güneşe olan uzaklıklarına göre sırasıyla Merkür, Venüs, Dünya, Mars, Jüpiter, Satürn, Uranüs ve Neptün ‘dür. Bunların dışında bir de Plüton vardır.

Ancak Plüton dış merkezli bir yörüngeye sahip olduğu için gezegen olup olmadığı konusunda uzun tartışmalar yaşanmış, 24 Ağustos 2006 yılında ise Uluslararası Gökbilim Birliği Plüton’un gezegen sınıfından çıkarılarak “cüce gezegen” sınıfına konulduğunu açıklamıştır. Bu dokuz gezegen ile birlikte onların bilinen 166 uydusu da güneş sistemine dahildir.

Güneş Sistemindeki gezegenlerin bazı özellikleri şunlardır;

• Gezegenlerin tamamı elips şeklinde bir yörüngeye sahiptir ve tüm gezegenlerin dönüş hızları birbirinden farklı olmakla birlikte bazı gezegenlerin yörüngeleri birbiri ile kesişir.
• Gezegenler hem kendi ekseni etrafında hem de güneşin etrafında batıdan doğuya doğru dönerler.
• En küçük
Cevap: Güneş sisteminin oluşumu hakkında birçok teori olsa da, en yaygın kabul gören teori Kant-Laplace (Nebula) teorisidir. Bu teoriye göre, güneş sistemi 4,6 milyar yıl önce dev bir moleküler bulutun çökmesiyle oluşmuştur. Bu bulut, ağırlığının etkisiyle çökmeye başlamış ve zamanla dönmeye başlamıştır. Döndükçe, bulut daha da yoğunlaşmış ve merkezinde güneş oluşmuştur. Güneşin çekim kuvveti, etrafındaki toz ve gaz parçacıklarını kendine çekerek gezegenleri oluşturmuştur.",1,9,Güneş sisteminin oluşumuyla ilgili en yaygın teori nedir?,"Güneş sisteminin oluşumu hakkında birçok teori olsa da, en yaygın kabul gören teori Kant-Laplace (Nebula) teorisidir. Bu teoriye göre, güneş sistemi 4,6 milyar yıl önce dev bir moleküler bulutun çökmesiyle oluşmuştur. Bu bulut, ağırlığının etkisiyle çökmeye başlamış ve zamanla dönmeye başlamıştır. Döndükçe, bulut daha da yoğunlaşmış ve merkezinde güneş oluşmuştur. Güneşin çekim kuvveti, etrafındaki toz ve gaz parçacıklarını kendine çekerek gezegenleri oluşturmuştur.",1,1,Qwen2.5-1.5B-Instruct,v3
"Soru: İHL'ler hangi dönemde kapatılmış ve neden?
Bağlam: İmam hatip lisesi (kısaca İHL), Türkiye'de bir resmî kuruluş. Amacı hatip ve imam yetişmesini sağlamak olan[1] ortaöğretim düzeyinde mesleki okullara verilen isimdir.

İlköğretimden sonra dört yıl süreli eğitim veren, yatılı ve gündüzlü olarak karma eğitim ile kız imam hatip bölümlerinin bulunduğu kuruluşlardır.[2] Ortaokul 5. sınıftan itibaren öğrenci kabul etmektedir.[3] Millî Eğitim Bakanlığı Din Eğitimi Genel Müdürlüğüne bağlı olarak faaliyet gösterir.

İmam hatip liselerinde normal ortaokul ve lise müfredatına ek olarak İslam dinine ilişkin mesleki dersler okutulmakta ve Sünni esaslara bağlı din eğitimi verilmektedir.[4] Toplumdaki algısının meslek okulundan ziyade “dinî kültür takviyeli eğitim kurumları” olduğu kimi araştırma bulgularında ortaya konmaktadır.[5] Fen dersleri, Matematik, Türk Dili ve Edebiyatı gibi derslerin ders saatleri ve müfredatı diğer Anadolu Liseleri ile aynıdır. İngilizce, Almanca, Görsel Sanatlar, Beden Eğitimi gibi derslerde farklılıklar bulunmaktadır.

Tarihi
Medresetü-l Eimmeti ve’l Hutebâ (1913-1924)
Bugünkü imam hatip liselerinin kökü olarak 1913 yılında imam hatip yetiştirmek üzere açılan ve daha sonra Medresetü-l Vaazin ile birleştirilerek Medresetü-l İrşad adını alan Medresetü-l Eimmeti vel Hutaba, kabul edilebilir.[6] Bu okullar ömürlerini 3 Mart 1924 tarihli Tevhid-i Tedrisat Kanunu’na kadar sürdürmüştür.

İmam hatip mektepleri (1924-1930)
Tevhid-i Tedrisat Kanunu’nun din görevlisi eğitimini düzenleyen 4. maddesi medreselerin kapatılmasına karşılık, imamlık ve hatiplik gibi dini hizmetlerin görülebilmesi için ayrı okullar açılmasını öngörüyordu. Kanunda öngörülen bu okullar, 1924 yılında İmam Hatip Mektepleri adı altında 29 merkezde açıldı.[6] Okullar, dört yıllık ortaöğrenim seviyesindeydi. Bu okulların müdürleri özel bir din eğitimi görmemişlerdi. Daha çok deneyimli eğitimcilerdi ve amaçları Cumhuriyet'e bağlı, aydın din adamları yetiştirmekti. Ders saatlerinin çoğu bilim ve yabancı dil dersleriydi ve dinle ilgili dersler ikinci plandaydı.[7] 1929 yılında sayıları 2’ye düşen İmam Hatip Mektepleri 1930’da öğrenci yokluğu nedeniyle tamamen kapatıldı[8] ve 1948 yılına kadar imam-hatip eğitimi yapılmadı.[9]

İmam hatip kursları (1949-1951)
1930-1948 yılları arasında din eğitimi, Diyanet İşleri Başkanlığı bünyesinde açılan Kur'an kurslarında verilmiştir.[8] Kur'an kurslarının “aydın din adamı” yetiştirmede yetersiz kaldığı bir raporla belirtilince,[8] 1949 yılında, Millî Eğitim Bakanlığı'na bağlı “imam hat
Cevap: İmam Hatip Mektepleri, 1930 yılında öğrenci yokluğu nedeniyle kapatılmıştır.",0,6,İHL'ler hangi dönemde kapatılmış ve neden?,"İmam Hatip Mektepleri, 1930 yılında öğrenci yokluğu nedeniyle kapatılmıştır.",0,0,Qwen2.5-1.5B-Instruct,v3
"Soru: Haritalar, coğrafi bilgiye erişimi nasıl kolaylaştırır?
Bağlam: Harita Nedir?
Yeryüzünün tamamının ya da bir bölümünün kuş bakışı görünüşünün belli bir oranda küçültülerek düzlem üzerine aktarılmasına harita denir. Harita bilimine kartografya adı verilir.
Haritalar, coğrafyanın temel ilkelerinden olan dağılış ilkesinin sonucunda daha da önem kazanmıştır. Haritalar; yaşadığımız bölgeyi, farklı yöreleri, ülkeleri ve dünyayı tanımamıza ve bu yerler hakkında bilgi edinmemize imkân tanıyan en temel araçlardandır. Hayatımızda hemen hemen her konuda haritalardan yararlanmak mümkündür. Örneğin hastalıkların dağılışında, yol, köprü ve tünel yapımında, saldırı ve tehditlerin önlenmesine yönelik tedbirlerin alınmasında, nüfus ve göç hareketlerinin etkilerinin araştırılmasında haritalardan yararlanılabilmektedir. Bunun yanında hava durumu hakkında bilgi veren meteoroloji haritaları günlük yaşantımızı düzenlememize yardımcı olur. Yolculuklarda yanımızda bulunan ulaşım haritaları bize büyük kolaylık sağlar. Bir ülke ya da bölgeye yapacağımız gezilerde yanımızda bir gezi haritasının bulunması, o ülke ya da bölgenin turistik yerlerini rehber olmaksızın gezebilmemize imkân sağlar. Kısacası haritalar, yaşamın her alanında bizlere yardımcı olmaktadır.

Bir çizimin harita olarak değerlendirilebilmesi için,
• Kuşbakışı çizilmesi
• Ölçeğinin bulunması
• Düzlem üzerine aktarılmış olması gerekmektedir.
Haritada bulunması gerekenler unsurlar ise;
• Konu ile ilişkili sade bir başlık
• Ölçek
• Coğrafi koordinatlar
• Yön oku
• Açıklamalar (lejant) dır.

* Başlık: Haritanın kullanım amacını belirtmeli, haritayı tanıtmaya yeterli, açık ve kısa olmalıdır.
* Ölçek: Haritanın kullanım amacına göre belirlenmelidir.
* Coğrafi Koordinatlar: Haritası yapılacak alanın öncelikle enlem ve boylamları belirlenir. Çünkü haritanın ölçeği, bu alanın genişliğine ve kullanım amacına göre belirlenir.
* Yön Oku: Haritalarda yönün belirlenebilmesi için kullanılır. (Coğrafi koordinatların olduğu haritalarda yön oku kullanılmayabilir.)
* Lejant: Haritada kullanılan özel işaretlerin ne anlama geldiğini gösteren bölümdür. Her haritanın kullanım amacına göre farklı işaretler kullanılır.
Cevap: Haritalar, coğrafi bilgileri görsel bir şekilde sunar ve bu bilgileri kolayca anlamamızı ve hatırlamamızı sağlar. Haritalar, karmaşık coğrafi verileri basit ve anlaşılır bir şekilde göstererek, insanların coğrafi bilgiler hakkında daha hızlı ve etkili bir şekilde bilgi edinmelerini sağlar. Ayrıca, haritalar, farklı yerler arasındaki ilişkileri ve örüntüleri görselleştirerek, coğrafi bilgilerin daha iyi anlaşılmasını ve hatırlanmasını sağlar.",1,9,"Haritalar, coğrafi bilgiye erişimi nasıl kolaylaştırır?","Haritalar, coğrafi bilgileri görsel bir şekilde sunar ve bu bilgileri kolayca anlamamızı ve hatırlamamızı sağlar. Haritalar, karmaşık coğrafi verileri basit ve anlaşılır bir şekilde göstererek, insanların coğrafi bilgiler hakkında daha hızlı ve etkili bir şekilde bilgi edinmelerini sağlar. Ayrıca, haritalar, farklı yerler arasındaki ilişkileri ve örüntüleri görselleştirerek, coğrafi bilgilerin daha iyi anlaşılmasını ve hatırlanmasını sağlar.",1,1,Qwen2.5-1.5B-Instruct,v3
"Soru: İletişim Becerisi neyi ifade eder?
Bağlam: Sosyal-Duygusal Öğrenme Becerileri
Eğitimin insanları karşılaştıkları zorluklarla baş edebilecek şekilde yetiştirmesinin yanı sıra geleceğin hayat koşullarına da hazırlaması gerektiği bilinmektedir. Geçmişin “öğrenen insan” modeli bugünün dünyasında “öğrenmeyi öğrenen,  sorgulayan, yeni durumlara kolaylıkla uyum sağlayan, sadece bilişsel değil sosyal ve duygusal yönden de gelişen insan” profiline karşılık gelmektedir. Bu nedenle sosyal-duygusal öğrenme becerileri, öğrencilerin okul içi ve okul dışı  hayatlarında başarılı olmaları için onları destekleyecek bir yeterlik kümesi olarak ele alınmaktadır. Nitekim “sosyal-duygusal öğrenme becerileri"" kavramında geçen “öğrenme” kelimesi, becerilerin öğrenme yaşantıları sonucunda geliştiğini  göstermektedir. Bu bakış açısıyla oluşturulan Türkiye Yüzyılı Maarif Modeli’nde sosyal-duygusal öğrenme becerileri, ayrı bir içerik veya öğrenme çıktısı olarak değil öğretim programlarının tamamına nüfuz eden ve bu yönüyle öğretim programında yer alan diğer becerilerin gelişimini destekleyen bir beceri seti olarak işlev görmektedir.

Türkiye Yüzyılı Maarif Modeli sosyal-duygusal öğrenme becerilerini alan becerileri ve kavramsal beceriler ile harmanlayarak kazandırmayı amaçlayan ve öğrencilerin öğrenme çıktısına ulaşmasını sağlarken sosyal-duygusal yönden de  gelişimini destekleyen bir yapıdadır. Bu yapı, aynı zamanda dinamik niteliğiyle öğrencilerin bireysel farklılıklarına, okul ve çevrenin koşullarına, zamanın ruhuna ve geleceğin beklentilerine uyarlanabilir özelliktedir. Sosyal-duygusal  öğrenme becerileri, sürdürülebilir olması için tüm eğitim kademelerinde sarmal bir yapıda geliştirilmektedir. Nitekim bu beceriler yaşantılar yoluyla öğrenilebilir, öğretilebilir, gelişebilir ve değişebilir yapıdadır. Sosyal-duygusal öğrenme  becerilerinin bu yapısı, modelde yer alan gelişim sürecinin tamamlayıcı ve bütüncül yönünü yansıtmaktadır. Sosyal duygusal öğrenme becerilerini geliştirmeye yönelik öğretim uygulamaları; öğretmenleri, öğrencileri, okul yöneticilerini,  velileri ve diğer paydaşları kapsayacak şekilde planlanmalıdır. Bir sistemin düzenli ve verimli işlemesi için sistemde yer alan bütün unsurların uyum içerisinde olması önemlidir. Süreçteki tüm paydaşların sosyal-duygusal öğrenme  becerilerine sahip olmalarının yanı sıra davranışlarıyla rol modeli olarak görülmeleri ve bütüncül öğretim programlarının uygulanmasında diğer paydaşlarla dayanışma içinde bulunmaları gerekmektedir.
Türkiye Yüzyılı Maarif Modeli'nin doğasına
Cevap: İletişim Becerisi, bireyin düşüncelerini, duygularını ve bilgilerini etkili bir şekilde başkalarına iletmesini ve başkalarının mesajlarını anlayabilmesini sağlayan bir yetenektir. Bu beceri, bireyin sözlü ve sözsüz iletişim becerilerini kullanmasını, aktif dinleme becerilerini geliştirmesini, empati yapmasını ve başkalarının bakış açılarını anlamasını sağlar. İyi iletişim becerilerine sahip bireyler, sağlıklı ilişkiler kurar, anlaşmazlıkları çözer, iş birliği yapar ve toplumsal hayata olumlu katkılar sağlar.",1,9,İletişim Becerisi neyi ifade eder?,"İletişim Becerisi, bireyin düşüncelerini, duygularını ve bilgilerini etkili bir şekilde başkalarına iletmesini ve başkalarının mesajlarını anlayabilmesini sağlayan bir yetenektir. Bu beceri, bireyin sözlü ve sözsüz iletişim becerilerini kullanmasını, aktif dinleme becerilerini geliştirmesini, empati yapmasını ve başkalarının bakış açılarını anlamasını sağlar. İyi iletişim becerilerine sahip bireyler, sağlıklı ilişkiler kurar, anlaşmazlıkları çözer, iş birliği yapar ve toplumsal hayata olumlu katkılar sağlar.",0,0,Qwen2.5-1.5B-Instruct,v3
